seed,iteration,original_macro_f1,no_number_macro_f1,delta
42,0,0.7295696466206588,0.7182580319924305,-0.011311614628228273
42,1,0.7130668686811077,0.7078569841888769,-0.00520988449223081
42,2,0.7267780263157498,0.7122013403788197,-0.014576685936930178
42,3,0.7070683743124664,0.698810584099485,-0.008257790212981342
42,4,0.7184028663810986,0.7037984460993353,-0.014604420281763342
42,5,0.7220168502936761,0.7073400893377798,-0.014676760955896317
42,6,0.6934600818504082,0.6999161607115895,0.006456078861181269
42,7,0.7087994060013489,0.7056111770627815,-0.0031882289385674056
42,8,0.70898389703669,0.6988972039461354,-0.010086693090554544
42,9,0.7071673592362396,0.7058743395169479,-0.0012930197192917436
42,10,0.7115859076065616,0.7097914809479067,-0.001794426658654924
42,11,0.7098811457153338,0.6981115031728996,-0.011769642542434178
42,12,0.7024327528107904,0.6957505408978841,-0.0066822119129063
42,13,0.7048020777233852,0.7098645022566513,0.005062424533266108
42,14,0.7230183880076582,0.7171672450631067,-0.0058511429445514684
42,15,0.7350134469626896,0.7221055500372207,-0.012907896925468898
42,16,0.7002743381508444,0.7033503779169933,0.003076039766148897
42,17,0.7182362637679061,0.7157038194880188,-0.0025324442798873026
42,18,0.7164842599860646,0.7112865077803193,-0.005197752205745254
42,19,0.718840426929485,0.7078737450635879,-0.01096668186589711
42,20,0.709010870074822,0.7025337636981771,-0.006477106376644892
42,21,0.7117158417674483,0.702294981098352,-0.00942086066909631
42,22,0.7150625078993271,0.7087251245482517,-0.006337383351075476
42,23,0.7199949684549942,0.709784523340069,-0.010210445114925193
42,24,0.7225654260164123,0.7202839548298027,-0.002281471186609596
42,25,0.7106511622792836,0.7048253544120286,-0.005825807867254951
42,26,0.7057123891607398,0.7007487354603232,-0.004963653700416515
42,27,0.7151987710183311,0.7097880984378209,-0.005410672580510201
42,28,0.7083166143862595,0.7068692140950459,-0.0014474002912135964
42,29,0.7046179044358164,0.697974837921119,-0.006643066514697371
42,30,0.7107731632201152,0.7156136010383117,0.004840437818196541
42,31,0.7105940901519954,0.7042366821931093,-0.006357407958886063
42,32,0.7200142208577394,0.7070145631772744,-0.01299965768046496
42,33,0.7137982727435368,0.7126572820668475,-0.0011409906766892686
42,34,0.714277549943068,0.710244278568174,-0.004033271374894065
42,35,0.7118965355522628,0.7068611426346121,-0.005035392917650761
42,36,0.7155097625852687,0.7061326493300412,-0.009377113255227498
42,37,0.7110503332059377,0.7088361011086941,-0.0022142320972435847
42,38,0.7086563173546193,0.7078188737053213,-0.000837443649298053
42,39,0.7206085525733084,0.7146522996507487,-0.005956252922559635
42,40,0.7097952575564888,0.7070972699615243,-0.002697987594964424
42,41,0.7003814831039258,0.7023279671596028,0.0019464840556769891
42,42,0.713935163559031,0.6969755172758236,-0.01695964628320734
42,43,0.7104110147760252,0.7029856283975191,-0.007425386378506094
42,44,0.7056179012040786,0.701901500865372,-0.0037164003387066824
42,45,0.7164206305841921,0.7035243631871615,-0.012896267397030647
42,46,0.7197495061463168,0.7099299181582006,-0.009819587988116218
42,47,0.6996489286161858,0.6917763894785494,-0.007872539137636414
42,48,0.7183851341827604,0.7082732299778269,-0.010111904204933464
42,49,0.7175891703680496,0.7066180545407341,-0.01097111582731547
42,50,0.7165964781158509,0.6984808803122124,-0.018115597803638472
42,51,0.7117035605025888,0.7034329957115435,-0.008270564791045265
42,52,0.7029585450229685,0.697624846042535,-0.0053336989804334545
42,53,0.7098274535690994,0.7011104819188738,-0.008716971650225558
42,54,0.712742565557162,0.7099812336995652,-0.0027613318575967494
42,55,0.7063868970966929,0.7046529520721552,-0.0017339450245377197
42,56,0.7114951297797389,0.7056829906576265,-0.005812139122112425
42,57,0.7049696396965652,0.700807920777087,-0.004161718919478252
42,58,0.7147399951194209,0.6981411526749672,-0.016598842444453643
42,59,0.7143927276730628,0.707562901294159,-0.006829826378903836
42,60,0.7148340105647553,0.7106975602492257,-0.004136450315529561
42,61,0.7125300041622965,0.6980830637456594,-0.014446940416637077
42,62,0.7034155303854066,0.6972521467108905,-0.006163383674516076
42,63,0.716731858930385,0.717482497160318,0.0007506382299329317
42,64,0.7157845094036615,0.7032931766246229,-0.012491332779038578
42,65,0.700377935554091,0.6923741211534038,-0.008003814400687204
42,66,0.710236838049406,0.7136780734069343,0.0034412353575283827
42,67,0.7191761122445282,0.7095140095884434,-0.009662102656084803
42,68,0.7127396156071726,0.7048086450336728,-0.007930970573499785
42,69,0.7083535277320603,0.7087416489607296,0.00038812122866926924
42,70,0.7154085556570751,0.7113510504328553,-0.004057505224219771
42,71,0.7085528586649722,0.7032755082216955,-0.005277350443276707
42,72,0.7117456636003573,0.710546299187399,-0.0011993644129583148
42,73,0.7149518160793139,0.7054777137668679,-0.009474102312446053
42,74,0.715178818562148,0.7132514656555471,-0.0019273529066009543
42,75,0.7249770305079475,0.7110556918479869,-0.013921338659960591
42,76,0.7171709327637241,0.7105022556484224,-0.006668677115301724
42,77,0.7239616244583191,0.7164393043649063,-0.007522320093412804
42,78,0.7215501828509401,0.7103543998126728,-0.011195783038267293
42,79,0.7240766605475445,0.729242104730264,0.00516544418271947
42,80,0.7113719291338063,0.7030286210092862,-0.00834330812452011
42,81,0.7225661917474058,0.7152837624174443,-0.007282429329961482
42,82,0.7181723166807163,0.7074672082241062,-0.010705108456610102
42,83,0.70996424425612,0.7025917974760687,-0.007372446780051334
42,84,0.7291518337707192,0.7273146051443695,-0.0018372286263497184
42,85,0.7104776308948719,0.7038557336786511,-0.006621897216220862
42,86,0.7226983413403694,0.7045971951990222,-0.01810114614134717
42,87,0.715403735116342,0.7059325600516977,-0.009471175064644344
42,88,0.7136906290403378,0.6991616274179212,-0.014529001622416549
42,89,0.7089721258299924,0.6958324337506208,-0.013139692079371601
42,90,0.720973629087323,0.7169673998267609,-0.004006229260562044
42,91,0.7272787993247863,0.7226228013514868,-0.004655997973299519
42,92,0.7117169116770443,0.7201324362401633,0.008415524563119003
42,93,0.7072652988034895,0.7008135567915281,-0.006451742011961414
42,94,0.7230277500168965,0.7183263665575129,-0.004701383459383535
42,95,0.7074178338729133,0.7037452598438512,-0.003672574029062181
42,96,0.7191474889312265,0.7038976696122865,-0.015249819318939983
42,97,0.7075775700189224,0.7150623297086669,0.007484759689744491
42,98,0.714214041265073,0.7031521263815215,-0.011061914883551571
42,99,0.7129037503766755,0.7083545825293338,-0.004549167847341717
42,100,0.7077139849148224,0.6970485195776901,-0.010665465337132307
42,101,0.7201188383827799,0.7170326821070969,-0.003086156275682983
42,102,0.7145446654426642,0.7068820351877791,-0.007662630254885006
42,103,0.7141559758199223,0.7014861529093861,-0.0126698229105362
42,104,0.7190659930056746,0.7161618364260163,-0.002904156579658368
42,105,0.7080284809737077,0.7018776905228536,-0.006150790450854093
42,106,0.7022317755494856,0.6999575703228612,-0.0022742052266243595
42,107,0.7139896115850928,0.7105272754327518,-0.003462336152340928
42,108,0.7070911635061194,0.7035394897956366,-0.0035516737104828167
42,109,0.711451989235377,0.7055876672044563,-0.005864322030920688
42,110,0.7132570261693324,0.7003093823728572,-0.012947643796475172
42,111,0.7115862704365913,0.70058248998519,-0.011003780451401268
42,112,0.7122064416682441,0.7083377754404303,-0.0038686662278137884
42,113,0.7091904126087245,0.699473103277359,-0.009717309331365498
42,114,0.7004142574427301,0.7059682057120968,0.005553948269366726
42,115,0.7116685833480547,0.7102579855975302,-0.0014105977505245448
42,116,0.7260028901812251,0.7236543819457825,-0.0023485082354426368
42,117,0.7059966176784171,0.7039021678849064,-0.0020944497935107
42,118,0.7245079515216486,0.7160411341763488,-0.008466817345299749
42,119,0.7204226234975574,0.704716153414839,-0.015706470082718416
42,120,0.7081739767298354,0.7085408031490559,0.00036682641922047843
42,121,0.7109097318470092,0.7095578357986272,-0.0013518960483820397
42,122,0.7108995171688838,0.702726989920324,-0.008172527248559769
42,123,0.7102687524842599,0.7028674744467944,-0.007401278037465486
42,124,0.7157743656286454,0.702933154654923,-0.012841210973722372
42,125,0.7069062829695807,0.7031863418323023,-0.0037199411372783597
42,126,0.7057337975452851,0.7053543412615771,-0.00037945628370794626
42,127,0.7096586006485825,0.7135005557955072,0.003841955146924647
42,128,0.7122577846738682,0.7039455217532011,-0.008312262920667113
42,129,0.7284505296843578,0.7224384731495905,-0.006012056534767218
42,130,0.7169210223394253,0.7054774375786357,-0.01144358476078966
42,131,0.707571526923132,0.704977924317679,-0.002593602605452938
42,132,0.710150868378582,0.701954857610053,-0.008196010768528939
42,133,0.7123354686674382,0.708369350210255,-0.003966118457183199
42,134,0.7153410972010581,0.7074877869708271,-0.007853310230230948
42,135,0.706474222939339,0.7038256071814737,-0.002648615757865347
42,136,0.7024116797765259,0.6911285208117603,-0.011283158964765505
42,137,0.7179651884255955,0.7130202455844381,-0.004944942841157429
42,138,0.7174114603850124,0.7073065546266359,-0.010104905758376415
42,139,0.7145802506985988,0.7007641402711596,-0.013816110427439132
42,140,0.7069084012732263,0.7017883457114419,-0.005120055561784409
42,141,0.7091351781610649,0.7023618165360578,-0.006773361625007079
42,142,0.7178673587724123,0.7125054327454203,-0.0053619260269919256
42,143,0.7012091507373037,0.6927066841841223,-0.008502466553181431
42,144,0.7106802266356971,0.700919997369386,-0.009760229266311038
42,145,0.7099668782588033,0.6974600241636533,-0.012506854095150066
42,146,0.7150656049727651,0.7084600676442012,-0.0066055373285638375
42,147,0.7146493869912773,0.7041170751750985,-0.010532311816178863
42,148,0.7081636279172769,0.7079539730758841,-0.00020965484139279233
42,149,0.7030958930189511,0.6977214739464621,-0.005374419072489034
42,150,0.7131956869366778,0.707276390538566,-0.00591929639811184
42,151,0.7193733343653566,0.704361924289894,-0.015011410075462583
42,152,0.714504043222215,0.7038597779527469,-0.010644265269468045
42,153,0.6988584221972785,0.6984978818004342,-0.00036054039684429995
42,154,0.7172487726835702,0.7047473452566684,-0.012501427426901857
42,155,0.7124043059939339,0.7096727976814232,-0.0027315083125106776
42,156,0.6959681594190668,0.6961880059461474,0.0002198465270806249
42,157,0.6991744352762428,0.6906731710455797,-0.008501264230663108
42,158,0.7245672153497664,0.7164164499276805,-0.008150765422085926
42,159,0.7213092962910648,0.7139510063646609,-0.00735828992640386
42,160,0.7203209108707443,0.7114211118286395,-0.008899799042104806
42,161,0.7136736950459546,0.6999370481660139,-0.013736646879940695
42,162,0.7199862444133551,0.7206470465904641,0.0006608021771089545
42,163,0.729768055237599,0.7191764561232954,-0.01059159911430363
42,164,0.7049777600167032,0.7078678346171693,0.002890074600466086
42,165,0.7134337730304885,0.7047180161570639,-0.00871575687342463
42,166,0.710855442322098,0.6961874251327993,-0.014668017189298665
42,167,0.7090577344340785,0.6965614539780653,-0.012496280456013142
42,168,0.7116742841350363,0.7030996383595579,-0.008574645775478396
42,169,0.7029163980725772,0.6951024752043031,-0.007813922868274092
42,170,0.7110019957254523,0.709214231017365,-0.0017877647080872805
42,171,0.7210658282934348,0.7164861873873267,-0.004579640906108073
42,172,0.7037499366364686,0.7025457508423549,-0.0012041857941136325
42,173,0.7127714345827787,0.7122232958002243,-0.0005481387825544415
42,174,0.703400165060267,0.7019152003968291,-0.0014849646634379488
42,175,0.723300902127679,0.7120222108707925,-0.011278691256886408
42,176,0.7209759868426184,0.7019699349555142,-0.019006051887104247
42,177,0.7255510921223653,0.7099515315633431,-0.01559956055902223
42,178,0.7052961842123062,0.6961499655078487,-0.009146218704457532
42,179,0.7122425994802084,0.7113935270148704,-0.0008490724653380521
42,180,0.7071745146609395,0.7015429968679687,-0.005631517792970775
42,181,0.7203530805162314,0.7111714459338385,-0.00918163458239285
42,182,0.713456670529045,0.7079743757366105,-0.005482294792434561
42,183,0.7266475767290748,0.7314170591756417,0.004769482446566942
42,184,0.7283368359199134,0.7152824128965495,-0.013054423023363904
42,185,0.7120303232072116,0.7034900971149838,-0.00854022609222782
42,186,0.7033896060526097,0.7066279081314406,0.0032383020788309125
42,187,0.7107596607460441,0.705431525189383,-0.005328135556661118
42,188,0.7205216921837654,0.7087907913464372,-0.011730900837328195
42,189,0.7126947168500577,0.708817604432721,-0.003877112417336681
42,190,0.7060657773130218,0.7009998857840185,-0.005065891529003275
42,191,0.7095974531348972,0.7033423392078277,-0.006255113927069456
42,192,0.706243757412083,0.7061434606707153,-0.00010029674136768918
42,193,0.7202221272701946,0.7155204233440475,-0.004701703926147105
42,194,0.7286285621105968,0.7129020518083612,-0.015726510302235597
42,195,0.7091800293444399,0.7044709408396819,-0.004709088504758041
42,196,0.7099704851073465,0.7084573101981422,-0.001513174909204329
42,197,0.706557895125187,0.7034812471390961,-0.0030766479860908635
42,198,0.7040486484962055,0.6984715392894686,-0.00557710920673693
42,199,0.6975134477457878,0.6882866281989731,-0.009226819546814702
42,200,0.7056535593300293,0.6991000781212441,-0.0065534812087851835
42,201,0.7131889733556016,0.7081437664264676,-0.005045206929134016
42,202,0.7206734502765109,0.7116937034897508,-0.008979746786760057
42,203,0.7166718133146449,0.7118367394068323,-0.00483507390781257
42,204,0.707378701246736,0.7051610192102746,-0.0022176820364613326
42,205,0.7164182307141187,0.7160899173840312,-0.0003283133300875374
42,206,0.7059834340658725,0.6998373660853688,-0.0061460679805036555
42,207,0.7086041566465207,0.7051225474796187,-0.003481609166901989
42,208,0.7094513168271155,0.7027603320785494,-0.006690984748566109
42,209,0.7179626535918813,0.7155053059344421,-0.002457347657439213
42,210,0.7212847892840506,0.7079321970555807,-0.01335259222846985
42,211,0.707347623177423,0.6981944125145195,-0.009153210662903422
42,212,0.7166778875364577,0.7098291430830647,-0.0068487444533930075
42,213,0.7130264272236169,0.7129102265184561,-0.00011620070516071834
42,214,0.7127101010722054,0.7030237512979509,-0.009686349774254532
42,215,0.7072811566080671,0.6958086691224745,-0.011472487485592597
42,216,0.7028141016455569,0.7012604324165483,-0.0015536692290085696
42,217,0.7348474903742974,0.7194132661519134,-0.015434224222384052
42,218,0.7012458821671538,0.6920305751328644,-0.00921530703428941
42,219,0.7099687954022347,0.7026466816733437,-0.007322113728891022
42,220,0.7087619505106433,0.7039924169517056,-0.004769533558937722
42,221,0.7141659097037831,0.7059453238059306,-0.008220585897852573
42,222,0.7128603776880686,0.7029813980183515,-0.00987897966971718
42,223,0.7142094260186017,0.7138678781346659,-0.00034154788393581104
42,224,0.7245097794765616,0.7199805382331649,-0.004529241243396709
42,225,0.7011793936241218,0.6995442898502676,-0.0016351037738542296
42,226,0.7077074482438913,0.6999546208686789,-0.007752827375212434
42,227,0.7063915743112803,0.6916326642206461,-0.014758910090634236
42,228,0.7094118346500138,0.7094518148467457,3.998019673190356e-05
42,229,0.7099082937864436,0.6984006957186539,-0.01150759806778967
42,230,0.7039363216348631,0.6993338627018892,-0.004602458932973841
42,231,0.7166448930283105,0.7085679709264038,-0.008076922101906692
42,232,0.7258973338856163,0.7128355644235675,-0.013061769462048733
42,233,0.7140741019203133,0.7052516104136269,-0.008822491506686347
42,234,0.7186211066961407,0.7046946423544692,-0.01392646434167144
42,235,0.7200912957695204,0.7058299333992002,-0.014261362370320163
42,236,0.7184561939654728,0.7118910730295329,-0.006565120935939861
42,237,0.714164167392347,0.7011777198146195,-0.012986447577727489
42,238,0.7172530013436826,0.7101583360209058,-0.007094665322776805
42,239,0.7134164897070154,0.7043074082091059,-0.009109081497909566
42,240,0.7149460114493834,0.7090396117737714,-0.005906399675612017
42,241,0.7078453997976069,0.6908820480858298,-0.016963351711777097
42,242,0.7070225251110498,0.7015462885537218,-0.005476236557327985
42,243,0.7212913674951411,0.7195332936015082,-0.0017580738936329166
42,244,0.7231984045971404,0.7146374206496375,-0.00856098394750282
42,245,0.7188651795578127,0.7121007685608323,-0.006764410996980441
42,246,0.7097055500752082,0.7107428724240051,0.001037322348796943
42,247,0.714048359264867,0.7025196013118975,-0.011528757952969482
42,248,0.7065568631292038,0.701575166568612,-0.004981696560591886
42,249,0.7138649051454617,0.7094490717243804,-0.004415833421081317
42,250,0.7142920326971923,0.7086726656072431,-0.0056193670899492565
42,251,0.722270729281193,0.70795333718335,-0.014317392097842996
42,252,0.7223744247348647,0.7114302029899207,-0.010944221744944027
42,253,0.7176728019813207,0.7096309171801538,-0.008041884801166854
42,254,0.7176821341263869,0.704979427984355,-0.01270270614203195
42,255,0.7007340568726831,0.7036567649373103,0.002922708064627244
42,256,0.7144556400541193,0.7120125750419622,-0.002443065012157075
42,257,0.7100655893993953,0.7057366499216393,-0.004328939477756033
42,258,0.6974595010465016,0.6891058890978606,-0.008353611948640927
42,259,0.721450081717323,0.7045066782039979,-0.016943403513325128
42,260,0.7209470893975628,0.7017868587686764,-0.019160230628886388
42,261,0.7095839141995057,0.7111811278128541,0.0015972136133484138
42,262,0.7148072239234422,0.7097681390007902,-0.005039084922652037
42,263,0.7186936899396964,0.7102160832354472,-0.008477606704249241
42,264,0.7125003685704251,0.7100338726835436,-0.0024664958868815257
42,265,0.7168577254245516,0.7102459713784194,-0.006611754046132234
42,266,0.7254999446036883,0.7147032663707276,-0.01079667823296071
42,267,0.712026069767746,0.6966747193743182,-0.01535135039342772
42,268,0.7141674363475893,0.7068248431483818,-0.007342593199207492
42,269,0.7311675876949414,0.7129171078678238,-0.018250479827117583
42,270,0.7043111811070756,0.7021147892568049,-0.0021963918502706514
42,271,0.7244588972587898,0.717908391754098,-0.006550505504691717
42,272,0.7185226467925381,0.7052855310235461,-0.013237115768992003
42,273,0.7111824058261673,0.7064796963023943,-0.004702709523773052
42,274,0.7083367948389028,0.7105851627917239,0.0022483679528211287
42,275,0.7204198652935965,0.7165135285932527,-0.003906336700343793
42,276,0.7206005208493128,0.7252791487833821,0.004678627934069257
42,277,0.7257171745660589,0.7122527239656379,-0.013464450600421007
42,278,0.7199947479995803,0.72402440910729,0.004029661107709748
42,279,0.7104812395003934,0.704724470624629,-0.005756768875764484
42,280,0.7064912234598453,0.7029825808835088,-0.0035086425763364293
42,281,0.7092190464661141,0.7136715940082949,0.004452547542180829
42,282,0.7035116099118328,0.7053538925209266,0.0018422826090938038
42,283,0.7097523557336592,0.701491721617638,-0.008260634116021293
42,284,0.7137828817098304,0.7147430153033645,0.0009601335935340849
42,285,0.7075781788830819,0.7070920645855114,-0.0004861142975705057
42,286,0.7312218702043004,0.7258152344225837,-0.00540663578171674
42,287,0.7144067303385393,0.7213145065402258,0.0069077762016864774
42,288,0.7149920531275619,0.7174296629794592,0.0024376098518973377
42,289,0.7069253531902923,0.6953743924272905,-0.011550960763001772
42,290,0.707059469785618,0.7038860518383769,-0.0031734179472410196
42,291,0.7083192982720499,0.6948358098167979,-0.013483488455251935
42,292,0.721112879257598,0.7081117776217383,-0.013001101635859769
42,293,0.7087571571318443,0.7028279468737416,-0.0059292102581026684
42,294,0.7204654240612234,0.7173556715752314,-0.00310975248599199
42,295,0.7135163338461261,0.7021791757012328,-0.011337158144893333
42,296,0.7269857875021781,0.7248522711956518,-0.002133516306526362
42,297,0.7049413877760015,0.6992919061370628,-0.005649481638938636
42,298,0.7227243981990057,0.7147732773143081,-0.007951120884697627
42,299,0.7214787152423803,0.7101136263916095,-0.01136508885077081
42,300,0.7176436986247694,0.7159002953733392,-0.0017434032514301867
42,301,0.7202039628574564,0.7153976486202702,-0.004806314237186138
42,302,0.710096864238525,0.7098224355159504,-0.00027442872257466
42,303,0.714283180097872,0.7113025372420929,-0.0029806428557790365
42,304,0.7090263356308267,0.6951915682853924,-0.013834767345434318
42,305,0.7120904443075187,0.7111575108225483,-0.0009329334849703663
42,306,0.7077785574767926,0.7014112439381688,-0.006367313538623853
42,307,0.7078094629060782,0.7032120711442653,-0.004597391761812841
42,308,0.713345670391185,0.7067964870814349,-0.006549183309750073
42,309,0.7298281572730003,0.7210513090513928,-0.008776848221607514
42,310,0.7094532904019684,0.7051247340248612,-0.004328556377107162
42,311,0.712441713087814,0.7176756351877722,0.00523392209995821
42,312,0.7062952587043528,0.7058971873285507,-0.000398071375802167
42,313,0.724242569719846,0.7130838820887926,-0.011158687631053432
42,314,0.7124133285680624,0.7084854150408586,-0.003927913527203786
42,315,0.7218774156053439,0.7174843203631145,-0.004393095242229417
42,316,0.7216944689223592,0.716644195558205,-0.005050273364154201
42,317,0.7183477737298039,0.7070085040086145,-0.011339269721189371
42,318,0.7165281747311251,0.712306529230638,-0.004221645500487092
42,319,0.7090660940441461,0.7205410138484656,0.011474919804319472
42,320,0.7113234273002919,0.7062809187156116,-0.00504250858468025
42,321,0.7242738921458978,0.7131777580712414,-0.011096134074656372
42,322,0.7042653849407181,0.7041126409028792,-0.00015274403783893664
42,323,0.7115318244285513,0.7043054675268836,-0.00722635690166773
42,324,0.70786776686464,0.710646816402067,0.002779049537426914
42,325,0.7166640049695236,0.710509615814322,-0.006154389155201612
42,326,0.7234110652393022,0.707680648968579,-0.015730416270723246
42,327,0.7099384278420379,0.7056941010770647,-0.004244326764973216
42,328,0.7160612558796402,0.7043489696458934,-0.01171228623374676
42,329,0.7024578313767861,0.6901808366601242,-0.012276994716661882
42,330,0.7139062626542959,0.6989580908445541,-0.01494817180974184
42,331,0.7171620432465657,0.709735994551956,-0.0074260486946097215
42,332,0.728320865619576,0.7154259636751432,-0.012894901944432768
42,333,0.7177584477565966,0.7112135565369679,-0.006544891219628646
42,334,0.7010576654778755,0.6975555488233551,-0.003502116654520382
42,335,0.708368247146925,0.7050378814753101,-0.003330365671614932
42,336,0.7110924393935828,0.7017136301924431,-0.009378809201139648
42,337,0.7125576172556733,0.7066610067728989,-0.005896610482774456
42,338,0.7151214305655751,0.7186099301988575,0.0034884996332824603
42,339,0.7160202589724132,0.7017612083998644,-0.014259050572548726
42,340,0.7119102275737508,0.7054252030472672,-0.006485024526483585
42,341,0.7210584425888842,0.70726048938159,-0.013797953207294156
42,342,0.7052540009778592,0.6896640774431577,-0.015589923534701455
42,343,0.7111347712626048,0.6998040986121433,-0.011330672650461504
42,344,0.710538643886458,0.7062073382330978,-0.004331305653360262
42,345,0.7127106564799958,0.7045904221784736,-0.0081202343015222
42,346,0.7178956311672947,0.7177868772001138,-0.0001087539671809079
42,347,0.7211428295443683,0.715748412243207,-0.005394417301161303
42,348,0.7097920501632851,0.7066342956472336,-0.003157754516051492
42,349,0.7212362057398155,0.7077308556288555,-0.01350535011095999
42,350,0.7167568154149444,0.7095849618193744,-0.0071718535955700435
42,351,0.6996074440057887,0.6919254742107886,-0.007681969795000021
42,352,0.7196892594573798,0.7169639720081281,-0.002725287449251712
42,353,0.7175135801878704,0.7051756320086671,-0.012337948179203306
42,354,0.7196657235024898,0.708840870954775,-0.010824852547714814
42,355,0.7094457837482779,0.6949854087988021,-0.01446037494947583
42,356,0.7104403945880131,0.6963946092028139,-0.014045785385199183
42,357,0.7056006862864539,0.6962616721181271,-0.009339014168326831
42,358,0.7108388605791262,0.7104941947146746,-0.00034466586445158764
42,359,0.7201494927578485,0.7164844218444242,-0.003665070913424273
42,360,0.7013201119893682,0.7011214692347049,-0.00019864275466330295
42,361,0.7250252300583523,0.7017256343639507,-0.023299595694401543
42,362,0.7037390025479888,0.7048984690103086,0.0011594664623197914
42,363,0.717791404791584,0.7218497422505299,0.004058337458945904
42,364,0.7119568994252216,0.7072314470929053,-0.004725452332316249
42,365,0.7156223252310422,0.7057152220168755,-0.009907103214166657
42,366,0.7171475480193289,0.7005751967595201,-0.016572351259808826
42,367,0.7068434579440759,0.7017737662330448,-0.00506969171103111
42,368,0.7230876075368352,0.7232866685931758,0.00019906105634059923
42,369,0.707993761054838,0.7048854432419431,-0.0031083178128948896
42,370,0.7322917096025818,0.7300824279929217,-0.002209281609660163
42,371,0.6909687749823525,0.6803203959140928,-0.010648379068259772
42,372,0.7051628352146766,0.6948681518184336,-0.010294683396242954
42,373,0.721464723441282,0.702280385899262,-0.01918433754201998
42,374,0.7088096042481677,0.703705250774205,-0.005104353473962764
42,375,0.7080839372945767,0.7021911325607997,-0.005892804733777068
42,376,0.7133462755402904,0.7142278580833165,0.0008815825430260604
42,377,0.7120901564217536,0.716891807345065,0.004801650923311418
42,378,0.7096173546530775,0.7065620617511865,-0.0030552929018909936
42,379,0.7160383757014628,0.7221784070322695,0.006140031330806761
42,380,0.7253925891118073,0.7093524231765309,-0.01604016593527635
42,381,0.7114553422203725,0.6987477799652109,-0.012707562255161675
42,382,0.711707752643998,0.7118185582474273,0.00011080560342935364
42,383,0.7059804844605299,0.7023056633032385,-0.0036748211572913414
42,384,0.7204629741335429,0.7146095307171377,-0.005853443416405146
42,385,0.7086304554227567,0.7016687811179003,-0.006961674304856391
42,386,0.7194710715602659,0.7091215010285346,-0.010349570531731356
42,387,0.7094538158322985,0.7102617647802374,0.0008079489479388968
42,388,0.7144319540884763,0.7108525908018968,-0.0035793632865794844
42,389,0.7155372649204326,0.7160006933599408,0.00046342843950819557
42,390,0.6935393359691027,0.6919504271788758,-0.001588908790226884
42,391,0.7271913155204718,0.7184325280615635,-0.008758787458908235
42,392,0.7224388914227042,0.7181003343106857,-0.004338557112018582
42,393,0.7120392529776911,0.7022542604775373,-0.009784992500153855
42,394,0.7199822233193083,0.7051986839704172,-0.014783539348891095
42,395,0.7120776765709548,0.7070820467711988,-0.004995629799755985
42,396,0.7115018370732058,0.7128776896191105,0.0013758525459046655
42,397,0.7059754224065511,0.702484991031032,-0.0034904313755190763
42,398,0.7157261786888138,0.7071382258535233,-0.008587952835290569
42,399,0.7152704841701553,0.7115220294799192,-0.0037484546902361027
42,400,0.7192213830096357,0.7150188278230787,-0.004202555186556989
42,401,0.7024739776973531,0.6944100658490572,-0.008063911848295913
42,402,0.6994783699405135,0.6958382920463164,-0.003640077894197069
42,403,0.7208088730004932,0.7062586021390544,-0.014550270861438785
42,404,0.7257275996695308,0.7138214078306019,-0.011906191838928937
42,405,0.7095783695928031,0.716213924644334,0.006635555051530906
42,406,0.7052261931930379,0.7025075940263037,-0.0027185991667342257
42,407,0.7143077133851545,0.7045843875334981,-0.009723325851656472
42,408,0.7107305954678176,0.7009786465067179,-0.009751948961099655
42,409,0.7170315756048294,0.7136668373957518,-0.003364738209077678
42,410,0.7278865426718443,0.7186281141275288,-0.009258428544315467
42,411,0.7119927146295408,0.7068372394473368,-0.00515547518220405
42,412,0.7336478845975953,0.7163124928005364,-0.017335391797058897
42,413,0.7117573588584574,0.6993514883679279,-0.012405870490529436
42,414,0.7050118563367114,0.7039845542584774,-0.0010273020782339826
42,415,0.7195840742846477,0.7033975994996173,-0.016186474785030325
42,416,0.71702065586443,0.7201688734548986,0.0031482175904685716
42,417,0.7021943052310924,0.6918755178974334,-0.010318787333658985
42,418,0.6991601624726921,0.7019676814579003,0.002807518985208257
42,419,0.7106870190626765,0.710656778230887,-3.0240831789485334e-05
42,420,0.7065459058696711,0.700216795178775,-0.006329110690896145
42,421,0.7125273171805895,0.7084166043310511,-0.004110712849538345
42,422,0.7188365068685629,0.7005501552852168,-0.018286351583346128
42,423,0.7070173767770416,0.7016642658514336,-0.005353110925607973
42,424,0.7136530344692085,0.7132907973452383,-0.00036223712397021046
42,425,0.7150697041603012,0.7150194475556444,-5.025660465685089e-05
42,426,0.7080092629058012,0.7000279043044353,-0.007981358601365951
42,427,0.7108799248839344,0.707075803832529,-0.0038041210514053736
42,428,0.7096251183958955,0.7024917312189871,-0.007133387176908368
42,429,0.6974351998019659,0.7011227709841522,0.003687571182186322
42,430,0.7017313428762451,0.7066784671967545,0.004947124320509477
42,431,0.7190875595285929,0.71496301072535,-0.004124548803242978
42,432,0.7135613892950452,0.7015382003110496,-0.01202318898399557
42,433,0.704054713627963,0.6954771358461225,-0.00857757778184054
42,434,0.71215303906808,0.7030695967203044,-0.009083442347775583
42,435,0.7176076402338653,0.712304069616124,-0.005303570617741227
42,436,0.7196973737267984,0.7064222811308667,-0.013275092595931737
42,437,0.7195250615673807,0.709909906862987,-0.00961515470439367
42,438,0.7170604899031026,0.7137768431623548,-0.00328364674074777
42,439,0.7062972163346903,0.7084487244297517,0.002151508095061372
42,440,0.7144176795186001,0.7041073300815708,-0.010310349437029354
42,441,0.7179459308820099,0.7073445968837433,-0.010601333998266571
42,442,0.7143215086640095,0.7077990017346469,-0.006522506929362515
42,443,0.7144721717323772,0.7074953128089871,-0.006976858923390061
42,444,0.7130311328531702,0.7046145928552607,-0.008416539997909478
42,445,0.7063668105295018,0.6911630453741553,-0.015203765155346494
42,446,0.716573910511593,0.7210674365442601,0.004493526032667061
42,447,0.7187293248010164,0.6986774658519415,-0.020051858949074908
42,448,0.7122215443478552,0.7103542133064165,-0.001867331041438769
42,449,0.7057818924872394,0.7054958927008662,-0.00028599978637322554
42,450,0.7212927222215926,0.7088292448070657,-0.012463477414526913
42,451,0.7204299225769182,0.7089894948397939,-0.011440427737124281
42,452,0.7048568399936959,0.7070080124086913,0.002151172414995406
42,453,0.7126953334842387,0.7075524777686857,-0.005142855715553063
42,454,0.7178627212898634,0.7119205533437948,-0.0059421679460686105
42,455,0.7108999485123318,0.706979160739085,-0.003920787773246892
42,456,0.7106695973013999,0.7062989511118241,-0.004370646189575833
42,457,0.7071532300027908,0.6991161204806531,-0.008037109522137764
42,458,0.7267481595864511,0.7081175812317406,-0.018630578354710492
42,459,0.7129946510513433,0.7063444672922559,-0.006650183759087436
42,460,0.7158042389415173,0.7148889989926048,-0.0009152399489125163
42,461,0.7219327662743324,0.7177746842668595,-0.0041580820074729186
42,462,0.7054406345850726,0.7064975682223478,0.0010569336372752147
42,463,0.7015314478875019,0.6904627372532685,-0.011068710634233425
42,464,0.7209968130062528,0.7042224708411695,-0.016774342165083334
42,465,0.7197698266610704,0.7068706783208377,-0.012899148340232647
42,466,0.7024584397384362,0.6987500693802009,-0.0037083703582353467
42,467,0.7220813953023095,0.7144302084562726,-0.007651186846036939
42,468,0.7180038770270349,0.711055757525243,-0.006948119501791972
42,469,0.7012242365013168,0.70689124815925,0.005667011657933152
42,470,0.7053925167656601,0.6978701983574789,-0.007522318408181183
42,471,0.7135089659339053,0.7065580561955778,-0.006950909738327571
42,472,0.7147954606225722,0.7048808238637114,-0.009914636758860729
42,473,0.7165144049084511,0.7123110160652959,-0.004203388843155187
42,474,0.7148427523130725,0.7067904362142544,-0.008052316098818069
42,475,0.7211691104556521,0.7128395928638437,-0.008329517591808444
42,476,0.7061786920956057,0.7057622520950875,-0.0004164400005182145
42,477,0.7266624311220276,0.7214063461158973,-0.005256085006130284
42,478,0.7084297223538862,0.706326274051538,-0.00210344830234821
42,479,0.7266821189393365,0.7025345258721757,-0.024147593067160855
42,480,0.7176771251940786,0.7124516618702565,-0.0052254633238220105
42,481,0.7023523926350026,0.6928134467823248,-0.009538945852677783
42,482,0.7121241181129229,0.707085395182837,-0.005038722930085893
42,483,0.7075517203027827,0.703124491442364,-0.004427228860418686
42,484,0.7108177236781497,0.7040767452870462,-0.006740978391103436
42,485,0.7238479323036144,0.7033053913725137,-0.02054254093110075
42,486,0.7191815468055502,0.7082525012529299,-0.010929045552620309
42,487,0.7154003915621293,0.7094314116823226,-0.005968979879806713
42,488,0.7037723182441638,0.6974492935247822,-0.006323024719381509
42,489,0.7015952648311765,0.6906996181393202,-0.010895646691856276
42,490,0.7128870318881544,0.7070702290016955,-0.005816802886458916
42,491,0.7128561551060638,0.713492836594833,0.0006366814887691641
42,492,0.7126842709742431,0.7037020860813262,-0.008982184892916911
42,493,0.7249462510982698,0.7160113683118092,-0.008934882786460596
42,494,0.6956842400505232,0.7012806593738581,0.005596419323334878
42,495,0.7249084840771003,0.7116140007783223,-0.013294483298778026
42,496,0.7157166243749717,0.7062451583141486,-0.009471466060823164
42,497,0.709386820322518,0.7043651281913023,-0.005021692131215727
42,498,0.723240233094911,0.7199589641179727,-0.0032812689769383674
42,499,0.7169577924045869,0.707819099590894,-0.00913869281369295
42,500,0.7093991440772471,0.7049395682671126,-0.004459575810134564
42,501,0.7172569241431834,0.7183102376015983,0.0010533134584148618
42,502,0.711645244429832,0.7177972230218745,0.0061519785920425285
42,503,0.699324102076254,0.6977922011122846,-0.0015319009639693792
42,504,0.7093286436789268,0.7031810951696658,-0.006147548509261025
42,505,0.711854445738783,0.7079024088934323,-0.003952036845350726
42,506,0.7192147698075197,0.714591865886979,-0.004622903920540766
42,507,0.7170901292101185,0.7166104685318084,-0.00047966067831006765
42,508,0.7137809907916828,0.7136556981291944,-0.00012529266248839654
42,509,0.713294823823618,0.7120011213527088,-0.0012937024709092082
42,510,0.7149722190288417,0.7065172665460149,-0.008454952482826794
42,511,0.7146023404123693,0.714743836276855,0.00014149586448575224
42,512,0.7106035599727091,0.7064189004712995,-0.00418465950140956
42,513,0.7274739532641106,0.7160490696501647,-0.011424883613945891
42,514,0.712412002634755,0.7076279229006192,-0.00478407973413586
42,515,0.7074374198603857,0.7101432591983301,0.002705839337944438
42,516,0.7171322708932237,0.7078597739846265,-0.009272496908597216
42,517,0.7171731765662029,0.7182701823360749,0.0010970057698719282
42,518,0.7167603865834066,0.7179770213371481,0.0012166347537415634
42,519,0.7073699992703061,0.6988042538785237,-0.008565745391782342
42,520,0.7172573881407407,0.7132930514196218,-0.003964336721118844
42,521,0.7136031869616496,0.7119407984988426,-0.001662388462806974
42,522,0.7133934773217486,0.7125532886818503,-0.0008401886398983205
42,523,0.712129257882027,0.7124564588762871,0.00032720099426009064
42,524,0.7081281819569591,0.7028356705660062,-0.005292511390952992
42,525,0.7072845134420596,0.6995179268650997,-0.007766586576959833
42,526,0.6986292418324599,0.6929213099590346,-0.0057079318734253315
42,527,0.7209544306897538,0.7094536486839946,-0.011500782005759214
42,528,0.7076588482601991,0.6987639162581597,-0.00889493200203939
42,529,0.7197208887086309,0.7160174528624974,-0.0037034358461335293
42,530,0.7334416094515082,0.7248144043140183,-0.008627205137489824
42,531,0.7037977485128786,0.6982547344712074,-0.005543014041671124
42,532,0.7120637447791385,0.7106880109346159,-0.0013757338445226086
42,533,0.7180300367705603,0.7074799716380922,-0.010550065132468145
42,534,0.7182649221983683,0.7102185284885876,-0.008046393709780775
42,535,0.7058276445890466,0.7037324968043202,-0.0020951477847264144
42,536,0.7128178310482307,0.708604651809396,-0.004213179238834686
42,537,0.7217537966889174,0.7008608803809707,-0.020892916307946652
42,538,0.7016507110748671,0.6964936055078447,-0.005157105567022424
42,539,0.7266082585620612,0.7165463076351959,-0.010061950926865348
42,540,0.7129262670549972,0.7061958821274896,-0.006730384927507549
42,541,0.7082711193541358,0.7022113329735831,-0.006059786380552712
42,542,0.7160788718664405,0.705967656453951,-0.010111215412489494
42,543,0.719946950775821,0.7142662676759699,-0.005680683099851147
42,544,0.7082472221001648,0.7103151458162238,0.002067923716059017
42,545,0.7026889032516498,0.7011831687038211,-0.0015057345478286521
42,546,0.7056054505879381,0.7068733957335067,0.0012679451455686053
42,547,0.7182083220464643,0.714495881707785,-0.003712440338679346
42,548,0.706081950942248,0.7080723030233977,0.0019903520811497266
42,549,0.6997007863624196,0.7052524151050565,0.005551628742636927
42,550,0.7134385219356166,0.7078000642161795,-0.005638457719437162
42,551,0.7119900738257599,0.6969155492189789,-0.015074524606780937
42,552,0.7043088019054373,0.700422781058835,-0.0038860208466022783
42,553,0.703270878011444,0.6906031647362352,-0.01266771327520877
42,554,0.7051188016700057,0.7057097415241863,0.0005909398541805722
42,555,0.7147028804245803,0.7115558165067151,-0.0031470639178652338
42,556,0.7183650872941405,0.7084182772150172,-0.009946810079123347
42,557,0.7228872956549925,0.7072005179638927,-0.01568677769109983
42,558,0.7141111790733943,0.7131484809512265,-0.00096269812216776
42,559,0.7246994236835109,0.714235369840778,-0.010464053842732968
42,560,0.7056722976504253,0.6962501672731307,-0.009422130377294557
42,561,0.7068566026234717,0.711820564942374,0.004963962318902282
42,562,0.71100198277276,0.7103808126665004,-0.0006211701062596164
42,563,0.7076396200122154,0.7029496390130585,-0.004689980999156851
42,564,0.713465827678085,0.7130226603784288,-0.0004431672996562108
42,565,0.7128741502942295,0.7057305982961366,-0.007143551998092912
42,566,0.7108925860934465,0.7002029285175945,-0.010689657575852052
42,567,0.7016309685021026,0.6982352297652298,-0.003395738736872822
42,568,0.7162038218684277,0.7091170723836429,-0.007086749484784827
42,569,0.7219960749305208,0.7113350482041162,-0.010661026726404566
42,570,0.6989270126682562,0.6866275647959623,-0.012299447872293867
42,571,0.7000838641701088,0.697680963261353,-0.002402900908755834
42,572,0.7040939821771086,0.7062080700139801,0.0021140878368715033
42,573,0.7012753471751078,0.703069809565819,0.0017944623907112378
42,574,0.7128370138974054,0.7086481732342729,-0.00418884066313252
42,575,0.7074667295704831,0.7043925458563931,-0.003074183714089962
42,576,0.7104763374382572,0.703519836568409,-0.006956500869848226
42,577,0.7104629100747744,0.7014100973982469,-0.009052812676527466
42,578,0.7281366183850898,0.7202534296386549,-0.0078831887464349
42,579,0.7027669969933771,0.7013158863447931,-0.001451110648583942
42,580,0.7053307673482918,0.7031843994464559,-0.002146367901835866
42,581,0.7133703122104051,0.7112679114431382,-0.0021024007672669764
42,582,0.7202114332090033,0.7116885964798754,-0.008522836729127903
42,583,0.7212226072490652,0.7043983790600485,-0.016824228189016632
42,584,0.7191701156911373,0.706183556129309,-0.01298655956182826
42,585,0.7175678805813356,0.7117075446079109,-0.005860335973424724
42,586,0.7121777366131956,0.7116532452517917,-0.0005244913614038671
42,587,0.7064933731699747,0.710618752387148,0.004125379217173264
42,588,0.7129510143174094,0.7016265864797109,-0.011324427837698492
42,589,0.7127570535150611,0.701134707329568,-0.011622346185493182
42,590,0.7072771144857437,0.7005805564481762,-0.006696558037567524
42,591,0.7219412436220705,0.712432593409646,-0.009508650212424419
42,592,0.7070501906952688,0.691231332844967,-0.015818857850301793
42,593,0.7259334768059096,0.7075989721593552,-0.018334504646554395
42,594,0.7162736437085524,0.70413439843981,-0.012139245268742438
42,595,0.7264454509731303,0.7219470912830354,-0.004498359690094933
42,596,0.7074342378626701,0.6981796076742828,-0.009254630188387347
42,597,0.7097212373845418,0.7014797228195397,-0.008241514565002106
42,598,0.713648010165981,0.7035367162314015,-0.010111293934579546
42,599,0.7122828613635888,0.7071011717299072,-0.0051816896336815965
42,600,0.7203497124463646,0.7259342559351201,0.005584543488755478
42,601,0.7199808748949892,0.7035894746176226,-0.01639140027736663
42,602,0.7028705459990336,0.6989104988413111,-0.003960047157722579
42,603,0.7104860176156462,0.7105485773337555,6.255971810931182e-05
42,604,0.7050461120409999,0.6970874846673412,-0.007958627373658711
42,605,0.7034466489626161,0.6967976049704745,-0.006649043992141612
42,606,0.7229699051319782,0.7205372371556493,-0.002432667976328906
42,607,0.720977452044756,0.7107999146160684,-0.010177537428687655
42,608,0.7164256322540019,0.7111356743372594,-0.0052899579167424715
42,609,0.7150282293231273,0.7118344927264283,-0.0031937365966989706
42,610,0.713314226593369,0.7061182879265404,-0.00719593866682855
42,611,0.7176647674764166,0.7055873521620661,-0.01207741531435047
42,612,0.7173232199712726,0.7055172399952423,-0.011805979976030279
42,613,0.7072133894268899,0.708330122272399,0.0011167328455090608
42,614,0.7068028037722129,0.7117885842873941,0.004985780515181171
42,615,0.7027071615614495,0.7081786252092763,0.005471463647826802
42,616,0.7045472594036786,0.7036032822817271,-0.0009439771219514892
42,617,0.7162581681567983,0.7026470480002068,-0.013611120156591494
42,618,0.7070360853563693,0.6983039411822303,-0.008732144174139034
42,619,0.719611339635721,0.7081486690683394,-0.011462670567381594
42,620,0.7109353163218852,0.7066721094851043,-0.004263206836780942
42,621,0.7074676239683002,0.7053643898355388,-0.002103234132761367
42,622,0.7174211668229951,0.7080034776948411,-0.009417689128153994
42,623,0.7061973552661849,0.6988618924762713,-0.007335462789913594
42,624,0.705026116527384,0.7046717855415602,-0.0003543309858238253
42,625,0.7216422158527946,0.7052749927506996,-0.01636722310209504
42,626,0.7060666056963218,0.7056151415154372,-0.0004514641808845976
42,627,0.7099064475135846,0.7024541133684028,-0.00745233414518176
42,628,0.7193049051278516,0.7082900929971974,-0.01101481213065425
42,629,0.6988668111720874,0.6900767877216458,-0.008790023450441553
42,630,0.7037207652308324,0.7070410123603367,0.0033202471295042946
42,631,0.7172012610686023,0.7079192701248255,-0.009281990943776797
42,632,0.6970199024325445,0.6922364643427892,-0.004783438089755343
42,633,0.7096513462589948,0.7021796093604635,-0.0074717368985313115
42,634,0.7199564593616395,0.71093210125817,-0.009024358103469576
42,635,0.7150141045929578,0.7091015815761511,-0.00591252301680667
42,636,0.7208637019180112,0.7131572949323356,-0.007706406985675596
42,637,0.725995949465926,0.719642820326915,-0.006353129139011093
42,638,0.7308953810721113,0.7130023243241805,-0.017893056747930736
42,639,0.6905498569155201,0.6903976059286375,-0.00015225098688254057
42,640,0.7075940133529411,0.7123856092371678,0.004791595884226618
42,641,0.7239268436243642,0.7112139405798412,-0.012712903044522994
42,642,0.7158350130508548,0.7118259199663272,-0.004009093084527682
42,643,0.7076045272836358,0.7072019239519963,-0.0004026033316394395
42,644,0.7143255992793696,0.7008024411181617,-0.01352315816120786
42,645,0.7151909862249693,0.7062679189173753,-0.008923067307594068
42,646,0.719452561348515,0.711812507814994,-0.00764005353352093
42,647,0.7178390520500777,0.7118369467791601,-0.0060021052709176015
42,648,0.7251681472525051,0.7205243695204163,-0.004643777732088794
42,649,0.7065853958020216,0.7081503153697501,0.0015649195677285288
42,650,0.7188052585056277,0.7168697643701996,-0.0019354941354281507
42,651,0.7243115643949025,0.7131870669248124,-0.011124497470090144
42,652,0.7218373461455676,0.7184003914577577,-0.003436954687809912
42,653,0.6995741364367729,0.7023735649872571,0.0027994285504842065
42,654,0.714300002606524,0.7151215245475229,0.0008215219409988261
42,655,0.7147809611042364,0.6975902786909642,-0.01719068241327215
42,656,0.7140275861004264,0.7058070805221528,-0.008220505578273585
42,657,0.7050538357252187,0.6944156422506932,-0.010638193474525548
42,658,0.7296736746398274,0.7151909564277698,-0.0144827182120576
42,659,0.71383470158447,0.7005075038964201,-0.013327197688049908
42,660,0.7153109158985598,0.707573474898149,-0.007737441000410739
42,661,0.7117347561255093,0.7051124276054272,-0.006622328520082044
42,662,0.7121532617697057,0.715296616711413,0.003143354941707255
42,663,0.7125846354020344,0.7178672200344445,0.005282584632410048
42,664,0.7126389392699795,0.7057593425928491,-0.00687959667713034
42,665,0.7248216011045692,0.7154356108553479,-0.009385990249221265
42,666,0.7011461375793178,0.702158302662713,0.001012165083395189
42,667,0.712248546939158,0.7106437225369316,-0.0016048244022263125
42,668,0.7099317762403033,0.7079363336552993,-0.001995442585004059
42,669,0.7123510126177843,0.7114178895569826,-0.0009331230608017327
42,670,0.7185605665885056,0.6980356658362596,-0.020524900752246
42,671,0.7213703674408452,0.7156484845666606,-0.005721882874184514
42,672,0.7140691464418142,0.710807368871748,-0.003261777570066182
42,673,0.7235611677957164,0.7143992077514116,-0.009161960044304807
42,674,0.7165472887002685,0.706821596584631,-0.009725692115637563
42,675,0.7089646431586756,0.7067082860877748,-0.002256357070900772
42,676,0.7149397039513212,0.7098924374248583,-0.0050472665264629235
42,677,0.7189327834350268,0.7050422723135543,-0.013890511121472437
42,678,0.7195640668408779,0.7214770537321402,0.0019129868912622916
42,679,0.7103694189177729,0.7012300460193963,-0.00913937289837663
42,680,0.7151094586726396,0.7066811608866578,-0.008428297785981864
42,681,0.7180375725175944,0.711640702284878,-0.006396870232716401
42,682,0.7177529116492418,0.7011457779636305,-0.016607133685611286
42,683,0.7103428684262396,0.7117128712518234,0.0013700028255837493
42,684,0.709632667879956,0.7059061111401659,-0.0037265567397901656
42,685,0.7190563201962337,0.7093812332434459,-0.009675086952787737
42,686,0.70853710769646,0.6980521198068181,-0.010484987889641806
42,687,0.7029384747575844,0.684790033608854,-0.018148441148730377
42,688,0.7092329818049578,0.7023792127279717,-0.006853769076986094
42,689,0.7149304000589651,0.7083651661292656,-0.006565233929699543
42,690,0.7025714975835071,0.7040591618630803,0.001487664279573142
42,691,0.6976773561607044,0.6987744443600268,0.0010970881993224157
42,692,0.6997953903216061,0.6995543823093378,-0.00024100801226834
42,693,0.7065985886131632,0.698227222456593,-0.008371366156570192
42,694,0.7059314872630316,0.7098978667414715,0.003966379478439919
42,695,0.7046108026196262,0.6969596122321555,-0.007651190387470641
42,696,0.7133915813220817,0.7038441842970011,-0.009547397025080562
42,697,0.7086623922324393,0.7106756547319821,0.0020132624995428117
42,698,0.7138104779280674,0.7131981806655264,-0.0006122972625409728
42,699,0.7195074833365147,0.7119485055258218,-0.007558977810692924
42,700,0.7201996984588477,0.7153879245941495,-0.004811773864698221
42,701,0.7158800240535339,0.707083381983401,-0.008796642070132865
42,702,0.7080571501748036,0.6964689617554529,-0.01158818841935072
42,703,0.7188698385594641,0.7130307138589193,-0.005839124700544818
42,704,0.7124043676783337,0.7022348270991414,-0.010169540579192282
42,705,0.7146662970835239,0.7087436484029268,-0.005922648680597109
42,706,0.7065226367966767,0.6963924083929172,-0.010130228403759545
42,707,0.7058693695107852,0.6994777193202979,-0.006391650190487264
42,708,0.7130109715063175,0.7117267721805041,-0.0012841993258134732
42,709,0.7227580810254159,0.7098390736953786,-0.012919007330037369
42,710,0.7152053646800277,0.7063251684494618,-0.008880196230565907
42,711,0.7100100344912347,0.7025626731838516,-0.007447361307383105
42,712,0.7084189236879378,0.7024466674718741,-0.005972256216063676
42,713,0.7122968965183403,0.7160512277227167,0.0037543312043764043
42,714,0.7118101424092725,0.7099781284729125,-0.0018320139363600108
42,715,0.7137906828784688,0.6959481505618385,-0.017842532316630355
42,716,0.7129491605200777,0.7060848686928024,-0.006864291827275326
42,717,0.7180290016285721,0.7161773238054925,-0.0018516778230796005
42,718,0.7089747761514538,0.7054166693912176,-0.003558106760236157
42,719,0.7122716312921745,0.7047803586551324,-0.007491272637042079
42,720,0.7170369932705765,0.7055053321211973,-0.011531661149379202
42,721,0.6992148087833389,0.6912142737183975,-0.008000535064941361
42,722,0.7244956832204626,0.7145964104610368,-0.009899272759425815
42,723,0.7103456173123515,0.6937911412569866,-0.016554476055364864
42,724,0.714324343654582,0.7031704345488383,-0.011153909105743653
42,725,0.7203109354254358,0.7169447226037049,-0.003366212821730885
42,726,0.7007033546312951,0.7085799757185536,0.007876621087258506
42,727,0.7182888695363465,0.7130022917365731,-0.005286577799773373
42,728,0.7180529326376941,0.7098439871193309,-0.008208945518363153
42,729,0.7178501265551304,0.7144226053281368,-0.003427521226993524
42,730,0.7186646155555678,0.7183427576256123,-0.00032185792995553797
42,731,0.7113290080423311,0.7045205602168383,-0.006808447825492836
42,732,0.6976721319904722,0.6902091791634661,-0.007462952827006042
42,733,0.7114693496147504,0.7032290373531698,-0.008240312261580618
42,734,0.7055676078476079,0.7073616838890457,0.0017940760414378865
42,735,0.712743529489428,0.7031051416980549,-0.009638387791373049
42,736,0.7118780743695265,0.7135352000961601,0.0016571257266335682
42,737,0.7168776040676317,0.70685421840781,-0.010023385659821638
42,738,0.7113855606944395,0.7088607051190319,-0.002524855575407603
42,739,0.7187445870381942,0.708164638074788,-0.010579948963406194
42,740,0.7114627852888433,0.7081548416028327,-0.003307943686010617
42,741,0.696428814158337,0.6865194245492952,-0.009909389609041863
42,742,0.6962553798157761,0.69474084105817,-0.0015145387576060987
42,743,0.7230874978344819,0.7112841050305692,-0.011803392803912738
42,744,0.7095123089360442,0.7093573259565485,-0.00015498297949567696
42,745,0.7115331146340297,0.7068875689900718,-0.004645545643957916
42,746,0.7110516826496862,0.7061591028441914,-0.0048925798054948455
42,747,0.7077050186586665,0.7023708010162687,-0.005334217642397832
42,748,0.7104560339776598,0.7075241134347848,-0.002931920542874944
42,749,0.7060294000141909,0.7039942923492173,-0.002035107664973612
42,750,0.6975977671328542,0.7008573260173221,0.003259558884467939
42,751,0.717877647746217,0.7102140380987716,-0.007663609647445391
42,752,0.7104830596605066,0.7085780362914946,-0.0019050233690119933
42,753,0.7096055604971421,0.7086670022311742,-0.0009385582659678926
42,754,0.7054535704125191,0.698630207994307,-0.006823362418212131
42,755,0.7052739185383988,0.7184240953788261,0.013150176840427297
42,756,0.7151237556731722,0.709831589376214,-0.005292166296958167
42,757,0.7156405202366427,0.7045075883613907,-0.011132931875251995
42,758,0.7183060638122558,0.721301118971005,0.0029950551587492047
42,759,0.716938714704587,0.7119923247537798,-0.004946389950807206
42,760,0.7232305328168358,0.7078071501010378,-0.015423382715798017
42,761,0.7156207239237182,0.699536474226715,-0.016084249697003172
42,762,0.7190436373314932,0.7102338124834955,-0.00880982484799775
42,763,0.7188213026963792,0.7073314921318856,-0.011489810564493608
42,764,0.7192687078580289,0.7180587739767702,-0.0012099338812586735
42,765,0.7103547306524233,0.7060650946985981,-0.004289635953825144
42,766,0.712168514290906,0.7046477635579547,-0.007520750732951331
42,767,0.7216081155185182,0.7098770183567584,-0.011731097161759796
42,768,0.7200027316312729,0.7197058996816262,-0.000296831949646692
42,769,0.7103949681649788,0.706253284098415,-0.004141684066563789
42,770,0.7119338836527858,0.7152172408146815,0.0032833571618957613
42,771,0.7149824099983118,0.7104418381906012,-0.004540571807710503
42,772,0.7122719578554852,0.7103216150795582,-0.0019503427759270942
42,773,0.7136848364335795,0.7107227081345807,-0.0029621282989987785
42,774,0.7099785173467172,0.7047541279893209,-0.005224389357396331
42,775,0.7100738340277275,0.7034923695601458,-0.006581464467581677
42,776,0.7107971060032248,0.7011536963725534,-0.00964340963067134
42,777,0.7130330281474901,0.6998200909659745,-0.013212937181515616
42,778,0.7022121956862213,0.6957114433382264,-0.006500752347994854
42,779,0.7090063624109062,0.7178331258757791,0.008826763464872878
42,780,0.705553089354986,0.70630326307566,0.0007501737206740966
42,781,0.7126821076434718,0.7128909977954772,0.00020889015200531436
42,782,0.7078950309777817,0.7052560714242689,-0.0026389595535127874
42,783,0.713970035483581,0.7138239329646263,-0.00014610251895463833
42,784,0.7297082578144521,0.7165082782918661,-0.013199979522586003
42,785,0.717141826223495,0.7095755459262321,-0.007566280297262917
42,786,0.7173370869298916,0.7043335634153172,-0.013003523514574455
42,787,0.7139385626730725,0.6982068039539145,-0.015731758719157996
42,788,0.714357126960832,0.7023939176135692,-0.011963209347262804
42,789,0.714981113723856,0.7028534301534115,-0.01212768357044447
42,790,0.7130738847310816,0.7081451885916341,-0.004928696139447464
42,791,0.7144116753931494,0.7030894698786927,-0.011322205514456729
42,792,0.7071859867602384,0.7015312801097666,-0.005654706650471741
42,793,0.7202239215903734,0.7142178706839265,-0.0060060509064469025
42,794,0.7180580653741044,0.7116737923296045,-0.006384273044499955
42,795,0.705217460171869,0.7017113403867834,-0.0035061197850856374
42,796,0.7200053443213879,0.7063649582101408,-0.013640386111247071
42,797,0.7198789389188746,0.7077418388859676,-0.012137100032906911
42,798,0.7116009789626434,0.7000202311740549,-0.01158074778858853
42,799,0.7310503182810083,0.72482219728604,-0.006228120994968278
42,800,0.7051708167801725,0.6984930433674814,-0.006677773412691046
42,801,0.7129690535389172,0.707560401228063,-0.0054086523108541895
42,802,0.7169251659083307,0.7168956519348524,-2.9513973478279e-05
42,803,0.7117012832362166,0.7060188664580913,-0.00568241677812531
42,804,0.707734808889662,0.7019812257477982,-0.005753583141863805
42,805,0.7171436531011974,0.7167302020330915,-0.00041345106810597443
42,806,0.7167253639990401,0.7089359257811235,-0.0077894382179165556
42,807,0.7188671506863329,0.7111315506604425,-0.0077356000258903546
42,808,0.7135565434161392,0.7020059635742016,-0.011550579841937525
42,809,0.7229033942532421,0.7092564913395887,-0.013646902913653447
42,810,0.7045331382916422,0.6977664967119078,-0.006766641579734389
42,811,0.708310621201497,0.6980894017383197,-0.010221219463177333
42,812,0.705851331308946,0.6876962600569138,-0.018155071252032196
42,813,0.7037532402181765,0.6954542534256329,-0.008298986792543595
42,814,0.7197884335724933,0.7076951740161267,-0.012093259556366642
42,815,0.7125453030703504,0.7041398547587052,-0.008405448311645136
42,816,0.7168535124307468,0.7064360619000098,-0.01041745053073695
42,817,0.7063393856302641,0.7062594007117711,-7.99849184930368e-05
42,818,0.7161847785178459,0.712953573222171,-0.0032312052956748882
42,819,0.6960945406733152,0.7013477525227056,0.005253211849390427
42,820,0.6945990321550523,0.6959183549456109,0.0013193227905586857
42,821,0.7128911936909257,0.7051655690547133,-0.007725624636212403
42,822,0.7160725275647337,0.7125062860338144,-0.003566241530919334
42,823,0.7067734189759214,0.7026144661662246,-0.004158952809696803
42,824,0.7042759881914149,0.6979614768248339,-0.00631451136658101
42,825,0.7152100100955052,0.7077955207001982,-0.007414489395306978
42,826,0.7282570453072705,0.7256595921316997,-0.0025974531755708075
42,827,0.7258055916266957,0.7073717923139137,-0.018433799312781995
42,828,0.7145582036297783,0.7206003227634526,0.006042119133674362
42,829,0.7249399520254428,0.7051893947302829,-0.019750557295159954
42,830,0.7070787884150483,0.7009042919480777,-0.006174496466970658
42,831,0.7156993845441676,0.7153144418161578,-0.0003849427280098183
42,832,0.6966451013483813,0.7061468081100272,0.009501706761645856
42,833,0.7131911383173859,0.7017448888339618,-0.011446249483424098
42,834,0.7125286661361724,0.7091826345294404,-0.0033460316067319695
42,835,0.6952512443876768,0.6964596536650997,0.0012084092774228283
42,836,0.7151401991075401,0.7072015666836329,-0.007938632423907244
42,837,0.7205206468070511,0.7052030193921467,-0.015317627414904389
42,838,0.7030706127874542,0.690618048303291,-0.012452564484163209
42,839,0.7218222462734267,0.7120760987469299,-0.009746147526496829
42,840,0.7169887121055455,0.7110068185755921,-0.005981893529953375
42,841,0.706887679602823,0.6915161151987048,-0.015371564404118132
42,842,0.7077430554585118,0.6982301441950495,-0.00951291126346232
42,843,0.7170607525814539,0.7124446523536401,-0.00461610022781378
42,844,0.707436556841706,0.7004156397025405,-0.007020917139165528
42,845,0.7154362437069186,0.7106891191618254,-0.004747124545093184
42,846,0.7057490168276894,0.6947924075349486,-0.010956609292740782
42,847,0.7026394087584246,0.7095975394794495,0.006958130721024913
42,848,0.7243710978314579,0.7135391621616849,-0.01083193566977303
42,849,0.7158644270889148,0.7108500175425274,-0.005014409546387433
42,850,0.7197755333956544,0.7051209683829226,-0.014654565012731768
42,851,0.7267378351264838,0.7089623007976251,-0.0177755343288587
42,852,0.7214838193631082,0.7078905057303795,-0.013593313632728754
42,853,0.7081531876408447,0.7050062740491196,-0.0031469135917250313
42,854,0.7054252133959074,0.696933941917818,-0.008491271478089368
42,855,0.713579581319544,0.709573966535471,-0.004005614784073019
42,856,0.7035155582038626,0.6922773936851717,-0.011238164518690863
42,857,0.7121990030001918,0.698688671521884,-0.013510331478307824
42,858,0.7209337078346627,0.7082872573220785,-0.012646450512584173
42,859,0.7237579414175439,0.7072417944952439,-0.016516146922299968
42,860,0.7097525848178317,0.7071195670827217,-0.0026330177351099326
42,861,0.7152957585012344,0.7056930237623784,-0.009602734738855978
42,862,0.7126018802534448,0.7053766094362371,-0.007225270817207696
42,863,0.7117348464576208,0.7100216556492143,-0.001713190808406484
42,864,0.7144677856430316,0.7029290418725136,-0.011538743770518
42,865,0.714338444841817,0.6991416648318903,-0.015196780009926636
42,866,0.7088344837752558,0.698264838833677,-0.01056964494157886
42,867,0.7162952402357975,0.7062571039283436,-0.010038136307453871
42,868,0.7235135114467496,0.7119013185470604,-0.011612192899689178
42,869,0.7144013467003743,0.7104273163155188,-0.003974030384855443
42,870,0.7068237655938211,0.6998224759308509,-0.0070012896629702
42,871,0.7122372367654285,0.7075774101007302,-0.00465982666469833
42,872,0.7248086275374531,0.7237714301412904,-0.0010371973961627035
42,873,0.7200433605269142,0.7115890463958796,-0.00845431413103459
42,874,0.7267369271172123,0.7139951405765405,-0.012741786540671818
42,875,0.7232359848416574,0.7153309975926602,-0.007904987248997242
42,876,0.707639186939448,0.7079617392155451,0.0003225522760970101
42,877,0.7158347775915221,0.7210920411204685,0.005257263528946399
42,878,0.7082659506426503,0.7086299357823224,0.0003639851396720628
42,879,0.7193725405467919,0.7073064148361237,-0.01206612571066823
42,880,0.7139560067214321,0.7073823197538397,-0.006573686967592418
42,881,0.7004340107773599,0.6908363772417843,-0.009597633535575634
42,882,0.7020725665035813,0.6960749274663047,-0.00599763903727657
42,883,0.7106707495453879,0.7148409774105635,0.004170227865175624
42,884,0.7051115467250018,0.685937088001697,-0.01917445872330481
42,885,0.7103056367801899,0.7022417392494844,-0.008063897530705466
42,886,0.7200056855287631,0.7130850990257585,-0.006920586503004644
42,887,0.7129710479159059,0.7083584734890275,-0.004612574426878457
42,888,0.7068752007854993,0.7017796088532198,-0.005095591932279486
42,889,0.7208767781232697,0.7121934949870268,-0.008683283136242892
42,890,0.7301862241591046,0.7223879429429771,-0.007798281216127467
42,891,0.7194845467384061,0.7130029747961286,-0.0064815719422774976
42,892,0.7152055869732099,0.6967731918279396,-0.018432395145270286
42,893,0.7135294402111938,0.7077485469811317,-0.005780893230062145
42,894,0.6983003919379466,0.6966302967970498,-0.0016700951408967768
42,895,0.7000796258926122,0.7045787692677472,0.004499143375135017
42,896,0.7077182491395502,0.7020599534978511,-0.005658295641699063
42,897,0.7155350029006433,0.7055349130110997,-0.010000089889543595
42,898,0.7086300268406879,0.6940994267154283,-0.01453060012525953
42,899,0.7138656685419336,0.6971762743058258,-0.016689394236107713
42,900,0.7115291156877812,0.7087755155669544,-0.0027536001208268157
42,901,0.7125434853674968,0.7054776484194529,-0.007065836948043858
42,902,0.7078861740815454,0.7108369990362046,0.002950824954659148
42,903,0.713817292748129,0.6981621964930611,-0.01565509625506789
42,904,0.7061007352590656,0.7045168855327297,-0.0015838497263358509
42,905,0.7245800581860649,0.7129340560847015,-0.01164600210136335
42,906,0.7194197279250242,0.7139545791599989,-0.005465148765025241
42,907,0.7146653024714138,0.7084207684568988,-0.006244534014514969
42,908,0.7140623195393634,0.7146338002394146,0.0005714807000511968
42,909,0.7127603047724882,0.7013016009337008,-0.011458703838787443
42,910,0.7266470923889539,0.7159585968834187,-0.01068849550553519
42,911,0.7076617754657326,0.6975401777394572,-0.010121597726275411
42,912,0.7081494079122661,0.700152807238213,-0.007996600674053056
42,913,0.7154935873187804,0.7100440752825589,-0.005449512036221571
42,914,0.7018830027266226,0.6948363449643213,-0.007046657762301289
42,915,0.7108728875331143,0.6986092311658473,-0.012263656367267006
42,916,0.7075517791142867,0.7073442062526701,-0.0002075728616165451
42,917,0.7264966448460104,0.7112320407295082,-0.015264604116502212
42,918,0.7025620945187844,0.6850109074918358,-0.017551187026948578
42,919,0.6996227156309576,0.6975861854409656,-0.0020365301899919475
42,920,0.7148073299644342,0.7066520392800084,-0.008155290684425776
42,921,0.7056164846143187,0.6989910337781944,-0.006625450836124314
42,922,0.7108610050656976,0.7097964909676059,-0.0010645140980917178
42,923,0.7111023051142894,0.704988500302682,-0.006113804811607393
42,924,0.72355838734777,0.712499673455657,-0.011058713892112992
42,925,0.7136540192051155,0.7055861160700323,-0.00806790313508321
42,926,0.7058395902193584,0.6991507748757212,-0.006688815343637189
42,927,0.7142838708559005,0.7055312782165193,-0.008752592639381218
42,928,0.7140034870488068,0.7104997149600153,-0.0035037720887914903
42,929,0.72010481561623,0.7107631400363147,-0.009341675579915276
42,930,0.7190925947916819,0.7089894313081497,-0.01010316348353213
42,931,0.7056312674842555,0.6910787425814124,-0.01455252490284309
42,932,0.6982080875262701,0.6917110536551312,-0.006497033871138869
42,933,0.7019098131187731,0.6984272498101218,-0.0034825633086512653
42,934,0.7164922066171715,0.7062805199875175,-0.010211686629653993
42,935,0.7157119499545621,0.7086267972960894,-0.00708515265847276
42,936,0.7212014647057499,0.709193905613877,-0.0120075590918729
42,937,0.7100122015603363,0.706737214497044,-0.003274987063292323
42,938,0.7143654583992763,0.6976619974508763,-0.01670346094840003
42,939,0.7274848822010901,0.7270766878615251,-0.0004081943395649601
42,940,0.7060413120787166,0.7050329300912108,-0.0010083819875057465
42,941,0.7105651739615115,0.7056159019669451,-0.0049492719945664065
42,942,0.721673439549627,0.7225038301428582,0.0008303905932312006
42,943,0.7073017994109367,0.7005144440975892,-0.0067873553133475095
42,944,0.7150225174116398,0.7063415639869313,-0.008680953424708537
42,945,0.7050214797254168,0.7057949445987289,0.0007734648733120908
42,946,0.7237293765628465,0.7156667036496406,-0.008062672913205948
42,947,0.7135761494726702,0.7047089865258354,-0.008867162946834872
42,948,0.7128392296850858,0.7006522799750015,-0.012186949710084383
42,949,0.7137423427601102,0.7099371373318062,-0.0038052054283039816
42,950,0.7140136328198246,0.7011935938022384,-0.012820039017586105
42,951,0.7177673105777007,0.7143272504768299,-0.0034400601008708342
42,952,0.717685137534317,0.7149354701965763,-0.0027496673377406244
42,953,0.7071822673412569,0.7058793057581567,-0.0013029615831001706
42,954,0.7098402290429663,0.6989783499931608,-0.010861879049805512
42,955,0.7100020488984597,0.696092530587747,-0.013909518310712743
42,956,0.7136059023160323,0.7040654299969823,-0.009540472319049975
42,957,0.7234837755719322,0.7146041776262473,-0.008879597945684936
42,958,0.7102796618705318,0.707846344264434,-0.0024333176060977735
42,959,0.7133968214724293,0.6984750863742182,-0.014921735098211153
42,960,0.7183995735774227,0.7124784575605435,-0.005921116016879169
42,961,0.7018462425583301,0.7004139925521501,-0.0014322500061799692
42,962,0.7179035846654065,0.7111003688507157,-0.006803215814690788
42,963,0.7097130175469833,0.6942368718661163,-0.015476145680867082
42,964,0.7180855203550576,0.710781457920777,-0.0073040624342806115
42,965,0.711577165874792,0.7122132779642003,0.0006361120894082806
42,966,0.7153939688139297,0.7163571827129225,0.0009632138989927874
42,967,0.7111224652784899,0.7157562556328102,0.004633790354320322
42,968,0.7149958880370618,0.7112367229896055,-0.0037591650474563254
42,969,0.7110463274346204,0.7078031831593127,-0.0032431442753076967
42,970,0.7118522488455777,0.7044477939158615,-0.007404454929716198
42,971,0.7210406885560733,0.7088154502847516,-0.012225238271321714
42,972,0.715504695430137,0.717972259461719,0.0024675640315821035
42,973,0.6998592851129777,0.6909973530063627,-0.008861932106615011
42,974,0.7003846140623791,0.6962047116299377,-0.004179902432441374
42,975,0.7135051965930355,0.7179283515824826,0.00442315498944712
42,976,0.7139018316194095,0.7091685779165612,-0.004733253702848272
42,977,0.716456033740779,0.7024210178113273,-0.014035015929451777
42,978,0.7215705250344504,0.7135399842042731,-0.00803054083017729
42,979,0.7152818629271617,0.7113522250982365,-0.003929637828925192
42,980,0.7127861135224152,0.7052461066620829,-0.007540006860332293
42,981,0.7200850069965131,0.7048390062983922,-0.015246000698120876
42,982,0.7173442091121676,0.7110395946021125,-0.00630461451005504
42,983,0.7216647167986632,0.7048647885717636,-0.016799928226899574
42,984,0.7177600293021695,0.7003798357403075,-0.017380193561862045
42,985,0.7181068516280151,0.712136939700498,-0.005969911927517169
42,986,0.705382256900717,0.7080607075975653,0.0026784506968483557
42,987,0.708858085957562,0.7119962092098113,0.0031381232522493807
42,988,0.7250261643216679,0.7041281591551272,-0.020898005166540723
42,989,0.7140718375055359,0.7087453126475081,-0.00532652485802787
42,990,0.6960735915962509,0.6920159606950582,-0.00405763090119271
42,991,0.721538884373297,0.7182047884698431,-0.003334095903453904
42,992,0.7085174367981621,0.7082341820844396,-0.0002832547137225916
42,993,0.7174679847563443,0.7085845733640528,-0.00888341139229154
42,994,0.7140327772369985,0.712512209675001,-0.0015205675619975878
42,995,0.7190807259377627,0.7099171287072161,-0.009163597230546605
42,996,0.7172922877961234,0.7058353179052919,-0.011456969890831559
42,997,0.7170615947112482,0.7032108145007204,-0.013850780210527769
42,998,0.718520209140724,0.7034061325056922,-0.015114076635031837
42,999,0.7142208183842379,0.7085026302852884,-0.005718188098949528
42,1000,0.7079191653015069,0.7028879053061324,-0.00503125999537446
42,1001,0.7178015264625524,0.7124898014198424,-0.005311725042709936
42,1002,0.7224377936891233,0.7149404137836362,-0.007497379905487156
42,1003,0.7094589423752593,0.6980730047670521,-0.011385937608207164
42,1004,0.7181442488778462,0.7156700999922019,-0.002474148885644345
42,1005,0.7119029903098811,0.706141013378285,-0.00576197693159608
42,1006,0.7152558697711391,0.6982181647446926,-0.017037705026446526
42,1007,0.7081786894807167,0.6989810889867766,-0.009197600493940139
42,1008,0.7128535937937848,0.7108618248095007,-0.0019917689842841035
42,1009,0.7152821512643283,0.7042450707615427,-0.011037080502785512
42,1010,0.7127684363088116,0.7021102112604771,-0.010658225048334469
42,1011,0.7062425597545634,0.6904140531302301,-0.015828506624333327
42,1012,0.7083733249196743,0.7030692733776934,-0.005304051541980881
42,1013,0.7106992045104381,0.7006255799381922,-0.01007362457224592
42,1014,0.7092908010425388,0.704861522431121,-0.004429278611417842
42,1015,0.711691753749352,0.7138030349236137,0.0021112811742617366
42,1016,0.7095589861626623,0.710153257536652,0.0005942713739897076
42,1017,0.7113488053937541,0.7000051182686775,-0.011343687125076607
42,1018,0.7105170512895901,0.7037839372024456,-0.006733114087144498
42,1019,0.7057300481320358,0.6982068876068014,-0.007523160525234385
42,1020,0.7176156031008013,0.7120738319773583,-0.005541771123443007
42,1021,0.7159777164104223,0.7054114425624977,-0.010566273847924634
42,1022,0.7148090744493916,0.694018315396493,-0.020790759052898622
42,1023,0.7067022579443827,0.7009867851541947,-0.005715472790188025
42,1024,0.7019081417222149,0.7014653511786259,-0.00044279054358908887
42,1025,0.7030595861933004,0.6946478564268567,-0.008411729766443776
42,1026,0.7024512744827395,0.7038749201954168,0.0014236457126772795
42,1027,0.704905164794075,0.6987633737712862,-0.006141791022788778
42,1028,0.7061000094520489,0.7026115163347645,-0.003488493117284386
42,1029,0.7123146157453772,0.7063723016711412,-0.005942314074236066
42,1030,0.7181592784914989,0.7082559415398507,-0.009903336951648134
42,1031,0.7152111618437947,0.7094719459617636,-0.00573921588203119
42,1032,0.7074909647490948,0.6957669512439564,-0.011724013505138409
42,1033,0.7168429532864282,0.7061771885071029,-0.010665764779325348
42,1034,0.7036325682885078,0.6940105462759465,-0.009622022012561349
42,1035,0.7185517398192498,0.7027999169662378,-0.01575182285301202
42,1036,0.7155663673744412,0.7126176078130504,-0.0029487595613908457
42,1037,0.7095284082156492,0.7099388556076127,0.00041044739196349767
42,1038,0.7258943624401184,0.7180534742941034,-0.007840888146015024
42,1039,0.7136592482529155,0.7166479110206938,0.002988662767778316
42,1040,0.7128610497300731,0.7122900295360102,-0.0005710201940629656
42,1041,0.7070274220954711,0.69557183471324,-0.01145558738223107
42,1042,0.7087921144728686,0.7096805124307384,0.0008883979578697687
42,1043,0.7109489355954421,0.7055596286814176,-0.005389306914024505
42,1044,0.7082053290239195,0.6950752231503027,-0.013130105873616849
42,1045,0.7192793670604571,0.714223898310791,-0.005055468749666114
42,1046,0.7094601264109938,0.7020777998381204,-0.00738232657287341
42,1047,0.7227652483733573,0.708584766656733,-0.014180481716624338
42,1048,0.7149095400722362,0.7123341162181756,-0.002575423854060621
42,1049,0.7162958192893462,0.719074636690269,0.002778817400922895
42,1050,0.7182483724428205,0.7177155670359031,-0.0005328054069173582
42,1051,0.7123366854305365,0.711257535446963,-0.001079149983573502
42,1052,0.7217989990973639,0.7123391681228741,-0.009459830974489769
42,1053,0.7161802839288725,0.7098902132361218,-0.006290070692750671
42,1054,0.7041082212802068,0.708922323135268,0.004814101855061259
42,1055,0.7208991751416177,0.7105892468566237,-0.010309928284993997
42,1056,0.7026278609937886,0.707564852725773,0.004936991731984364
42,1057,0.7256873583187183,0.7084961667830953,-0.017191191535622985
42,1058,0.7127692750311823,0.6980820178527547,-0.01468725717842756
42,1059,0.7156956350046852,0.7102053536080417,-0.005490281396643537
42,1060,0.7228230669604236,0.7069406717237982,-0.01588239523662549
42,1061,0.7254008010877806,0.713596238476547,-0.011804562611233638
42,1062,0.7090485070083484,0.7058558336863163,-0.0031926733220321024
42,1063,0.7155440440237553,0.7129480621770545,-0.0025959818467007345
42,1064,0.7093248963905256,0.7071422841596007,-0.002182612230924974
42,1065,0.7186124382542893,0.7100407502634086,-0.008571687990880705
42,1066,0.7041185068634501,0.7094381982235857,0.005319691360135548
42,1067,0.7054252450603228,0.7035885651795939,-0.0018366798807288864
42,1068,0.6992253298938571,0.7021674178711366,0.0029420879772794617
42,1069,0.7147685142042361,0.712782303632326,-0.001986210571910174
42,1070,0.7121728227250341,0.6972531548861324,-0.014919667838901751
42,1071,0.7232758651396174,0.7192552651053217,-0.004020600034295718
42,1072,0.7087986616607854,0.7062468091028888,-0.0025518525578965834
42,1073,0.7168384913165563,0.7046708513494215,-0.012167639967134769
42,1074,0.7115358746694962,0.7030693445607983,-0.008466530108697912
42,1075,0.7095057700589097,0.6951195648972042,-0.014386205161705523
42,1076,0.7185498361736755,0.7061428122386548,-0.012407023935020689
42,1077,0.7081013908761111,0.7026483469339542,-0.005453043942156954
42,1078,0.721339480179122,0.708130158952742,-0.013209321226379966
42,1079,0.7155709321803785,0.705930958547442,-0.00963997363293645
42,1080,0.7077009432556256,0.7107377340806089,0.0030367908249833153
42,1081,0.7053477293602781,0.7043240189057781,-0.0010237104545000042
42,1082,0.7210884814531449,0.7169732217107541,-0.004115259742390798
42,1083,0.7161921871174721,0.7072899307005647,-0.00890225641690745
42,1084,0.7089168362832696,0.6979055665649188,-0.011011269718350869
42,1085,0.7122855441595082,0.7070866394607028,-0.005198904698805351
42,1086,0.7102894265380411,0.7129362381618297,0.0026468116237886585
42,1087,0.7191622196557235,0.7205525053914429,0.001390285735719421
42,1088,0.717362725914092,0.7018738018046936,-0.015488924109398394
42,1089,0.7189499625299651,0.7148918604821266,-0.004058102047838519
42,1090,0.7033665229037946,0.6965384939883309,-0.006828028915463746
42,1091,0.7274149817963391,0.7186098956416969,-0.008805086154642261
42,1092,0.7118175898093226,0.7016599525389493,-0.010157637270373332
42,1093,0.7183618970854007,0.7156289039603367,-0.0027329931250639206
42,1094,0.7035068095707258,0.6965361550250273,-0.0069706545456984514
42,1095,0.715879379910645,0.7151106227534807,-0.0007687571571642904
42,1096,0.7103321210550245,0.7089693668698002,-0.0013627541852243574
42,1097,0.7137026527436572,0.715532304901984,0.0018296521583268666
42,1098,0.7082406804229666,0.7070580122412091,-0.0011826681817574958
42,1099,0.7071963283165925,0.7040349212143121,-0.0031614071022804113
42,1100,0.7151707682531645,0.7082720336458349,-0.006898734607329593
42,1101,0.7066519404600664,0.7148507698028161,0.008198829342749736
42,1102,0.7019962700444768,0.7011698823964668,-0.0008263876480100185
42,1103,0.7181090095555522,0.7017677298757945,-0.016341279679757736
42,1104,0.7035165959300601,0.701888971667102,-0.0016276242629581494
42,1105,0.7060088066911692,0.6923970795008118,-0.013611727190357414
42,1106,0.7239514577057201,0.7153027374139886,-0.008648720291731471
42,1107,0.714245795795957,0.6995259919567846,-0.014719803839172485
42,1108,0.717670954289149,0.7201317786420665,0.002460824352917501
42,1109,0.717316391795489,0.7076784593598676,-0.009637932435621388
42,1110,0.7167010883730701,0.7069839322958387,-0.009717156077231448
42,1111,0.7155743365230299,0.6996306457013592,-0.015943690821670686
42,1112,0.7115742746980863,0.7049994198581484,-0.006574854839937916
42,1113,0.7050541893387945,0.70077534806647,-0.004278841272324474
42,1114,0.7238386578820759,0.7050165910539273,-0.018822066828148576
42,1115,0.7219766230410096,0.7134561003919254,-0.008520522649084206
42,1116,0.7108647821860861,0.7053087264416087,-0.005556055744477373
42,1117,0.7129587483632136,0.7112224107151159,-0.0017363376480976633
42,1118,0.7084346217248811,0.7000677968642279,-0.00836682486065321
42,1119,0.7170018705528178,0.7082074744437068,-0.008794396109111036
42,1120,0.722469172932275,0.7130187294297281,-0.009450443502546868
42,1121,0.7184325975686772,0.7008606173049323,-0.017571980263744846
42,1122,0.7098606302803212,0.6995528073782673,-0.010307822902053898
42,1123,0.7132148884805821,0.7016841881473013,-0.011530700333280852
42,1124,0.7236272403742388,0.7212709698358342,-0.0023562705384045923
42,1125,0.7221972861769012,0.7185356362310731,-0.0036616499458280716
42,1126,0.7041476437156292,0.7013753377709386,-0.0027723059446905784
42,1127,0.7285134961232979,0.7177892299169024,-0.010724266206395439
42,1128,0.7120594993979565,0.7111771125774724,-0.0008823868204841379
42,1129,0.7076558970066542,0.6947968594864781,-0.012859037520176142
42,1130,0.6986704995778765,0.6958560392759056,-0.002814460301970967
42,1131,0.720642740347504,0.7101610211439708,-0.010481719203533135
42,1132,0.7262482821496427,0.7313254201101909,0.005077137960548206
42,1133,0.7234991762525671,0.7123434853806753,-0.011155690871891832
42,1134,0.7118916592963799,0.7031996010826922,-0.008692058213687681
42,1135,0.7189850833755546,0.7139681703859284,-0.005016912989626143
42,1136,0.7167620081130386,0.7061627164627995,-0.010599291650239095
42,1137,0.7211880040920216,0.7150230243131552,-0.00616497977886632
42,1138,0.7170872549476919,0.7024070782863663,-0.014680176661325595
42,1139,0.7082615354027719,0.704611557134144,-0.003649978268627896
42,1140,0.7148855150287421,0.7111545719668513,-0.0037309430618908124
42,1141,0.7079177703070962,0.7014089778216253,-0.006508792485470982
42,1142,0.7166158744867426,0.7058547104866763,-0.010761164000066326
42,1143,0.7109637781224973,0.7082657100568198,-0.002698068065677517
42,1144,0.7206007058220467,0.7188629359705259,-0.001737769851520854
42,1145,0.7175900793041619,0.7120422493617132,-0.005547829942448623
42,1146,0.7198991608066605,0.7113389708048481,-0.008560190001812407
42,1147,0.7087707008143923,0.6979948741776514,-0.010775826636740926
42,1148,0.7121650180938124,0.7123948730108536,0.00022985491704119454
42,1149,0.7161332473803874,0.7093194498146035,-0.00681379756578393
42,1150,0.7061936881753632,0.7098746937869527,0.0036810056115894607
42,1151,0.697357367798674,0.704383596780069,0.007026228981395044
42,1152,0.7193086012945,0.7197813612013528,0.00047275990685280433
42,1153,0.7158962109715599,0.7079363701651222,-0.007959840806437635
42,1154,0.7119996769847408,0.7068414730033852,-0.00515820398135558
42,1155,0.7172208116988634,0.7000357393304246,-0.017185072368438803
42,1156,0.7213997895737465,0.7127322240965029,-0.008667565477243566
42,1157,0.7030588786249252,0.7026768339389065,-0.0003820446860187676
42,1158,0.7302935769390289,0.7274392633243979,-0.0028543136146309545
42,1159,0.7172366655930847,0.711795453651466,-0.005441211941618729
42,1160,0.7167149066625385,0.7092026263686663,-0.007512280293872187
42,1161,0.7055416898872542,0.7082822653479228,0.0027405754606686372
42,1162,0.7072634888257714,0.6957606839369279,-0.011502804888843476
42,1163,0.6928720081127988,0.685123789829657,-0.007748218283141761
42,1164,0.7263868788496077,0.7140893099377812,-0.01229756891182654
42,1165,0.7193151789980038,0.7109091990971176,-0.008405979900886207
42,1166,0.7134370003725081,0.7103535916860079,-0.0030834086865002552
42,1167,0.7152674205635035,0.7121351500354899,-0.00313227052801357
42,1168,0.7219393489874302,0.7168209717229002,-0.005118377264530016
42,1169,0.718106295126048,0.6956484782826216,-0.022457816843426404
42,1170,0.7161248250891977,0.7059490640505113,-0.010175761038686448
42,1171,0.7124064791716596,0.7073896165576484,-0.0050168626140111305
42,1172,0.7137768408591312,0.7068227281435993,-0.006954112715531924
42,1173,0.7089733120313029,0.7029505378680281,-0.006022774163274791
42,1174,0.7132949354590601,0.7016216948794406,-0.011673240579619493
42,1175,0.7081588076377092,0.7013707105328043,-0.006788097104904911
42,1176,0.706439423631454,0.6980343361611512,-0.008405087470302774
42,1177,0.6991790838671645,0.695761419811088,-0.0034176640560765748
42,1178,0.7083229511135345,0.7086340539814662,0.0003111028679316785
42,1179,0.7158639588660999,0.7092762850219705,-0.006587673844129394
42,1180,0.7003263025645226,0.696186953201283,-0.004139349363239564
42,1181,0.7152220741979037,0.7146467571799793,-0.0005753170179244593
42,1182,0.7157781133962537,0.708894039741541,-0.0068840736547127745
42,1183,0.7183028862573693,0.7125133379460064,-0.005789548311362913
42,1184,0.7165230038506013,0.7031278331138004,-0.013395170736800854
42,1185,0.7159498912928264,0.6989462838585798,-0.01700360743424656
42,1186,0.7244793037991718,0.7113927976296834,-0.013086506169488366
42,1187,0.7073192970778499,0.7035606198053468,-0.0037586772725031192
42,1188,0.7319032864072565,0.7201920998794022,-0.0117111865278543
42,1189,0.7165524100824594,0.7105116406157275,-0.006040769466731932
42,1190,0.7075564212264752,0.7038485322148937,-0.0037078890115814778
42,1191,0.712493962300232,0.7065088100912921,-0.0059851522089399145
42,1192,0.7227080312647259,0.7150063949043447,-0.0077016363603812366
42,1193,0.7192596333284386,0.7110578342210998,-0.008201799107338759
42,1194,0.7152158780195665,0.7071361069579327,-0.008079771061633823
42,1195,0.7108116983105333,0.707588541419543,-0.0032231568909902863
42,1196,0.7151403365896503,0.7099263809065534,-0.005213955683096905
42,1197,0.715052668536097,0.7076387578638003,-0.007413910672296686
42,1198,0.7178686576121154,0.6978563915482126,-0.020012266063902828
42,1199,0.71528006614393,0.7120441813448766,-0.0032358847990534567
42,1200,0.705822159553338,0.7028276274567714,-0.0029945320965666378
42,1201,0.7251999732299625,0.7225605067973286,-0.002639466432633908
42,1202,0.7166830191654419,0.7043081200075618,-0.012374899157880037
42,1203,0.7043854588984073,0.7016019487082452,-0.0027835101901620973
42,1204,0.721219115177492,0.7169119450708387,-0.00430717010665338
42,1205,0.7043398176715487,0.6978424497042275,-0.006497367967321255
42,1206,0.7156298973826256,0.713585201223174,-0.0020446961594515756
42,1207,0.7205088330297207,0.7130688190744501,-0.007440013955270608
42,1208,0.7087104973432231,0.709636874926424,0.0009263775832009102
42,1209,0.7072482206961278,0.69898199747941,-0.008266223216717772
42,1210,0.716815451238298,0.7012340112881708,-0.015581439950127285
42,1211,0.7158184735067883,0.7101493829502059,-0.005669090556582379
42,1212,0.7164562632696774,0.706208232566572,-0.010248030703105426
42,1213,0.7183635210833635,0.7121239677636308,-0.0062395533197326936
42,1214,0.7187001465837357,0.7110836662399561,-0.007616480343779597
42,1215,0.7230462108561351,0.7137948047361597,-0.009251406119975325
42,1216,0.7096830899461111,0.7020353462718611,-0.007647743674249918
42,1217,0.7204298006070973,0.7022682587554429,-0.018161541851654417
42,1218,0.7104733260056952,0.700452898398255,-0.010020427607440263
42,1219,0.7119914315694841,0.6904389281798684,-0.021552503389615674
42,1220,0.7141198817184209,0.7087631537455229,-0.00535672797289799
42,1221,0.7135721033916299,0.7078315623935894,-0.005740540998040555
42,1222,0.7192282928120259,0.7152867723907033,-0.003941520421322675
42,1223,0.7116724190646729,0.6991392488763819,-0.012533170188291032
42,1224,0.7217521537947653,0.7109344279555819,-0.01081772583918339
42,1225,0.7148814310295069,0.7075054289613422,-0.007376002068164689
42,1226,0.7192920934714,0.7102611806107713,-0.009030912860628737
42,1227,0.709199570562965,0.7057304428784947,-0.0034691276844702745
42,1228,0.7115356807150579,0.7021145267517221,-0.00942115396333576
42,1229,0.7053533355380034,0.698711858208032,-0.006641477329971335
42,1230,0.7053232367836435,0.6986623185740088,-0.006660918209634659
42,1231,0.7126416906373156,0.7152954638910015,0.002653773253685876
42,1232,0.7057118583705673,0.7064635528290242,0.0007516944584569085
42,1233,0.705976101450669,0.7054258099816237,-0.0005502914690452831
42,1234,0.7160005682172541,0.7120248393230616,-0.0039757288941925095
42,1235,0.7215969614241022,0.704431701817923,-0.017165259606179206
42,1236,0.7159600869864328,0.700247173766491,-0.015712913219941727
42,1237,0.7194315914228135,0.7126474115149153,-0.006784179907898258
42,1238,0.722462641955288,0.7163818167379705,-0.006080825217317454
42,1239,0.7162136881386288,0.7066175332743971,-0.00959615486423171
42,1240,0.7103125584878063,0.6995372453725321,-0.010775313115274132
42,1241,0.7243150225142841,0.7108633770646959,-0.013451645449588212
42,1242,0.7131153622596331,0.6993587017786599,-0.013756660480973237
42,1243,0.7101826429382612,0.7075612578034514,-0.002621385134809806
42,1244,0.7209588195039583,0.7257720277226776,0.004813208218719223
42,1245,0.7192541345056724,0.7093011724385891,-0.009952962067083293
42,1246,0.7106073374585203,0.7112308536804671,0.0006235162219467849
42,1247,0.7101852516603973,0.7066691733241097,-0.0035160783362875314
42,1248,0.7126075201820088,0.7058191796813671,-0.006788340500641699
42,1249,0.7100027742094912,0.7139362975960706,0.003933523386579374
42,1250,0.7133107504858195,0.7062174774380015,-0.007093273047818038
42,1251,0.7108536646305412,0.7070311979193205,-0.0038224667112207733
42,1252,0.7109548536303594,0.7016669854105062,-0.009287868219853168
42,1253,0.7150317596810984,0.699390484311986,-0.015641275369112417
42,1254,0.7154770817579847,0.7117024491582132,-0.0037746325997715102
42,1255,0.7184979200716541,0.7139967736904036,-0.0045011463812505426
42,1256,0.7153443256570243,0.7016461260245921,-0.01369819963243224
42,1257,0.7170730757779847,0.7134945438599807,-0.0035785319180040576
42,1258,0.7237516688103226,0.7155747302761916,-0.00817693853413104
42,1259,0.7072618985905552,0.7028532745245388,-0.004408624066016387
42,1260,0.7194674883396341,0.7129822173873946,-0.006485270952239497
42,1261,0.7139895550155786,0.707024829300714,-0.006964725714864617
42,1262,0.7168653837994734,0.7115859087719396,-0.0052794750275337865
42,1263,0.7131912318884914,0.7149472107321584,0.001755978843666961
42,1264,0.71548337261171,0.70355469567792,-0.011928676933790072
42,1265,0.7139939057777989,0.7004521813350301,-0.013541724442768799
42,1266,0.7217170777042259,0.714305364354287,-0.007411713349938842
42,1267,0.7228203256728098,0.7112948195880957,-0.011525506084714143
42,1268,0.739223020766707,0.7189077328196325,-0.02031528794707449
42,1269,0.7120684596503752,0.7197283123552998,0.00765985270492453
42,1270,0.7126601713313933,0.709868095622682,-0.002792075708711206
42,1271,0.704009894228159,0.6905745016903633,-0.013435392537795687
42,1272,0.7038217737739744,0.689366162843375,-0.014455610930599327
42,1273,0.7100222710648141,0.7057087334127944,-0.004313537652019694
42,1274,0.7101491909955542,0.7080305650168347,-0.0021186259787194794
42,1275,0.7154909811969217,0.7110728653804539,-0.0044181158164677825
42,1276,0.7159748273492911,0.7098291122008311,-0.006145715148459963
42,1277,0.7181094149470273,0.7116316032021253,-0.006477811744902029
42,1278,0.7009078457466795,0.6887928722398751,-0.01211497350680446
42,1279,0.7014143467400386,0.6978045184552634,-0.003609828284775185
42,1280,0.720877974795542,0.7154680668317296,-0.005409907963812466
42,1281,0.7153995096512346,0.7193665337642843,0.003967024113049722
42,1282,0.7275206123996696,0.7209403616607499,-0.006580250738919657
42,1283,0.7102153552288185,0.7021632130538606,-0.008052142174957866
42,1284,0.7048107603908245,0.704583591075911,-0.00022716931491351122
42,1285,0.7139418501516568,0.706620259772621,-0.007321590379035792
42,1286,0.7192224715403911,0.7151944898254243,-0.004027981714966766
42,1287,0.7230617258387018,0.7079394653049444,-0.015122260533757315
42,1288,0.7098491276343231,0.7100119950151976,0.0001628673808745651
42,1289,0.7196186411465488,0.7084086151583509,-0.01121002598819798
42,1290,0.7118658311663706,0.7094336562531889,-0.002432174913181706
42,1291,0.7143028240370991,0.7119019163341856,-0.0024009077029134573
42,1292,0.7246551603289201,0.7197807593921561,-0.004874400936763945
42,1293,0.7258707094084571,0.7263908504923839,0.0005201410839268394
42,1294,0.7155690682854481,0.7059758797368374,-0.009593188548610687
42,1295,0.7142849445408637,0.712282135803801,-0.0020028087370627112
42,1296,0.7138214953923746,0.7080815787270014,-0.0057399166653732125
42,1297,0.7079728502779672,0.6917058530928417,-0.016266997185125476
42,1298,0.7204852355390194,0.7112858813224239,-0.009199354216595568
42,1299,0.7197590346924068,0.6992860193560033,-0.020473015336403444
42,1300,0.7017700743234159,0.6979871492370061,-0.0037829250864097608
42,1301,0.7128383582431784,0.6985455250533477,-0.014292833189830767
42,1302,0.7110679433540887,0.7121590961075243,0.0010911527534355203
42,1303,0.7136252915212401,0.7111119830011184,-0.00251330852012166
42,1304,0.7227305322996376,0.7159716983931729,-0.006758833906464701
42,1305,0.7101055999999885,0.7068264529616937,-0.003279147038294794
42,1306,0.719445880123817,0.7011546153747716,-0.01829126474904541
42,1307,0.705180944468337,0.6958598911956009,-0.009321053272736135
42,1308,0.7101776637028985,0.7010332866002666,-0.009144377102631829
42,1309,0.7105942666731113,0.6985349098395707,-0.012059356833540646
42,1310,0.7199976433546598,0.7221879876529795,0.0021903442983197685
42,1311,0.7072789158613302,0.7057122645199337,-0.0015666513413964411
42,1312,0.7164485668272154,0.7032549509739641,-0.013193615853251295
42,1313,0.6987825991094133,0.7036512598386657,0.004868660729252405
42,1314,0.7238282492101558,0.7133317415129854,-0.010496507697170365
42,1315,0.7160160260900847,0.7138847649963476,-0.00213126109373718
42,1316,0.7115642243591327,0.7091053177758647,-0.0024589065832679724
42,1317,0.707873406930897,0.700354254192683,-0.007519152738213908
42,1318,0.7086949633924042,0.6998929901496842,-0.00880197324272003
42,1319,0.7119163525269179,0.7004778755133364,-0.011438477013581472
42,1320,0.7197901466195564,0.7108867837798287,-0.008903362839727702
42,1321,0.7197881278736549,0.7180372851898726,-0.0017508426837822277
42,1322,0.719771578217055,0.7123222907076195,-0.007449287509435409
42,1323,0.705677341144349,0.6994069672209778,-0.006270373923371153
42,1324,0.7144312781362931,0.7082694041532068,-0.006161873983086319
42,1325,0.7182618655340527,0.7074926915459203,-0.010769173988132374
42,1326,0.7156869418758209,0.712312035981151,-0.003374905894669933
42,1327,0.7110279683290621,0.7092020238302091,-0.0018259444988529827
42,1328,0.7066927736807599,0.6944972740888921,-0.012195499591867831
42,1329,0.7132449873076161,0.7074059772851156,-0.005839010022500535
42,1330,0.7137761656978194,0.7041658931054343,-0.009610272592385116
42,1331,0.7019196453770731,0.693629345987045,-0.008290299390028122
42,1332,0.7207250220344497,0.7126002604775805,-0.008124761556869142
42,1333,0.7166873853984309,0.7106803325490492,-0.006007052849381744
42,1334,0.7113679861347493,0.6947547769717521,-0.016613209162997133
42,1335,0.7150941841473515,0.7136781110584689,-0.0014160730888825857
42,1336,0.7246976678608563,0.712497709086251,-0.012199958774605335
42,1337,0.710585080011195,0.7019875675013364,-0.00859751250985863
42,1338,0.7142328557092752,0.7068759801617981,-0.007356875547477104
42,1339,0.7096975852310331,0.709253753303266,-0.000443831927767091
42,1340,0.7305407356455097,0.717023685655267,-0.013517049990242724
42,1341,0.7140054706525545,0.707727194687549,-0.00627827596500552
42,1342,0.7067069875937458,0.7059533216934331,-0.0007536659003127832
42,1343,0.7134501847004401,0.7084540387316196,-0.004996145968820476
42,1344,0.7169684118375308,0.7070042090782294,-0.009964202759301433
42,1345,0.7223226466423744,0.7079576127670277,-0.014365033875346711
42,1346,0.7182429600385323,0.7070106707409382,-0.011232289297594122
42,1347,0.7125999066237012,0.701145322443473,-0.011454584180228156
42,1348,0.7120230314592647,0.7001646982099314,-0.011858333249333275
42,1349,0.7062389576928798,0.7072445260249267,0.0010055683320469022
42,1350,0.7236094320100486,0.7097164095141173,-0.013893022495931273
42,1351,0.7163849406504303,0.7109072283184225,-0.005477712332007889
42,1352,0.7191178081078099,0.7167109816196962,-0.0024068264881137447
42,1353,0.7098780077206097,0.6995629185804486,-0.010315089140161104
42,1354,0.7065643887512876,0.6967455095170778,-0.009818879234209765
42,1355,0.6955035176102844,0.6922549993536988,-0.003248518256585564
42,1356,0.7202049581559229,0.7115999588950173,-0.008604999260905632
42,1357,0.7239849224048494,0.7061959774216353,-0.01778894498321404
42,1358,0.722011295756667,0.7062616154782544,-0.015749680278412614
42,1359,0.7148499432462786,0.7090432045717971,-0.005806738674481449
42,1360,0.7106564241067834,0.7077416130939291,-0.0029148110128542903
42,1361,0.7137509541770533,0.7038342572528871,-0.00991669692416619
42,1362,0.72000289654984,0.7021447283576744,-0.01785816819216557
42,1363,0.7093477857050077,0.7027145383178799,-0.006633247387127783
42,1364,0.7099758274654202,0.6965642733641322,-0.013411554101288026
42,1365,0.7253049228395169,0.7153244979898401,-0.009980424849676761
42,1366,0.7097087953239857,0.7072346747473839,-0.0024741205766017904
42,1367,0.7026155356137216,0.7002017743853071,-0.002413761228414524
42,1368,0.7310103219878503,0.7193438791919751,-0.011666442795875254
42,1369,0.6922693939168582,0.6810500301929716,-0.011219363723886544
42,1370,0.7053320880038141,0.6959770347571856,-0.009355053246628442
42,1371,0.7097517406787844,0.7021389958475135,-0.007612744831270946
42,1372,0.7186059966762905,0.7046417762363388,-0.013964220439951713
42,1373,0.7146875579586522,0.7013216536397266,-0.013365904318925592
42,1374,0.7196167500234157,0.7140269003501081,-0.0055898496733076675
42,1375,0.7207884228260728,0.7205693684726507,-0.0002190543534220657
42,1376,0.7119947291879456,0.7136721430123218,0.0016774138243762504
42,1377,0.7210895119979808,0.7128147435628143,-0.008274768435166502
42,1378,0.716385158395629,0.7113727982150411,-0.005012360180587927
42,1379,0.71873060456239,0.7102751130744083,-0.008455491487981748
42,1380,0.7161556207218366,0.7096787857486947,-0.006476834973141887
42,1381,0.7183385158635966,0.7055086465200342,-0.01282986934356245
42,1382,0.7058209635337107,0.7032000607425737,-0.0026209027911370253
42,1383,0.7079609634577092,0.7018353877083557,-0.006125575749353462
42,1384,0.7068241024901349,0.7020329847473623,-0.004791117742772633
42,1385,0.710388139955503,0.6976757676464515,-0.012712372309051534
42,1386,0.712479539774081,0.7064778176821487,-0.006001722091932282
42,1387,0.7187201984286918,0.7172158182490111,-0.0015043801796806866
42,1388,0.7222658535183568,0.7136040486469178,-0.008661804871438972
42,1389,0.7131835320771607,0.7028741002219379,-0.010309431855222817
42,1390,0.696100700425633,0.6939764109750266,-0.002124289450606387
42,1391,0.7101749078823624,0.7047280312713484,-0.005446876611013951
42,1392,0.7152935938931813,0.7021886938280572,-0.013104900065124103
42,1393,0.7113114677403025,0.7041252684075944,-0.007186199332708143
42,1394,0.7114595872316494,0.7033897066237454,-0.008069880607903923
42,1395,0.701487491604884,0.6993374065204552,-0.002150085084428821
42,1396,0.7176501761286231,0.7089877777929434,-0.008662398335679722
42,1397,0.7237140372774646,0.7153612721233025,-0.008352765154162167
42,1398,0.7137703269628725,0.7008135749553266,-0.012956752007545869
42,1399,0.7011350132315636,0.7073117495396337,0.006176736308070141
42,1400,0.7169743122533719,0.7129257369189177,-0.004048575334454241
42,1401,0.7028476901637346,0.6973691565467263,-0.005478533617008341
42,1402,0.7028513906756612,0.7017025644837644,-0.0011488261918967124
42,1403,0.7092162395153343,0.7053234357090129,-0.0038928038063213988
42,1404,0.7101942027312758,0.7019255066079053,-0.008268696123370445
42,1405,0.7090745346902586,0.7000571323044298,-0.009017402385828821
42,1406,0.7140745238423956,0.7028860955721373,-0.011188428270258233
42,1407,0.7183642145787466,0.7074441119109736,-0.01092010266777299
42,1408,0.7117787318641444,0.7136148386745581,0.0018361068104136846
42,1409,0.7191618047932129,0.7141015693468616,-0.005060235446351258
42,1410,0.7212466653022116,0.7212094756540998,-3.7189648111835005e-05
42,1411,0.7151415051450564,0.7078791612152697,-0.007262343929786641
42,1412,0.7086267153857226,0.7008248944640969,-0.007801820921625735
42,1413,0.7069755026504756,0.7057061179802393,-0.0012693846702362954
42,1414,0.7096443446289283,0.7071840949979635,-0.002460249630964806
42,1415,0.7226401402510317,0.7113296041664694,-0.01131053608456234
42,1416,0.7182727567576017,0.7133643481138688,-0.0049084086437328756
42,1417,0.7048646391702702,0.7103371067554727,0.0054724675852024784
42,1418,0.7138877030453628,0.7111271360630553,-0.002760566982307422
42,1419,0.7077507142706204,0.7064940551761809,-0.001256659094439505
42,1420,0.7153031410722048,0.7085682259569667,-0.00673491511523816
42,1421,0.7205497090164277,0.7086614524938295,-0.011888256522598173
42,1422,0.7099296038476834,0.7110208139651446,0.001091210117461161
42,1423,0.7094035859959317,0.705074842352333,-0.004328743643598698
42,1424,0.7239354247972081,0.7235133102499888,-0.00042211454721929886
42,1425,0.7215436695868391,0.7094433881130588,-0.012100281473780283
42,1426,0.7277222636811942,0.7195062535787201,-0.00821601010247408
42,1427,0.6983614828181659,0.7024645438342233,0.004103061016057397
42,1428,0.716981341896749,0.7098970001256876,-0.007084341771061431
42,1429,0.7193662045050332,0.7034473216578446,-0.015918882847188565
42,1430,0.7134223670699062,0.7120976945575952,-0.0013246725123110537
42,1431,0.7087051705561966,0.6966515887556431,-0.012053581800553492
42,1432,0.7254485118515468,0.7045193939456877,-0.02092911790585905
42,1433,0.7181723503532402,0.7082100561090049,-0.009962294244235337
42,1434,0.7039134702645409,0.7014078242979678,-0.0025056459665731
42,1435,0.7136434881310562,0.7061890035560232,-0.007454484575032949
42,1436,0.7050135162331475,0.6974418569001659,-0.00757165933298154
42,1437,0.7169772235453897,0.7168422833971708,-0.00013494014821890943
42,1438,0.7141254075753843,0.7102397469359589,-0.0038856606394254145
42,1439,0.7110763113968396,0.7032547682737909,-0.007821543123048724
42,1440,0.6997353925063157,0.6964171652485511,-0.003318227257764539
42,1441,0.7047138344008727,0.7025585372865055,-0.0021552971143671273
42,1442,0.7156286691697351,0.7193916708296948,0.003763001659959686
42,1443,0.7141658074660799,0.7080643576153491,-0.0061014498507308
42,1444,0.7231314633916338,0.7205994683605342,-0.0025319950310995765
42,1445,0.7054036559852372,0.7041786232692022,-0.0012250327160350238
42,1446,0.7141569357486137,0.7006855011729997,-0.01347143457561406
42,1447,0.7097787377661826,0.7042738954791368,-0.005504842287045841
42,1448,0.7069962069416008,0.703464280087529,-0.0035319268540717763
42,1449,0.7134353382607037,0.7104239069588042,-0.0030114313018995142
42,1450,0.7163894092904466,0.7095446795279263,-0.006844729762520263
42,1451,0.7192787612556532,0.7098088048616851,-0.009469956393968082
42,1452,0.7109381120614711,0.700856692868143,-0.010081419193328056
42,1453,0.7091243191837195,0.7069904326869187,-0.0021338864968007965
42,1454,0.7202665046401834,0.7092350269871018,-0.011031477653081545
42,1455,0.7078047780681773,0.6952969543608487,-0.012507823707328614
42,1456,0.721421858261405,0.713184482475063,-0.008237375786341983
42,1457,0.696959955847293,0.681537924929283,-0.015422030918009977
42,1458,0.704975437870415,0.7073024603446091,0.0023270224741941403
42,1459,0.7237998350095114,0.712713416439136,-0.0110864185703754
42,1460,0.7116276434388599,0.708769368946503,-0.0028582744923568715
42,1461,0.7230756904649966,0.7242574504227205,0.0011817599577238491
42,1462,0.7161174638407497,0.7065515944394496,-0.009565869401300109
42,1463,0.7161232852003103,0.7019090076976553,-0.014214277502655026
42,1464,0.7247338722731933,0.7161099730646547,-0.008623899208538566
42,1465,0.7171772890590208,0.7133158075589237,-0.0038614815000971303
42,1466,0.7076454011182522,0.6944416728488498,-0.013203728269402415
42,1467,0.7217564035849364,0.708708842210549,-0.01304756137438745
42,1468,0.7129647793262097,0.7085919441596107,-0.004372835166599032
42,1469,0.7114091946597985,0.703884423432895,-0.007524771226903426
42,1470,0.7079815136324796,0.699242821294141,-0.008738692338338683
42,1471,0.7231411446610496,0.7058929525270039,-0.017248192134045714
42,1472,0.7166911412019834,0.7156932017034301,-0.000997939498553313
42,1473,0.6982306930125659,0.6978654160730672,-0.00036527693949872653
42,1474,0.7147721834533731,0.6970627224870014,-0.017709460966371715
42,1475,0.7096034811225016,0.7098172846206167,0.0002138034981150616
42,1476,0.7245879040476491,0.7102845052866245,-0.0143033987610246
42,1477,0.7169524898693456,0.7079941814128267,-0.008958308456518904
42,1478,0.718282894767053,0.7159917756286907,-0.0022911191383623297
42,1479,0.711402109074025,0.7171023526752802,0.005700243601255206
42,1480,0.7144283162178734,0.7100101011769795,-0.0044182150408939025
42,1481,0.7167102094214446,0.7051203675747983,-0.011589841846646243
42,1482,0.7230425273316494,0.7115996405714067,-0.011442886760242743
42,1483,0.7070483905779581,0.704334877161171,-0.00271351341678705
42,1484,0.7033172217912681,0.6968328013964696,-0.0064844203947984624
42,1485,0.71410444627942,0.699920070689232,-0.014184375590188036
42,1486,0.7048069670033521,0.69597970314077,-0.008827263862582146
42,1487,0.7233129549208429,0.7156865851960108,-0.007626369724832105
42,1488,0.702657047970924,0.6949478879923111,-0.007709159978612878
42,1489,0.7002954764426562,0.6907544428786063,-0.009541033564049894
42,1490,0.715187568884734,0.712214038134078,-0.002973530750655984
42,1491,0.7126012506275332,0.7089138679634166,-0.003687382664116612
42,1492,0.7141010462843979,0.7138068472849144,-0.00029419899948346373
42,1493,0.7197770783901545,0.7159469403953876,-0.0038301379947668357
42,1494,0.7236881145957306,0.7202080374936279,-0.00348007710210263
42,1495,0.707930727024465,0.6943226630815722,-0.013608063942892823
42,1496,0.6964060909843868,0.6931909362106368,-0.0032151547737500064
42,1497,0.7155442445141639,0.7111792464745337,-0.004364998039630197
42,1498,0.7136127683876641,0.709806520733108,-0.003806247654556061
42,1499,0.7242457196236594,0.7091849648392696,-0.01506075478438973
42,1500,0.7157701620153754,0.7107445652655514,-0.005025596749823946
42,1501,0.7108471715096234,0.7048153636583516,-0.006031807851271775
42,1502,0.71463065543821,0.703667610909249,-0.010963044528961019
42,1503,0.7009465185949537,0.7027579453940961,0.0018114267991423683
42,1504,0.7005669755553288,0.6889325306902127,-0.011634444865116111
42,1505,0.7164762306552601,0.7015963236320085,-0.014879907023251593
42,1506,0.7191874113461098,0.7113344295912738,-0.007852981754835953
42,1507,0.7239686706619961,0.7160889855474118,-0.007879685114584256
42,1508,0.7097239686367243,0.7085218472119136,-0.001202121424810687
42,1509,0.711159771452068,0.6964133665862903,-0.014746404865777718
42,1510,0.7120664161664874,0.7016535092338047,-0.010412906932682708
42,1511,0.6989226596689004,0.7073140187276884,0.008391359058787962
42,1512,0.7127414046791137,0.7117619668163128,-0.0009794378628009692
42,1513,0.7209028509219368,0.7120938548092193,-0.008808996112717571
42,1514,0.7098510963966993,0.7003403283238703,-0.009510768072829023
42,1515,0.7115080337717276,0.7012643411913223,-0.01024369258040525
42,1516,0.7006090699503713,0.7088002824304909,0.008191212480119558
42,1517,0.7084713974239405,0.6994535307723675,-0.009017866651573003
42,1518,0.7208424529731461,0.7245788959081114,0.003736442934965334
42,1519,0.7104940361524785,0.7007446793244703,-0.00974935682800826
42,1520,0.7070749641278512,0.7014371984243593,-0.005637765703491948
42,1521,0.7247293178814287,0.7215037249520565,-0.0032255929293721897
42,1522,0.7105990566862707,0.7027203927173209,-0.007878663968949762
42,1523,0.7017033517178676,0.7012070970970563,-0.000496254620811265
42,1524,0.7118729933947514,0.7075074800726529,-0.004365513322098558
42,1525,0.7109828298327937,0.7067336258166705,-0.004249204016123165
42,1526,0.7060751868573238,0.7051370764120736,-0.0009381104452502731
42,1527,0.7122851443161451,0.7147388590772236,0.0024537147610784737
42,1528,0.7189024269498421,0.7130101440174712,-0.005892282932370874
42,1529,0.7100141514380591,0.7058552326763085,-0.004158918761750674
42,1530,0.7169129035641599,0.7050962780496719,-0.011816625514488033
42,1531,0.7227133276990059,0.7166102318476171,-0.006103095851388796
42,1532,0.7176189175774204,0.7214505362547499,0.003831618677329507
42,1533,0.7176607700607933,0.705960946757139,-0.011699823303654266
42,1534,0.7192792288256886,0.6995995117508056,-0.01967971707488303
42,1535,0.7116881400619731,0.7143399896968563,0.0026518496348831855
42,1536,0.70765429492355,0.7004826701153388,-0.007171624808211208
42,1537,0.714711438152282,0.7103037333415747,-0.004407704810707291
42,1538,0.7112450717213163,0.7144000113289313,0.003154939607614926
42,1539,0.7189667416022815,0.7098044384225161,-0.009162303179765408
42,1540,0.6992128391003067,0.6917889812696278,-0.007423857830678893
42,1541,0.7178206224956296,0.7237083433954041,0.005887720899774518
42,1542,0.721499650842431,0.7181963597491722,-0.0033032910932587756
42,1543,0.7197003380689114,0.7138059372346925,-0.0058944008342188825
42,1544,0.7104914612284993,0.7080633304084715,-0.0024281308200277962
42,1545,0.7009751098820216,0.6937903067228474,-0.007184803159174247
42,1546,0.7205245424001003,0.7173413212718728,-0.0031832211282275535
42,1547,0.7163902123834032,0.7115738136583438,-0.004816398725059345
42,1548,0.7128673593381751,0.7015186657186792,-0.011348693619495975
42,1549,0.7114927232304276,0.7075567945312886,-0.003935928699138946
42,1550,0.724748499724429,0.7139208955218116,-0.010827604202617414
42,1551,0.7176519879024001,0.7094517778789236,-0.008200210023476595
42,1552,0.7126137026433647,0.7072061621339658,-0.005407540509398845
42,1553,0.7135131548401052,0.7045275080961804,-0.00898564674392488
42,1554,0.7136173527903397,0.7022800878468787,-0.01133726494346099
42,1555,0.710099649774635,0.7032663398881885,-0.006833309886446481
42,1556,0.7046443874588291,0.7057030869541061,0.0010586994952770379
42,1557,0.708000830293553,0.7047711456252741,-0.003229684668278887
42,1558,0.7083152258258307,0.7067227988672464,-0.0015924269585843032
42,1559,0.7187032560819937,0.7087184959004265,-0.009984760181567243
42,1560,0.7027667255395988,0.6979914189793419,-0.004775306560256931
42,1561,0.7093193047758225,0.7000942442408946,-0.009225060534927887
42,1562,0.7262750739836941,0.714884063869195,-0.011391010114499056
42,1563,0.708995111312746,0.7027588018626081,-0.006236309450137867
42,1564,0.7120353634320814,0.708141887120738,-0.0038934763113434023
42,1565,0.6951969306738367,0.6916073641309374,-0.003589566542899325
42,1566,0.7150545971166776,0.7059888628101305,-0.009065734306547113
42,1567,0.7197814539909744,0.714102087704862,-0.0056793662861123195
42,1568,0.7177924089108026,0.7037714656369972,-0.01402094327380543
42,1569,0.7206939292174273,0.7228476068461175,0.0021536776286902315
42,1570,0.7126316010574067,0.6974039835780713,-0.015227617479335431
42,1571,0.7104485798862913,0.6991850100316228,-0.011263569854668476
42,1572,0.710151585248963,0.7087140887936461,-0.0014374964553169889
42,1573,0.7132707218670322,0.6997945161984509,-0.01347620566858132
42,1574,0.7095587903582659,0.7019967895387241,-0.007562000819541725
42,1575,0.7099769675561982,0.7054441699206754,-0.004532797635522834
42,1576,0.7047108760941849,0.696489615936857,-0.008221260157327936
42,1577,0.7171892755870753,0.7011269953978643,-0.016062280189211076
42,1578,0.705108703156049,0.70234744990688,-0.0027612532491689823
42,1579,0.7106147110567058,0.6995388339388726,-0.0110758771178332
42,1580,0.6996505618833124,0.7031760830671514,0.0035255211838389755
42,1581,0.7200872272826927,0.7111722945099392,-0.008914932772753459
42,1582,0.7033918520278741,0.6995518522107906,-0.003839999817083495
42,1583,0.7226033109117163,0.7104763072758704,-0.012127003635845846
42,1584,0.7178893534634022,0.7089382514639324,-0.008951101999469802
42,1585,0.7149271652996534,0.7099780558183251,-0.004949109481328318
42,1586,0.705757259939691,0.7061482735035647,0.0003910135638737211
42,1587,0.715257807015462,0.7031696661165462,-0.012088140898915856
42,1588,0.7201721810870991,0.7143747615301838,-0.005797419556915373
42,1589,0.7052287575901631,0.6961510946873684,-0.00907766290279477
42,1590,0.7207095795513312,0.7127198756290679,-0.00798970392226328
42,1591,0.7132549736636757,0.7025022671535328,-0.010752706510142929
42,1592,0.713219397888249,0.7097895765468362,-0.0034298213414127865
42,1593,0.7069370935931395,0.7013196410877277,-0.005617452505411791
42,1594,0.702989235779744,0.7016520877853312,-0.0013371479944128684
42,1595,0.7090271176853862,0.7067021773760599,-0.0023249403093262844
42,1596,0.7060673288125093,0.702670654800716,-0.0033966740117933325
42,1597,0.7121745406823276,0.7069427890274214,-0.0052317516549061915
42,1598,0.7126810213775903,0.6956959466225224,-0.01698507475506783
42,1599,0.7134827706157948,0.7108938875394453,-0.002588883076349524
42,1600,0.72194321104071,0.7069399415973829,-0.015003269443327083
42,1601,0.7088211597512311,0.6988134676754172,-0.010007692075813868
42,1602,0.720354041369033,0.7136220174152319,-0.006732023953801125
42,1603,0.7255683643166244,0.7157375491360085,-0.009830815180615904
42,1604,0.7213641568128982,0.7121878297247954,-0.009176327088102787
42,1605,0.6914941547775315,0.693803394351704,0.002309239574172506
42,1606,0.709063432058469,0.7127440797391345,0.00368064768066545
42,1607,0.7174208465902296,0.7144500038167174,-0.002970842773512228
42,1608,0.7195842509234119,0.7146702067182444,-0.0049140442051675
42,1609,0.7123610532375095,0.7019115601113773,-0.010449493126132192
42,1610,0.7166042235400705,0.7043748240549856,-0.012229399485084835
42,1611,0.7193188434167382,0.7110267126347041,-0.008292130782034168
42,1612,0.7265521356330343,0.7132175522521715,-0.013334583380862797
42,1613,0.7094194190676413,0.7020373297225754,-0.007382089345065901
42,1614,0.7141294227096746,0.7186324705930316,0.004503047883356981
42,1615,0.7079241117683199,0.7101459777830832,0.002221866014763263
42,1616,0.714016331374445,0.709496347209037,-0.0045199841654079975
42,1617,0.7099008140776477,0.695876487833166,-0.014024326244481689
42,1618,0.7082045795850378,0.7028121150409444,-0.005392464544093367
42,1619,0.7120468064070723,0.7111650232421776,-0.0008817831648947339
42,1620,0.7089116080558541,0.7053905104093361,-0.003521097646517979
42,1621,0.7215002566463259,0.7162552061716302,-0.0052450504746957005
42,1622,0.7151860633005609,0.711038911693977,-0.004147151606583854
42,1623,0.70971821925154,0.7021513944603772,-0.007566824791162774
42,1624,0.7119988579017595,0.7178606197864448,0.005861761884685235
42,1625,0.7071642674218415,0.6991966672845804,-0.007967600137261055
42,1626,0.7148818822966634,0.7040026269388706,-0.010879255357792772
42,1627,0.7154868297925112,0.6994911616457342,-0.015995668146776998
42,1628,0.7133381599338322,0.710555778665388,-0.0027823812684442117
42,1629,0.722313830638728,0.7146657575992305,-0.007648073039497549
42,1630,0.7185324361629476,0.7095877214347499,-0.008944714728197689
42,1631,0.7104466411365074,0.7004944385078669,-0.009952202628640494
42,1632,0.7198853836016427,0.7137974266232765,-0.006087956978366171
42,1633,0.7067608820214943,0.7057082805644703,-0.001052601457024016
42,1634,0.7082330911196868,0.7076321044342744,-0.0006009866854124191
42,1635,0.716531710593343,0.7046863403126049,-0.011845370280738066
42,1636,0.7138377299408842,0.7006992358654065,-0.013138494075477736
42,1637,0.7125507361310448,0.7018318789107028,-0.010718857220342048
42,1638,0.7006100338116501,0.7060064423731301,0.005396408561480048
42,1639,0.7198880294167894,0.7116852238333389,-0.008202805583450545
42,1640,0.7134354131469655,0.6989487939528097,-0.014486619194155725
42,1641,0.7045486928786906,0.7088124466142016,0.004263753735511022
42,1642,0.7104548385040468,0.7184058210460472,0.00795098254200044
42,1643,0.727690764313693,0.7153148018537825,-0.012375962459910461
42,1644,0.7101016760479237,0.7088110727047061,-0.0012906033432176223
42,1645,0.7273537320991208,0.7172651296726701,-0.01008860242645071
42,1646,0.7206154698412535,0.7126550649431707,-0.007960404898082807
42,1647,0.7247069311288965,0.7124808894173558,-0.012226041711540736
42,1648,0.7172500183470211,0.718733970802689,0.001483952455667903
42,1649,0.7112391837726497,0.7033100850391234,-0.007929098733526319
42,1650,0.709087049275434,0.6986455923051547,-0.010441456970279317
42,1651,0.7179772080367517,0.7121543972636211,-0.005822810773130627
42,1652,0.719005206323665,0.7176382623147213,-0.0013669440089437712
42,1653,0.7189497234526766,0.7026634869552786,-0.01628623649739802
42,1654,0.7220282863503187,0.7151311335290078,-0.00689715282131087
42,1655,0.7115584204710601,0.7060546769534044,-0.0055037435176557015
42,1656,0.7255549189981538,0.7136842927733178,-0.011870626224836034
42,1657,0.7154417708483858,0.7149394099865221,-0.0005023608618637265
42,1658,0.7173180261719643,0.7117387048969647,-0.005579321274999605
42,1659,0.7255361451252038,0.7152933402010606,-0.0102428049241432
42,1660,0.7059232989614653,0.6973485420625823,-0.008574756898882985
42,1661,0.7211909488567628,0.7082146878544753,-0.012976261002287548
42,1662,0.7264206396183948,0.7198018796010281,-0.0066187600173666095
42,1663,0.7199840738787121,0.7239785036375846,0.003994429758872542
42,1664,0.7198464611754732,0.7079949500659626,-0.01185151110951066
42,1665,0.7102985149232214,0.7017538268577725,-0.008544688065448836
42,1666,0.7066867880207586,0.7012905086962676,-0.005396279324490938
42,1667,0.7096082924616086,0.7047357686911542,-0.00487252377045444
42,1668,0.7188434651563897,0.7146732766687391,-0.004170188487650606
42,1669,0.7160635782004188,0.7135590908412879,-0.0025044873591308914
42,1670,0.7043065620529567,0.7060091524997238,0.0017025904467671271
42,1671,0.7198826187109933,0.709164397927109,-0.010718220783884402
42,1672,0.7024992468567248,0.7013583516813844,-0.0011408951753404395
42,1673,0.7169491011783421,0.7066235145655164,-0.010325586612825677
42,1674,0.7137842548805329,0.7016339504659729,-0.012150304414559998
42,1675,0.7238257099720304,0.7063661301027324,-0.017459579869298025
42,1676,0.7091199300551999,0.7001461682055861,-0.008973761849613848
42,1677,0.7117578378892527,0.7103037000434377,-0.0014541378458150511
42,1678,0.7138410817219762,0.7062752177112124,-0.0075658640107638675
42,1679,0.7141604300650765,0.7059695869663218,-0.008190843098754619
42,1680,0.710800041335359,0.7123348799520446,0.0015348386166855743
42,1681,0.7000872665278671,0.6983284594672787,-0.0017588070605883965
42,1682,0.7250674822595204,0.7130084300974653,-0.012059052162055162
42,1683,0.7075176145666656,0.710203064772208,0.002685450205542339
42,1684,0.7068649256751292,0.7026567640416281,-0.0042081616335010175
42,1685,0.7157761992264897,0.7193945385288643,0.0036183393023745403
42,1686,0.7106863878929356,0.7101869893512116,-0.0004993985417239832
42,1687,0.7121039309554296,0.7054004004510488,-0.0067035305043807725
42,1688,0.7241942951004053,0.7144039294084019,-0.009790365692003422
42,1689,0.7220897071354029,0.7077437361225545,-0.014345971012848402
42,1690,0.7145752884074061,0.7124792896155379,-0.002095998791868281
42,1691,0.7142389885906116,0.7094139392675911,-0.004825049323020525
42,1692,0.702111915138546,0.6967652634308924,-0.0053466517076535824
42,1693,0.7126561759005158,0.7139277123849193,0.0012715364844034793
42,1694,0.7145139608663732,0.7040829251183364,-0.010431035748036832
42,1695,0.7121379240971785,0.7108368916313927,-0.001301032465785723
42,1696,0.71288430216713,0.7123889989629096,-0.0004953032042203098
42,1697,0.7269450984480259,0.7143951890597482,-0.012549909388277714
42,1698,0.7199697197053495,0.7137179684412503,-0.006251751264099159
42,1699,0.7082803850971725,0.7057012737107653,-0.002579111386407207
42,1700,0.7051947978331896,0.7096188540472066,0.00442405621401698
42,1701,0.7126460060307269,0.7056460406964236,-0.00699996533430336
42,1702,0.7100123816926431,0.7113613999990009,0.0013490183063578076
42,1703,0.7094547986259918,0.6954195121361852,-0.014035286489806564
42,1704,0.7175049187549819,0.7061111529434684,-0.011393765811513523
42,1705,0.717992088252407,0.7056482812408904,-0.012343807011516605
42,1706,0.7086375711912641,0.704520995421067,-0.004116575770197084
42,1707,0.7049986597337383,0.6909334028484702,-0.014065256885268163
42,1708,0.7104638514480156,0.704470846831987,-0.0059930046160285855
42,1709,0.7207596823357865,0.7210611042852643,0.0003014219494777981
42,1710,0.7164377492178358,0.7051362185031314,-0.01130153071470441
42,1711,0.7167211885517452,0.7113227553314297,-0.005398433220315413
42,1712,0.7138020742729636,0.704917699146407,-0.008884375126556598
42,1713,0.7254151578802344,0.7203707660524155,-0.005044391827818906
42,1714,0.7133323389104276,0.703202060422484,-0.010130278487943567
42,1715,0.7056277037824661,0.7113174043559538,0.0056897005734877215
42,1716,0.7104589051162411,0.7029993855225551,-0.007459519593685959
42,1717,0.714969548014498,0.7030307716639476,-0.011938776350550406
42,1718,0.7216150345771444,0.7046530618548428,-0.0169619727223016
42,1719,0.7186344001460117,0.7143481875651616,-0.004286212580850046
42,1720,0.7139858225255065,0.7030737048593106,-0.01091211766619582
42,1721,0.703074485554018,0.7009831084566284,-0.0020913770973896018
42,1722,0.7238085165162295,0.7102400842363628,-0.013568432279866705
42,1723,0.7054790284802563,0.7069458032589486,0.0014667747786922813
42,1724,0.7161999788217038,0.7138407252344379,-0.0023592535872659637
42,1725,0.7067074094875649,0.695483913433931,-0.01122349605363393
42,1726,0.7086453095913099,0.7027002557103095,-0.005945053881000417
42,1727,0.7323787789190953,0.7158283759704192,-0.016550402948676157
42,1728,0.7123743068309961,0.7053817575688683,-0.0069925492621277785
42,1729,0.7238250495959109,0.7108057538692455,-0.01301929572666538
42,1730,0.7213564200101266,0.7097546371536281,-0.011601782856498488
42,1731,0.7098376181098872,0.7124929781004021,0.002655359990514916
42,1732,0.7203051817337444,0.7106750049204038,-0.009630176813340552
42,1733,0.7119712311709763,0.6968245040793215,-0.015146727091654766
42,1734,0.7230814682650568,0.7144264390738009,-0.008655029191255936
42,1735,0.7238937946472204,0.7103228041987095,-0.013570990448510845
42,1736,0.7188985573033568,0.7129682951465981,-0.005930262156758737
42,1737,0.7112306616508526,0.7014437342706988,-0.009786927380153743
42,1738,0.7221296685148428,0.7117213127222337,-0.010408355792609125
42,1739,0.7112680884888968,0.7016443456711233,-0.00962374281777345
42,1740,0.7061939174035308,0.7048048795352293,-0.0013890378683014681
42,1741,0.709078233727015,0.7021159317643919,-0.006962301962623041
42,1742,0.7252878429065552,0.7152472850251508,-0.010040557881404455
42,1743,0.7217475632565731,0.7109858764152929,-0.010761686841280205
42,1744,0.7106687341519684,0.7032982170164689,-0.007370517135499521
42,1745,0.7130627391420612,0.7052741660460834,-0.007788573095977802
42,1746,0.7165765800020575,0.7003679710855588,-0.016208608916498668
42,1747,0.7123566349004582,0.7036303391887677,-0.00872629571169048
42,1748,0.7208294044471873,0.7158274539604232,-0.005001950486764106
42,1749,0.7164104312906558,0.7031439895663302,-0.013266441724325673
42,1750,0.7081981492322618,0.7112894443662625,0.003091295134000749
42,1751,0.72590571626033,0.7205582649891389,-0.005347451271191073
42,1752,0.718350953536194,0.7070672407757167,-0.011283712760477349
42,1753,0.7209694502659612,0.708967236323298,-0.012002213942663209
42,1754,0.7019101486291657,0.7054082202049632,0.0034980715757975123
42,1755,0.7255576513071599,0.7145203724766578,-0.011037278830502095
42,1756,0.7223271767118414,0.7100896042063268,-0.012237572505514605
42,1757,0.7265958439731844,0.7153994699807368,-0.011196373992447661
42,1758,0.7221564193527761,0.7024111162248093,-0.01974530312796674
42,1759,0.717557815572931,0.7085592365178912,-0.008998579055039757
42,1760,0.7042134991276139,0.7016158566759539,-0.002597642451659943
42,1761,0.719387604772064,0.7070998693381156,-0.012287735433948344
42,1762,0.7150750515528439,0.7091466184110692,-0.005928433141774714
42,1763,0.7245135691830719,0.7017103431959015,-0.022803225987170328
42,1764,0.7187477477005637,0.7038130129457056,-0.01493473475485807
42,1765,0.7158884427575757,0.7045210136938143,-0.011367429063761425
42,1766,0.6962347765162457,0.6889362854839878,-0.007298491032257881
42,1767,0.699604624354285,0.6998337037041119,0.00022907934982685507
42,1768,0.7293217397888264,0.712296949955384,-0.017024789833442466
42,1769,0.7119047134091144,0.6992741193931493,-0.012630594015965113
42,1770,0.7051317664715993,0.7035590927142578,-0.0015726737573414917
42,1771,0.706610079590348,0.7036915514646109,-0.0029185281257371187
42,1772,0.7166544836818728,0.705848554351916,-0.010805929329956832
42,1773,0.7281379121588634,0.7163931082117413,-0.011744803947122073
42,1774,0.7074977466061675,0.7086526396170675,0.0011548930108999933
42,1775,0.6990839808533685,0.6990159770256765,-6.800382769200919e-05
42,1776,0.71229306855862,0.7153667858306755,0.0030737172720555206
42,1777,0.7261200801581928,0.7123361379843137,-0.013783942173879127
42,1778,0.7101871303368134,0.6969309254839822,-0.013256204852831188
42,1779,0.7176526093629909,0.7202795147611538,0.0026269053981629042
42,1780,0.7025095441835454,0.7053781322735388,0.0028685880899934624
42,1781,0.7146949552062545,0.7088009301867593,-0.005894025019495208
42,1782,0.7198272183094282,0.7154200985644237,-0.004407119745004517
42,1783,0.7137160769813675,0.7110599028130418,-0.0026561741683257534
42,1784,0.7208930613011104,0.7045578416182849,-0.016335219682825475
42,1785,0.714173253173624,0.7072754389772619,-0.006897814196362151
42,1786,0.7076877127336418,0.70039260791272,-0.007295104820921883
42,1787,0.7242669295075856,0.711758178989754,-0.012508750517831624
42,1788,0.7145350503500518,0.7088016682394439,-0.005733382110607921
42,1789,0.7153669843880668,0.7115281739950827,-0.00383881039298406
42,1790,0.7040621878018034,0.6997181112517608,-0.004344076550042653
42,1791,0.7215621342742424,0.7117524850495665,-0.009809649224675976
42,1792,0.7226704339032001,0.7085130689248609,-0.014157364978339193
42,1793,0.7167487152728482,0.7108076036707303,-0.0059411116021179655
42,1794,0.7247006730215113,0.7161287221196617,-0.00857195090184959
42,1795,0.7143676378754895,0.7158434203832942,0.0014757825078046682
42,1796,0.7074860279068013,0.7062972214784322,-0.0011888064283690492
42,1797,0.7104909437305027,0.7057388597186183,-0.004752084011884428
42,1798,0.7140968122178561,0.7049906939788539,-0.009106118239002203
42,1799,0.7062624334187081,0.708325128876649,0.0020626954579409107
42,1800,0.7202602605468962,0.7141267652804792,-0.006133495266416933
42,1801,0.7229655069165369,0.7127762640143342,-0.010189242902202689
42,1802,0.7065584626669584,0.7045129902747936,-0.0020454723921647933
42,1803,0.71195547550363,0.7069142508910056,-0.005041224612624462
42,1804,0.7099454844756348,0.7004609861755126,-0.009484498300122213
42,1805,0.7090284821438753,0.7063915763303679,-0.0026369058135073953
42,1806,0.7139616659550923,0.7049151792264403,-0.009046486728651937
42,1807,0.7274603014104815,0.718620226533602,-0.008840074876879433
42,1808,0.706245822467594,0.6979393418589046,-0.008306480608689437
42,1809,0.7126256329592084,0.7082890473122274,-0.004336585646981028
42,1810,0.7161192451739344,0.7041928761344982,-0.011926369039436224
42,1811,0.7276636570430198,0.7172216568551488,-0.010442000187871003
42,1812,0.7144659678188352,0.7033429973351581,-0.011122970483677053
42,1813,0.718289442032853,0.7085775472681864,-0.009711894764666607
42,1814,0.7126518667430721,0.7030797900408384,-0.0095720767022337
42,1815,0.7058970558929827,0.6941908788261537,-0.011706177066828971
42,1816,0.7179475211685727,0.7166819504166851,-0.0012655707518876014
42,1817,0.7029950274921629,0.7110962903287097,0.008101262836546774
42,1818,0.7211209582976653,0.7149800189003437,-0.006140939397321632
42,1819,0.710072547210209,0.7042774904139876,-0.005795056796221387
42,1820,0.7145983256154927,0.699241297950659,-0.015357027664833711
42,1821,0.7144967756827055,0.7104521289520731,-0.0040446467306324285
42,1822,0.7198825019285842,0.7102852643844841,-0.009597237544100023
42,1823,0.707564390200246,0.7015888395492071,-0.00597555065103883
42,1824,0.7074182724469603,0.6958571950042708,-0.011561077442689527
42,1825,0.716063634524247,0.7023178101709022,-0.013745824353344815
42,1826,0.7017079630876615,0.6945632822005742,-0.007144680887087307
42,1827,0.7207632854553949,0.7083158880552822,-0.012447397400112692
42,1828,0.7215428714786064,0.7120268566204868,-0.009516014858119592
42,1829,0.7183200365541784,0.6977334020977164,-0.020586634456462027
42,1830,0.7173084736047881,0.7045638937751318,-0.012744579829656266
42,1831,0.7250992488404997,0.7140337648707058,-0.011065483969793899
42,1832,0.706223661365375,0.700525170961984,-0.005698490403390988
42,1833,0.7140019362174456,0.7009976065393191,-0.01300432967812648
42,1834,0.7229584899286434,0.7115938975589822,-0.011364592369661253
42,1835,0.7076034610021653,0.7014580732805477,-0.006145387721617657
42,1836,0.7169022824823035,0.70805452870107,-0.00884775378123348
42,1837,0.717436614250766,0.7061064430477919,-0.011330171202974082
42,1838,0.710893047619868,0.7153117628073344,0.004418715187466393
42,1839,0.7016310072324838,0.6987214133258983,-0.002909593906585517
42,1840,0.7114300563119887,0.7063706506902478,-0.005059405621740898
42,1841,0.7226233456341281,0.7104722462638533,-0.01215109937027481
42,1842,0.7061924396666958,0.7003848989380608,-0.005807540728634986
42,1843,0.7188273850052165,0.7175091195441898,-0.0013182654610266464
42,1844,0.7254560765404305,0.7291547462628549,0.003698669722424386
42,1845,0.726655365321312,0.7140114315315782,-0.01264393378973383
42,1846,0.7215821900881614,0.7148755836334677,-0.0067066064546936754
42,1847,0.7133965246938682,0.6948442574607028,-0.018552267233165387
42,1848,0.7127479893104816,0.7054464835660688,-0.007301505744412795
42,1849,0.713740902258574,0.7023075497525827,-0.011433352505991312
42,1850,0.7213498442127028,0.7138022369395627,-0.007547607273140078
42,1851,0.7176117851495507,0.7131652893017815,-0.0044464958477692385
42,1852,0.7120115169666941,0.7112014813755951,-0.0008100355910989343
42,1853,0.7091304134310457,0.7078244148849315,-0.0013059985461141288
42,1854,0.7138585997651972,0.7082746830862504,-0.005583916678946754
42,1855,0.7092462504684773,0.7032081600856798,-0.006038090382797567
42,1856,0.7101534737776303,0.699039223508873,-0.011114250268757231
42,1857,0.7139174079765993,0.7098658885537683,-0.004051519422830996
42,1858,0.7051030474086932,0.7047480837837428,-0.0003549636249504662
42,1859,0.7036404933078984,0.6970097671961674,-0.006630726111730989
42,1860,0.7238261906475607,0.7191848547323918,-0.004641335915168909
42,1861,0.7140818867074217,0.7101177560906262,-0.003964130616795458
42,1862,0.7162104653823831,0.7099266150531203,-0.006283850329262819
42,1863,0.7220221963842868,0.7070311988384366,-0.014990997545850204
42,1864,0.7137660946682542,0.6982554032494336,-0.015510691418820666
42,1865,0.7027216153631158,0.6968500103997041,-0.0058716049634117695
42,1866,0.7244228138004827,0.721650498609393,-0.0027723151910896693
42,1867,0.7108582792678957,0.712149227190237,0.0012909479223413012
42,1868,0.7012401245797428,0.703490230347745,0.0022501057680022196
42,1869,0.7201064778286281,0.7034157890480892,-0.01669068878053892
42,1870,0.7130647952156484,0.7067483634598459,-0.006316431755802432
42,1871,0.7069270587379524,0.7022934503782365,-0.004633608359715824
42,1872,0.6987349342752217,0.6972954612832558,-0.0014394729919658955
42,1873,0.7174254249113784,0.7105976507808355,-0.0068277741305429185
42,1874,0.7184452701664215,0.7156947062786585,-0.002750563887762958
42,1875,0.7145653348860131,0.7152548137369575,0.0006894788509443917
42,1876,0.7166222064415858,0.7071136360299934,-0.009508570411592365
42,1877,0.7082445051013695,0.7130067272049725,0.004762222103602998
42,1878,0.7053195893309725,0.7120095276763703,0.006689938345397772
42,1879,0.7219912670757221,0.713564748025941,-0.00842651904978109
42,1880,0.7179689121462624,0.7059470134716603,-0.012021898674602016
42,1881,0.7128200957515765,0.7092034722750997,-0.0036166234764767324
42,1882,0.7057453059872247,0.7017276837645339,-0.004017622222690864
42,1883,0.6987158316852263,0.6907091424289082,-0.00800668925631809
42,1884,0.7172238950023405,0.7079861386450707,-0.009237756357269866
42,1885,0.7180962332648197,0.7047843228418733,-0.013311910422946438
42,1886,0.7237951872018977,0.718995893399442,-0.004799293802455695
42,1887,0.7105578358916456,0.6988308046218784,-0.011727031269767152
42,1888,0.7158222025900889,0.7103854523104352,-0.005436750279653735
42,1889,0.7130100494811265,0.7024834833642313,-0.010526566116895175
42,1890,0.716779889309775,0.7066066316972728,-0.010173257612502207
42,1891,0.7021478044868676,0.6855802950665261,-0.016567509420341575
42,1892,0.7211036912632403,0.7059184610205764,-0.015185230242663827
42,1893,0.7067402001621627,0.7102347820947875,0.003494581932624863
42,1894,0.7058951340116759,0.7018320533933153,-0.004063080618360582
42,1895,0.7029238279651908,0.6946145393411496,-0.008309288624041233
42,1896,0.7055921561034886,0.6940065549547694,-0.011585601148719205
42,1897,0.7085814711213885,0.7037973281816322,-0.004784142939756264
42,1898,0.7259170134896213,0.721087837895771,-0.004829175593850321
42,1899,0.7098191821622324,0.7064373807281572,-0.0033818014340751823
42,1900,0.7106108587879492,0.7068470474236992,-0.0037638113642499693
42,1901,0.7045935325602269,0.7012611393776877,-0.003332393182539195
42,1902,0.7143711898250297,0.7085580471851781,-0.005813142639851554
42,1903,0.7075930669527752,0.6944265880641605,-0.013166478888614774
42,1904,0.7051050609318729,0.7003596564369401,-0.00474540449493277
42,1905,0.704509667340798,0.7010207308942484,-0.003488936446549573
42,1906,0.7225628529494608,0.7146450866073578,-0.00791776634210295
42,1907,0.7144521718630032,0.7134134766596807,-0.0010386952033225594
42,1908,0.7107472907288583,0.7074155092221625,-0.0033317815066958856
42,1909,0.7210184797515047,0.7061744420155986,-0.014844037735906035
42,1910,0.7090172370566808,0.7018691410907215,-0.0071480959659593335
42,1911,0.7229328743378416,0.7193755266698053,-0.0035573476680362814
42,1912,0.7153397854056734,0.7036177602467838,-0.011722025158889648
42,1913,0.7077046658292457,0.7018072612695603,-0.00589740455968546
42,1914,0.7123618402894843,0.7150548959557291,0.0026930556662447813
42,1915,0.7116531052943813,0.7022225896432405,-0.009430515651140836
42,1916,0.7082367800312293,0.7143560383534525,0.006119258322223264
42,1917,0.7099171938101041,0.6982746801871385,-0.011642513622965645
42,1918,0.7171501257160343,0.7081916110097214,-0.008958514706312926
42,1919,0.7105504084249896,0.7142453542836233,0.0036949458586337247
42,1920,0.7112454586773893,0.7088485165128398,-0.0023969421645495537
42,1921,0.7118884713318596,0.7097751783076937,-0.002113293024165963
42,1922,0.7081977603188963,0.6943616775456635,-0.013836082773232783
42,1923,0.7075187816082866,0.70974868187391,0.002229900265623419
42,1924,0.705572782293724,0.6940832704121158,-0.011489511881608183
42,1925,0.7212044124199836,0.717545812507722,-0.003658599912261584
42,1926,0.711072638725992,0.7039982589302634,-0.007074379795728669
42,1927,0.7324634328723433,0.7227738446173824,-0.009689588254960912
42,1928,0.7067617314428469,0.7078805913163806,0.001118859873533662
42,1929,0.7180912427935991,0.7140777469611228,-0.004013495832476344
42,1930,0.7266823128799479,0.7132758848735394,-0.013406428006408455
42,1931,0.7203833934370372,0.7030786027847448,-0.0173047906522924
42,1932,0.7203681375981412,0.7115344235666206,-0.008833714031520667
42,1933,0.7134004905929721,0.7075357673330039,-0.005864723259968119
42,1934,0.7144289966726771,0.7165905819972038,0.0021615853245267047
42,1935,0.7078690273154995,0.6980351317123391,-0.009833895603160392
42,1936,0.7057718786261397,0.6953533186252976,-0.01041856000084207
42,1937,0.7067420244457592,0.6954667863249124,-0.011275238120846742
42,1938,0.7205756472783562,0.7092621387488811,-0.011313508529475103
42,1939,0.7097257711156051,0.7074155438915523,-0.00231022722405283
42,1940,0.720272910780478,0.712426770215216,-0.007846140565261894
42,1941,0.7144707223653441,0.7070891601708653,-0.00738156219447883
42,1942,0.7180519929849805,0.7089349732463819,-0.009117019738598575
42,1943,0.7128959685280363,0.7017488316121371,-0.011147136915899192
42,1944,0.7117392103548645,0.7026308469910543,-0.009108363363810268
42,1945,0.7216574360978255,0.7154846894806357,-0.006172746617189806
42,1946,0.7176119892080242,0.703518431335434,-0.014093557872590146
42,1947,0.7104566957882971,0.700651426057917,-0.009805269730380095
42,1948,0.7042404843997321,0.6958930616565501,-0.00834742274318201
42,1949,0.7139679929568522,0.7032251879925715,-0.010742804964280706
42,1950,0.7160367350365494,0.7048604289638799,-0.011176306072669506
42,1951,0.7254703089759955,0.7164862686746181,-0.00898404030137745
42,1952,0.7193589624079724,0.7081369106784697,-0.011222051729502636
42,1953,0.7183557781391725,0.7048936154763344,-0.013462162662838062
42,1954,0.712386965856274,0.7107334945102524,-0.0016534713460216732
42,1955,0.7306112607357615,0.7231222461444764,-0.007489014591285148
42,1956,0.7254076870555577,0.7132819346619707,-0.012125752393587041
42,1957,0.713176754052886,0.7079979358549029,-0.005178818197983159
42,1958,0.7274828215329063,0.7116340363329716,-0.015848785199934712
42,1959,0.7295540480992869,0.7265667722581785,-0.002987275841108472
42,1960,0.7066462968424027,0.7034113477615926,-0.0032349490808100123
42,1961,0.6973553468097023,0.6950710752452233,-0.002284271564479079
42,1962,0.7029072116016843,0.696604713511718,-0.006302498089966302
42,1963,0.7226238569455969,0.71893011045393,-0.0036937464916669827
42,1964,0.7000207429268347,0.6987992405512682,-0.0012215023755665078
42,1965,0.7077002658710962,0.7131645599578927,0.005464294086796495
42,1966,0.709066049970738,0.704010344589924,-0.005055705380814013
42,1967,0.7199579606338493,0.7184190246825128,-0.001538935951336473
42,1968,0.719263927026618,0.7121884150769136,-0.0070755119497044605
42,1969,0.7045943367205111,0.7006368507769274,-0.003957485943583694
42,1970,0.7158755545009222,0.7091613196772716,-0.006714234823650633
42,1971,0.7096195127315132,0.703887031999246,-0.005732480732267287
42,1972,0.7019992341992227,0.6952420716047479,-0.006757162594474786
42,1973,0.715648118604565,0.7144091582592106,-0.001238960345354423
42,1974,0.7118380749270031,0.699967977640626,-0.011870097286377113
42,1975,0.696651254589161,0.7034919836823252,0.006840729093164244
42,1976,0.7135751577586418,0.7038310755903562,-0.009744082168285595
42,1977,0.7067873411108623,0.703442731462588,-0.0033446096482743215
42,1978,0.7203925290531997,0.7083629306119421,-0.012029598441257616
42,1979,0.719479334751191,0.7102964500838178,-0.009182884667373159
42,1980,0.7302757525309802,0.7124826020138394,-0.01779315051714081
42,1981,0.7155016345165217,0.7104193936093934,-0.005082240907128277
42,1982,0.7156291848279809,0.7016008431071854,-0.014028341720795479
42,1983,0.722137501582964,0.7092764390630499,-0.012861062519914035
42,1984,0.7141730664581467,0.7080398035595992,-0.006133262898547542
42,1985,0.7137864939531088,0.7102482984215706,-0.003538195531538224
42,1986,0.7162577069547598,0.7037803781146488,-0.01247732884011099
42,1987,0.7159175716365472,0.7008202164961083,-0.015097355140438973
42,1988,0.7238627375208757,0.7187062167761918,-0.005156520744683868
42,1989,0.7088425690510991,0.6944469027142929,-0.014395666336806223
42,1990,0.7107327259274113,0.7114077219187622,0.0006749959913509018
42,1991,0.7194774182049906,0.7116537962809426,-0.007823621924047952
42,1992,0.7075994214547902,0.7017380150249009,-0.005861406429889304
42,1993,0.7166807114207904,0.7075921530929242,-0.009088558327866147
42,1994,0.7258381594831189,0.7300730188318275,0.004234859348708597
42,1995,0.7165214008825644,0.7130473928506215,-0.0034740080319429767
42,1996,0.7127557975019156,0.7118682323871959,-0.0008875651147197683
42,1997,0.71406827527724,0.7079603415980362,-0.006107933679203814
42,1998,0.7157476516314888,0.7103948850133153,-0.005352766618173521
42,1999,0.7136437316446755,0.6999223368896689,-0.013721394755006666
42,2000,0.6982037163145507,0.6915938056451805,-0.0066099106693702225
42,2001,0.71891521642103,0.7137813912938851,-0.0051338251271448865
42,2002,0.7264133062711157,0.7157115648314127,-0.010701741439702928
42,2003,0.7094889884349567,0.7144325885108116,0.004943600075854926
42,2004,0.7255352222694922,0.7301145165751202,0.004579294305627979
42,2005,0.7063631420935337,0.6986490303163859,-0.0077141117771477585
42,2006,0.7203374168234877,0.7185215558867428,-0.0018158609367449063
42,2007,0.7088692043148586,0.7034233940648672,-0.005445810249991356
42,2008,0.7024783913913231,0.6874848985650455,-0.014993492826277599
42,2009,0.7147341065434387,0.7110313340656997,-0.0037027724777389803
42,2010,0.7208153055325981,0.7121350352287988,-0.008680270303799253
42,2011,0.7025501104438894,0.6991331303604571,-0.003416980083432275
42,2012,0.7073955961685253,0.7086502245411155,0.0012546283725901608
42,2013,0.7117504536366638,0.7118431281204793,9.267448381555798e-05
42,2014,0.7124072903523755,0.7091770141076825,-0.0032302762446929645
42,2015,0.7023128527235138,0.7039727919267741,0.0016599392032602411
42,2016,0.7213209889388619,0.7102713284709806,-0.01104966046788125
42,2017,0.7204301445913973,0.7147762244304774,-0.005653920160919923
42,2018,0.7160422683437799,0.7115196332390987,-0.004522635104681205
42,2019,0.7212888048830022,0.7117942657425042,-0.009494539140498026
42,2020,0.7136937697512107,0.7032163341584041,-0.010477435592806561
42,2021,0.721144642050737,0.7137590023960241,-0.00738563965471295
42,2022,0.7220157272038417,0.7161587972310077,-0.005856929972833935
42,2023,0.7204358570746439,0.7119985852112911,-0.008437271863352747
42,2024,0.7176104229737346,0.7172239347738523,-0.00038648819988229555
42,2025,0.7099214385184747,0.7059693054553875,-0.003952133063087171
42,2026,0.7036551983092371,0.6934364232886038,-0.010218775020633286
42,2027,0.7081030438893989,0.7135463223250573,0.005443278435658394
42,2028,0.712124336370349,0.705150519502874,-0.006973816867475002
42,2029,0.7156761808186215,0.7105701393115478,-0.005106041507073722
42,2030,0.7102906825494397,0.7113440395804573,0.00105335703101761
42,2031,0.7164933122437195,0.7013032309175702,-0.015190081326149296
42,2032,0.7236920072091387,0.7139301157586759,-0.0097618914504628
42,2033,0.7111948298059902,0.7017265440515381,-0.009468285754452133
42,2034,0.7193936363285401,0.7095419535908387,-0.009851682737701428
42,2035,0.717478720335932,0.714921651356911,-0.002557068979020971
42,2036,0.7192321364625085,0.7129850697679208,-0.006247066694587744
42,2037,0.7139495714037614,0.7068005433956863,-0.007149028008075042
42,2038,0.7163584776944889,0.7144095803378797,-0.0019488973566091916
42,2039,0.7214422886413275,0.7121014240151533,-0.009340864626174228
42,2040,0.7193257366734235,0.7016367210857388,-0.017689015587684653
42,2041,0.7138860824103074,0.7039725725624794,-0.009913509847828017
42,2042,0.7178774221682709,0.7174434986545712,-0.0004339235136996411
42,2043,0.7101978905476571,0.6997995211184322,-0.010398369429224896
42,2044,0.7104276231088245,0.6954425264534964,-0.0149850966553281
42,2045,0.7094393478514767,0.7010643272133881,-0.008375020638088593
42,2046,0.7169027110324069,0.7083590908970814,-0.008543620135325503
42,2047,0.7187583184633322,0.7065749458467006,-0.012183372616631605
42,2048,0.7087431950086984,0.7053367838658204,-0.0034064111428779853
42,2049,0.714515438065805,0.7057345864569075,-0.008780851608897522
42,2050,0.7114403249617034,0.7142738818182973,0.0028335568565939218
42,2051,0.7120711743309945,0.7142999598277504,0.0022287854967558696
42,2052,0.7104826765263779,0.7002600647022975,-0.010222611824080352
42,2053,0.7122580595182686,0.7014489414965475,-0.010809118021721131
42,2054,0.7249233065346792,0.7172338700719115,-0.0076894364627676515
42,2055,0.7251381036156231,0.7069021531734045,-0.018235950442218596
42,2056,0.6953364188521169,0.6996992012488483,0.0043627823967313795
42,2057,0.7195712730848774,0.7076909551262709,-0.011880317958606557
42,2058,0.7094356735786678,0.7022372570634607,-0.007198416515207029
42,2059,0.7153458478825122,0.7154508703294328,0.00010502244692056628
42,2060,0.7191005494949563,0.7144711752216178,-0.004629374273338427
42,2061,0.7144016469508784,0.7137396192515235,-0.0006620276993548613
42,2062,0.7159172202148919,0.7113924080320723,-0.0045248121828196375
42,2063,0.7069613251817413,0.710723647374004,0.0037623221922626904
42,2064,0.7144974721298045,0.7075843356137466,-0.0069131365160579605
42,2065,0.7088321601355865,0.6966259076119165,-0.012206252523670025
42,2066,0.7075264533511907,0.708427669228383,0.000901215877192274
42,2067,0.708243770927039,0.7058552069719265,-0.002388563955112555
42,2068,0.7140313860698362,0.699812838126494,-0.014218547943342208
42,2069,0.7142379677873607,0.700068087983136,-0.014169879804224683
42,2070,0.7145223500147466,0.7075167610837441,-0.00700558893100256
42,2071,0.718575517361781,0.7123362536878592,-0.006239263673921802
42,2072,0.715032879314307,0.7051375819525687,-0.009895297361738331
42,2073,0.7190312035255872,0.7038833507390365,-0.01514785278655073
42,2074,0.7201702152033673,0.7143814604059078,-0.00578875479745955
42,2075,0.6959631884118093,0.7008416767579825,0.004878488346173215
42,2076,0.7167381630673499,0.7085070406771554,-0.008231122390194523
42,2077,0.7049498105842176,0.700977554540257,-0.003972256043960565
42,2078,0.7210368736668736,0.7108568579151087,-0.01018001575176497
42,2079,0.7120613941229734,0.7048187161673849,-0.007242677955588528
42,2080,0.7226145807601311,0.7138834048342543,-0.0087311759258768
42,2081,0.7198313484206755,0.7127859266403068,-0.00704542178036871
42,2082,0.7063095598986229,0.7054878888834479,-0.0008216710151749407
42,2083,0.704079766200518,0.706992018628265,0.002912252427746953
42,2084,0.7240395434370201,0.7140757301380783,-0.009963813298941804
42,2085,0.715963523363313,0.7107798974454453,-0.005183625917867696
42,2086,0.7220685044498466,0.7172945615029391,-0.004773942946907472
42,2087,0.7209601849742677,0.7049051521155816,-0.016055032858686147
42,2088,0.7092925320660369,0.7007320626721495,-0.008560469393887438
42,2089,0.7252841582719673,0.7190365294668947,-0.00624762880507268
42,2090,0.7076712372810807,0.6957341011377643,-0.011937136143316374
42,2091,0.709341114627196,0.7068364445923001,-0.0025046700348958506
42,2092,0.7084225985211087,0.7028665200779336,-0.005556078443175072
42,2093,0.732205323080485,0.7205741510594041,-0.011631172021080882
42,2094,0.7231548877298367,0.711273583048894,-0.011881304680942728
42,2095,0.7204872452725721,0.7236480308217256,0.0031607855491534442
42,2096,0.7134914704417457,0.7143677278669442,0.00087625742519859
42,2097,0.703865315512783,0.6985229768898553,-0.005342338622927656
42,2098,0.7165328009866073,0.7047345048496675,-0.011798296136939834
42,2099,0.7273945878455654,0.7172109319572298,-0.010183655888335585
42,2100,0.7273117160751918,0.7150711447898866,-0.012240571285305202
42,2101,0.7089977421473868,0.7025168702861739,-0.0064808718612128224
42,2102,0.7119006893228812,0.7047864575165795,-0.007114231806301663
42,2103,0.7089785748487085,0.7076559109297137,-0.0013226639189948264
42,2104,0.7199987442083218,0.7150350284784808,-0.004963715729841001
42,2105,0.7124335976219351,0.7085506352259257,-0.0038829623960094928
42,2106,0.7194743165997666,0.6987208625804455,-0.02075345401932105
42,2107,0.7157742834248553,0.7061270608930833,-0.00964722253177197
42,2108,0.7155735535117501,0.7076555417358564,-0.007918011775893685
42,2109,0.7203520991632499,0.7119226128564302,-0.008429486306819722
42,2110,0.7113695851020635,0.6994222051204492,-0.011947379981614326
42,2111,0.6988014149538455,0.700676309677772,0.0018748947239264346
42,2112,0.7078041918454426,0.7027143555569155,-0.005089836288527105
42,2113,0.7186558503091041,0.7152826138803825,-0.00337323642872156
42,2114,0.7147567291684733,0.6987605787871507,-0.015996150381322627
42,2115,0.7231631551810274,0.7110501533621163,-0.012113001818911062
42,2116,0.7192773282857876,0.7204444743060971,0.0011671460203095396
42,2117,0.7153692169029642,0.7065219868137516,-0.008847230089212621
42,2118,0.7001088105740962,0.6997623145121226,-0.0003464960619736779
42,2119,0.7150833589451644,0.7166157574031302,0.0015323984579658223
42,2120,0.7033903218380257,0.6960474448499585,-0.007342876988067237
42,2121,0.7044819210827307,0.7053885684159864,0.000906647333255739
42,2122,0.7063707656672332,0.7071104448431808,0.0007396791759475274
42,2123,0.7132857645715592,0.7063246247487254,-0.006961139822833862
42,2124,0.7209776678863413,0.7174720622071249,-0.003505605679216428
42,2125,0.7264943609152661,0.7303943750923445,0.0039000141770784147
42,2126,0.7097477126210776,0.7092241506168306,-0.0005235620042469691
42,2127,0.7074881982091885,0.7016814418966897,-0.005806756312498829
42,2128,0.7218675844461108,0.7199700875782535,-0.001897496867857229
42,2129,0.6976523875883449,0.6965536843896868,-0.0010987031986581242
42,2130,0.7091923161041414,0.6958451803804506,-0.013347135723690728
42,2131,0.7076969598697236,0.7106122576318918,0.0029152977621682563
42,2132,0.7106157127721129,0.7070822154047823,-0.0035334973673305514
42,2133,0.7190430542474331,0.7111837550814331,-0.007859299166000033
42,2134,0.7014729198876106,0.7018373178606604,0.0003643979730497682
42,2135,0.7121892773404402,0.7161494758225702,0.003960198482129917
42,2136,0.708359750755945,0.70873749090495,0.0003777401490049348
42,2137,0.7149770119892579,0.7120704168922525,-0.0029065950970054155
42,2138,0.6996697085336268,0.6987747725664342,-0.0008949359671925894
42,2139,0.7179363815629785,0.7062640918243455,-0.01167228973863299
42,2140,0.7049702630413909,0.7015457565311103,-0.0034245065102805894
42,2141,0.7166664000037533,0.7050183208778263,-0.011648079125926913
42,2142,0.7222411070240161,0.7158646198794282,-0.006376487144587939
42,2143,0.7089811514885984,0.7010544637468404,-0.007926687741757976
42,2144,0.7094367771625121,0.7091893432946283,-0.00024743386788372845
42,2145,0.7228895397985753,0.7141111608987949,-0.008778378899780392
42,2146,0.7165533404503213,0.7064401762593226,-0.010113164190998614
42,2147,0.7116274704428281,0.6975038499098056,-0.014123620533022518
42,2148,0.7007560339614938,0.6969248000826913,-0.0038312338788024647
42,2149,0.7091730586002347,0.7082665313666074,-0.0009065272336272745
42,2150,0.720232635140067,0.702738765947572,-0.01749386919249496
42,2151,0.7323817592178186,0.7291747928631205,-0.003206966354698082
42,2152,0.7108711735025677,0.7001113021617563,-0.010759871340811356
42,2153,0.7206047030509426,0.7099160968756189,-0.010688606175323745
42,2154,0.7233454916052836,0.7057588191847293,-0.01758667242055434
42,2155,0.7209392372163075,0.703761727982245,-0.01717750923406247
42,2156,0.7189940889552277,0.7115750820388616,-0.0074190069163661
42,2157,0.7227267586084297,0.715563566477672,-0.007163192130757667
42,2158,0.7082309376205244,0.7006330524438962,-0.007597885176628183
42,2159,0.7091702689233915,0.7073443414037038,-0.0018259275196876867
42,2160,0.7064248681056218,0.704138924898005,-0.0022859432076167696
42,2161,0.7074411715794271,0.7000487232811365,-0.007392448298290555
42,2162,0.7131265863909393,0.7097352979014879,-0.0033912884894513606
42,2163,0.7123716474935979,0.7088241775791682,-0.0035474699144297794
42,2164,0.7140990581482612,0.7026065102130472,-0.011492547935214037
42,2165,0.7070291875935731,0.7032809857799482,-0.0037482018136248962
42,2166,0.7119358746564788,0.7070085061579279,-0.00492736849855091
42,2167,0.7083827013732675,0.7012457663017436,-0.007136935071523909
42,2168,0.7280616071716062,0.7166788734413475,-0.011382733730258665
42,2169,0.7086136371868661,0.69365370090567,-0.014959936281196073
42,2170,0.7049604130392757,0.7091311387212577,0.004170725681981957
42,2171,0.711172388527259,0.7070428836432157,-0.004129504884043289
42,2172,0.7193949468897218,0.7097749506615774,-0.009619996228144467
42,2173,0.7116520505498056,0.699904003676863,-0.011748046872942619
42,2174,0.7145233779942298,0.7112988218241361,-0.003224556170093762
42,2175,0.7166098295253592,0.7100472387179543,-0.0065625908074049555
42,2176,0.7038875242620078,0.6966660253036072,-0.0072214989584006295
42,2177,0.7139175183061315,0.7036846439185367,-0.010232874387594793
42,2178,0.7087818418677134,0.706265994436094,-0.002515847431619478
42,2179,0.7187754020546517,0.7071795958791878,-0.011595806175463963
42,2180,0.7138580418718926,0.7121025739482434,-0.0017554679236492232
42,2181,0.7174557529275778,0.7090919114762404,-0.008363841451337395
42,2182,0.7154296414052486,0.7121432923063209,-0.0032863490989276656
42,2183,0.7166164832273104,0.6988224763416959,-0.0177940068856145
42,2184,0.7242991999175445,0.7107271390947041,-0.01357206082284046
42,2185,0.707336826062362,0.699488804220888,-0.00784802184147404
42,2186,0.7110821645953749,0.6980207758917237,-0.013061388703651144
42,2187,0.7071272655648886,0.7037605707309156,-0.003366694833973005
42,2188,0.7122126518957778,0.7153443536333132,0.0031317017375354084
42,2189,0.7320050073584035,0.7124113880200404,-0.01959361933836301
42,2190,0.7216513954723593,0.7091828532874652,-0.012468542184894127
42,2191,0.7203571973079433,0.7082749046539076,-0.012082292654035709
42,2192,0.7236583280058506,0.7078864270712781,-0.01577190093457248
42,2193,0.7071134187406649,0.7013196303886129,-0.005793788352052021
42,2194,0.7093651161613121,0.7045927757874166,-0.004772340373895512
42,2195,0.7040093019750315,0.7021696784917936,-0.001839623483237962
42,2196,0.710656065622856,0.7131508355268439,0.0024947699039878923
42,2197,0.7043752336713166,0.7041271444131083,-0.00024808925820829497
42,2198,0.726468842226018,0.7076696308196961,-0.018799211406321903
42,2199,0.7215674364800746,0.7155204600284089,-0.006046976451665742
42,2200,0.6975898425330322,0.6954678769380845,-0.0021219655949477056
42,2201,0.7196958943479517,0.7078720880170568,-0.01182380633089486
42,2202,0.7082259993720359,0.7149609686775003,0.006734969305464356
42,2203,0.7214932053424468,0.7174827504235197,-0.004010454918927042
42,2204,0.7096196239946674,0.7008872703960574,-0.008732353598610021
42,2205,0.7254983422320775,0.7115515689192522,-0.013946773312825345
42,2206,0.7098565111409145,0.7037405114340822,-0.006115999706832298
42,2207,0.7066356212169576,0.7058019340045261,-0.0008336872124314887
42,2208,0.6994299833900461,0.6953142856272554,-0.004115697762790749
42,2209,0.716673364549921,0.7128166470291494,-0.0038567175207716575
42,2210,0.6986534611815993,0.6920966107935678,-0.006556850388031554
42,2211,0.7237751118365635,0.7129303701249086,-0.010844741711654948
42,2212,0.7061079439258706,0.6971581455080403,-0.00894979841783028
42,2213,0.7212466172674733,0.7130619308039254,-0.008184686463547863
42,2214,0.7166638469147651,0.714429527804731,-0.002234319110034133
42,2215,0.7046595085676216,0.699332330106955,-0.0053271784606666595
42,2216,0.7139531667698594,0.7153048144050738,0.001351647635214337
42,2217,0.7102933486831086,0.7013212719293058,-0.008972076753802738
42,2218,0.71143009504791,0.713634912523198,0.002204817475288001
42,2219,0.721973646424224,0.7100157610114463,-0.011957885412777758
42,2220,0.7127067343133898,0.6978633047463443,-0.01484342956704554
42,2221,0.7121506641183611,0.6968626203651767,-0.015288043753184488
42,2222,0.7142718767838137,0.708382186366103,-0.005889690417710702
42,2223,0.7281623017802241,0.7103526514873922,-0.01780965029283188
42,2224,0.7142525264960339,0.707912482128511,-0.00634004436752289
42,2225,0.7063220247492437,0.7007422812245325,-0.005579743524711134
42,2226,0.7239341604730517,0.7140561672330508,-0.009877993240000937
42,2227,0.7167101825790618,0.7040843495853307,-0.012625832993731101
42,2228,0.7013415469681638,0.690444398758187,-0.010897148209976781
42,2229,0.7195264828616152,0.7011267523858165,-0.018399730475798792
42,2230,0.7239594950162045,0.7194555340141151,-0.004503961002089385
42,2231,0.7113851378544539,0.7062589861069041,-0.005126151747549823
42,2232,0.7019574381962533,0.6904990665374042,-0.011458371658849109
42,2233,0.7128768664669572,0.7107140787615052,-0.002162787705452085
42,2234,0.7114149591978086,0.6952828597224772,-0.01613209947533145
42,2235,0.7119867527986108,0.7086687198487639,-0.003318032949846894
42,2236,0.7079595351914603,0.699001814754324,-0.008957720437136274
42,2237,0.7318992466415044,0.7154425862814418,-0.016456660360062658
42,2238,0.7013334858959956,0.6955224672190615,-0.005811018676934121
42,2239,0.6906663668941798,0.6888576193405052,-0.0018087475536746611
42,2240,0.7188373923104376,0.7078574985192063,-0.010979893791231321
42,2241,0.7109597606848549,0.6997498098691024,-0.01120995081575249
42,2242,0.7125710351814273,0.7076858977922738,-0.004885137389153527
42,2243,0.7081253382132815,0.7012569072191803,-0.006868430994101171
42,2244,0.7148991979860497,0.7011255616127691,-0.013773636373280662
42,2245,0.7017102299599369,0.6997255312677597,-0.0019846986921772114
42,2246,0.7271654759503763,0.7059913271296071,-0.02117414882076918
42,2247,0.7179129707405079,0.7073978285693602,-0.010515142171147684
42,2248,0.7016428961729457,0.6926701542881544,-0.008972741884791358
42,2249,0.7068840802768466,0.6952515009994868,-0.011632579277359723
42,2250,0.7301309208061113,0.7185290854389137,-0.01160183536719761
42,2251,0.7205167720343757,0.7233620469605475,0.0028452749261718147
42,2252,0.7114113769012649,0.7073624416400977,-0.00404893526116723
42,2253,0.7116441849884236,0.7085657147719768,-0.0030784702164468047
42,2254,0.717174254027521,0.7072496080891076,-0.009924645938413357
42,2255,0.719637704093482,0.7097824393575274,-0.00985526473595466
42,2256,0.7090031835039805,0.7015560971063423,-0.007447086397638247
42,2257,0.7116163351826514,0.7107876581373521,-0.0008286770452993197
42,2258,0.7111856173175588,0.699186759735618,-0.011998857581940858
42,2259,0.7130294478676927,0.708568761193338,-0.00446068667435473
42,2260,0.7078136095560859,0.699624510014165,-0.008189099541920819
42,2261,0.7049778398573032,0.6958731850730371,-0.009104654784266142
42,2262,0.7172029136037352,0.7123106094646924,-0.004892304139042847
42,2263,0.7112616155156667,0.7117268357685964,0.00046522025292972113
42,2264,0.7148499136278041,0.7119927916249829,-0.0028571220028212885
42,2265,0.721450438019491,0.7170407111720043,-0.00440972684748675
42,2266,0.7052658333369612,0.7092658050562533,0.003999971719292006
42,2267,0.7108843498278565,0.695450069231101,-0.015434280596755556
42,2268,0.7155909897900543,0.7031311725049416,-0.012459817285112695
42,2269,0.7081085577176833,0.6996959762307622,-0.008412581486921145
42,2270,0.719312982626116,0.7149983419262196,-0.004314640699896399
42,2271,0.7124989852793427,0.6974600789522749,-0.015038906327067836
42,2272,0.7124941973330694,0.7001393666337228,-0.01235483069934662
42,2273,0.7152486453433804,0.7056191990107067,-0.009629446332673708
42,2274,0.7178029556755599,0.7135249737825395,-0.004277981893020311
42,2275,0.7127322887010804,0.7050667896369321,-0.007665499064148262
42,2276,0.710380642413498,0.7016822166842345,-0.008698425729263493
42,2277,0.7079524033956115,0.7087150821201389,0.0007626787245273992
42,2278,0.7088969581998944,0.7095210513457064,0.0006240931458120214
42,2279,0.7185417736198039,0.7076247724274909,-0.01091700119231298
42,2280,0.7190053928738048,0.7184948853601668,-0.0005105075136380144
42,2281,0.7152990335271143,0.7052160071148705,-0.01008302641224379
42,2282,0.7163301779382936,0.7059603612088792,-0.010369816729414394
42,2283,0.7257945463632121,0.711837382157344,-0.013957164205868011
42,2284,0.708329805943465,0.7036055044594545,-0.004724301484010485
42,2285,0.7132724860753062,0.7023730467444099,-0.010899439330896321
42,2286,0.7056635120496897,0.6990263287969223,-0.006637183252767409
42,2287,0.7232986435372891,0.7252540650889039,0.0019554215516147666
42,2288,0.7159725150149638,0.7028058171612839,-0.013166697853679965
42,2289,0.706746661985243,0.7002188927399744,-0.006527769245268655
42,2290,0.7265117002229529,0.698554113884954,-0.02795758633799883
42,2291,0.7107819689713847,0.6980632378379584,-0.012718731133426253
42,2292,0.7136360957109129,0.7028947532352692,-0.010741342475643734
42,2293,0.7171391640162131,0.7021416089975914,-0.014997555018621767
42,2294,0.7079461338458217,0.7039444722917617,-0.00400166155406001
42,2295,0.7151219204945505,0.7095012400552336,-0.00562068043931685
42,2296,0.7186076411556883,0.7179178348459231,-0.0006898063097652285
42,2297,0.7187062432107141,0.7145373829572972,-0.004168860253416895
42,2298,0.7137757870596779,0.709541591824038,-0.004234195235639948
42,2299,0.7191880601825866,0.7207964450648774,0.0016083848822907587
42,2300,0.704593698293423,0.7007812818111823,-0.0038124164822407325
42,2301,0.715417606566433,0.7050424421918589,-0.010375164374574197
42,2302,0.714271871261986,0.704966913573679,-0.00930495768830697
42,2303,0.6993288790555507,0.697498453095935,-0.0018304259596158001
42,2304,0.723718600852794,0.7130613778896558,-0.010657222963138202
42,2305,0.7064836698949737,0.6901889688664189,-0.016294701028554792
42,2306,0.705716594138924,0.7080889013775552,0.002372307238631244
42,2307,0.7034827622296665,0.6956680125080243,-0.0078147497216422
42,2308,0.7142599209831864,0.715376245366965,0.0011163243837786219
42,2309,0.7144098663584786,0.7059440968459733,-0.008465769512505328
42,2310,0.7150910262243388,0.7116381759000867,-0.0034528503242521325
42,2311,0.7121906282153972,0.704548687911126,-0.007641940304271233
42,2312,0.6980093848647682,0.6942911924648068,-0.0037181923999614064
42,2313,0.705191834339032,0.6992134080668757,-0.005978426272156279
42,2314,0.720084172206225,0.7127274745337364,-0.007356697672488588
42,2315,0.7126545227619112,0.7006030246602177,-0.01205149810169348
42,2316,0.7195502718713516,0.7132555311460187,-0.00629474072533287
42,2317,0.7264014510592223,0.7203326639274263,-0.0060687871317959274
42,2318,0.7202534665698512,0.713964836708797,-0.0062886298610542735
42,2319,0.7133719502475228,0.7104690415606587,-0.0029029086868640475
42,2320,0.7154739695558789,0.7099151657288549,-0.005558803827024006
42,2321,0.7060039571985244,0.7000456183274664,-0.005958338871058011
42,2322,0.7158763501437989,0.7072207262968937,-0.008655623846905214
42,2323,0.7125692099350747,0.7085325804740674,-0.004036629461007246
42,2324,0.7126347752012068,0.7075667068279081,-0.005068068373298651
42,2325,0.7235297138501929,0.7215621311219897,-0.0019675827282031877
42,2326,0.721010237114704,0.7137317118930417,-0.00727852522166228
42,2327,0.709370567918872,0.6944025174950513,-0.014968050423820656
42,2328,0.7123265266539858,0.7013643630469067,-0.010962163607079023
42,2329,0.7093993388468867,0.7015982106158898,-0.007801128230996879
42,2330,0.7266213365200995,0.7175749872408832,-0.009046349279216326
42,2331,0.7149884160484835,0.7094079089726986,-0.005580507075784946
42,2332,0.707482524765626,0.7038038801927304,-0.003678644572895573
42,2333,0.7076265971237968,0.7045947905997307,-0.003031806524066094
42,2334,0.7153109494411904,0.7095434528693187,-0.0057674965718717
42,2335,0.7180089000614333,0.7124769771181093,-0.005531922943323941
42,2336,0.7157305104330942,0.7008694587262642,-0.014861051706830053
42,2337,0.7245244486461924,0.7188502705197989,-0.005674178126393481
42,2338,0.71264237784123,0.7019841388413832,-0.010658238999846747
42,2339,0.7133513050863536,0.7054768650126807,-0.007874440073672884
42,2340,0.7072898617631005,0.7005821158991885,-0.006707745863911985
42,2341,0.7141046725197331,0.7057401036946853,-0.008364568825047769
42,2342,0.7135436182040873,0.704923220738321,-0.00862039746576626
42,2343,0.7114248966843719,0.6973700506752764,-0.014054846009095567
42,2344,0.7150154257577839,0.7137959414932806,-0.0012194842645032455
42,2345,0.7229568985655006,0.7167668506898144,-0.006190047875686222
42,2346,0.717929284895326,0.7071856016062197,-0.010743683289106354
42,2347,0.7114430342869871,0.7120912182289836,0.0006481839419965052
42,2348,0.708404731405123,0.7032244860097403,-0.005180245395382643
42,2349,0.7109209284180398,0.7104461465546635,-0.00047478186337623907
42,2350,0.7175262406083793,0.7154841344847848,-0.002042106123594567
42,2351,0.7128356738387442,0.7008573560430672,-0.01197831779567704
42,2352,0.718300355666756,0.710969639183816,-0.007330716482940036
42,2353,0.7186077628152576,0.7065265539465357,-0.012081208868721882
42,2354,0.703290936002254,0.7015250057272082,-0.0017659302750457906
42,2355,0.712578491966525,0.7034857215946211,-0.009092770371903924
42,2356,0.7205505233759272,0.7071779007235641,-0.013372622652363053
42,2357,0.7100214619186148,0.6937479900600141,-0.01627347185860073
42,2358,0.7190450938335049,0.7134963939232242,-0.00554869991028073
42,2359,0.7167012470025999,0.7089289646484334,-0.007772282354166493
42,2360,0.7093905067850373,0.7041757081203252,-0.005214798664712195
42,2361,0.7057234197526296,0.6984553477222992,-0.007268072030330419
42,2362,0.708793825325866,0.7058404403782361,-0.002953384947629867
42,2363,0.7106494333280848,0.7085467816657488,-0.0021026516623360303
42,2364,0.7230150557740453,0.7151758819072103,-0.00783917386683508
42,2365,0.706501417767582,0.705909302527175,-0.0005921152404070318
42,2366,0.7184507706545818,0.7130931023531069,-0.005357668301474994
42,2367,0.7218467159964778,0.7155949964395073,-0.006251719556970459
42,2368,0.7145227777586534,0.7073932176710533,-0.007129560087600018
42,2369,0.7205244838820635,0.7173944277193032,-0.0031300561627602974
42,2370,0.7068286950590006,0.7042806945602867,-0.0025480004987138427
42,2371,0.7141752747077155,0.7081172748824814,-0.006057999825234028
42,2372,0.7101620953874346,0.6978774889010853,-0.012284606486349325
42,2373,0.722772620771394,0.7167226572175225,-0.006049963553871551
42,2374,0.7213683915421295,0.7117987950777243,-0.00956959646440525
42,2375,0.7065435083669008,0.7072300307840658,0.0006865224171649364
42,2376,0.7194980695855255,0.7102207917539363,-0.00927727783158927
42,2377,0.7218451396737418,0.7127103698147179,-0.009134769859023839
42,2378,0.7116457490964226,0.7148375574183019,0.0031918083218792637
42,2379,0.714349267719468,0.7072090135554698,-0.0071402541639982164
42,2380,0.7119586118070825,0.7149497906697734,0.0029911788626908464
42,2381,0.707538180760252,0.6953003739391684,-0.012237806821083552
42,2382,0.7136244218949281,0.7110128837477749,-0.002611538147153203
42,2383,0.7067873067679226,0.697277700530239,-0.009509606237683599
42,2384,0.7230260360116053,0.7049931825657275,-0.018032853445877794
42,2385,0.7236198808227785,0.7247751151172084,0.0011552342944298744
42,2386,0.7167614677142556,0.7228233857400288,0.006061918025773161
42,2387,0.7117277433774745,0.7100421251287303,-0.0016856182487441362
42,2388,0.7212485139651882,0.7135813344065736,-0.007667179558614623
42,2389,0.7245764653835621,0.7156574724381485,-0.00891899294541365
42,2390,0.7263768100097355,0.7108136566534511,-0.015563153356284443
42,2391,0.7164755159712408,0.71988073241743,0.0034052164461891854
42,2392,0.7239981791903258,0.7120955445756736,-0.011902634614652241
42,2393,0.7024667667670674,0.7046967747669112,0.0022300079998437417
42,2394,0.710223342658764,0.6973821512950367,-0.0128411913637273
42,2395,0.6986192449141813,0.6937008553307376,-0.004918389583443705
42,2396,0.7124104024788975,0.7043657684921322,-0.00804463398676536
42,2397,0.7197149452768368,0.716164684951856,-0.0035502603249807363
42,2398,0.711607153305515,0.7109306135782051,-0.000676539727309966
42,2399,0.7033541609482319,0.6847790705998859,-0.018575090348346035
42,2400,0.7264188172832683,0.7148216871013299,-0.01159713018193842
42,2401,0.714889750389858,0.7057232311227681,-0.00916651926708989
42,2402,0.7130134939856334,0.7023084560683914,-0.010705037917241977
42,2403,0.7189326418292157,0.7070329929353542,-0.011899648893861525
42,2404,0.716679049619211,0.7034662248584571,-0.013212824760753916
42,2405,0.709075141096563,0.7159252897696011,0.006850148673038126
42,2406,0.7183623671600368,0.7085330697231167,-0.00982929743692007
42,2407,0.7017180980495512,0.6988901040404895,-0.0028279940090617517
42,2408,0.7024709085861784,0.6982207342668628,-0.004250174319315625
42,2409,0.7049747574757412,0.6900350603540106,-0.0149396971217306
42,2410,0.7134553317534784,0.7085723542577278,-0.004882977495750618
42,2411,0.7146777018824962,0.7029516668918747,-0.011726034990621526
42,2412,0.7174857013637576,0.713518788320242,-0.003966913043515596
42,2413,0.7058524719537738,0.703396002180094,-0.002456469773679748
42,2414,0.7076616937023001,0.7016046810991432,-0.0060570126031569416
42,2415,0.7233143076029536,0.7139101561466239,-0.009404151456329668
42,2416,0.7221465425813752,0.7015966388038958,-0.02054990377747945
42,2417,0.7143380460374944,0.7024087164318282,-0.011929329605666172
42,2418,0.7103283661473008,0.6987277377055968,-0.011600628441703953
42,2419,0.7093561081928516,0.6947323551510598,-0.014623753041791754
42,2420,0.7174692031845806,0.7115586142981669,-0.005910588886413715
42,2421,0.7127969835380605,0.7090238940389566,-0.003773089499103932
42,2422,0.7054731156980021,0.6978839110436392,-0.007589204654362858
42,2423,0.7053957813660712,0.7020520536974413,-0.0033437276686298922
42,2424,0.7078470605107716,0.6975965039097904,-0.010250556600981175
42,2425,0.7195662792428534,0.7074607142605543,-0.012105564982299089
42,2426,0.7158184496090201,0.7001330170580211,-0.015685432550998968
42,2427,0.7179273228334938,0.7059968736695914,-0.011930449163902401
42,2428,0.7051161165519462,0.6992991814610588,-0.005816935090887321
42,2429,0.7232130446166831,0.7201318786793379,-0.0030811659373451983
42,2430,0.7123543124897205,0.6980920929525608,-0.01426221953715967
42,2431,0.727916155267277,0.7049236692897627,-0.022992485977514354
42,2432,0.7185707878438092,0.7098600127268249,-0.00871077511698437
42,2433,0.7095481691641754,0.703132577803508,-0.006415591360667383
42,2434,0.712726679914599,0.6992310988129249,-0.013495581101674148
42,2435,0.7121553336877193,0.7099562480424317,-0.0021990856452875907
42,2436,0.7222321808119749,0.716150018571239,-0.006082162240735878
42,2437,0.7033629682847184,0.7006526500644464,-0.002710318220272012
42,2438,0.706580985615201,0.7027331823021572,-0.003847803313043796
42,2439,0.6979588397551999,0.6979896109534598,3.0771198259893495e-05
42,2440,0.7061563805872979,0.7125106798209117,0.006354299233613747
42,2441,0.7177783185201041,0.7059582367901021,-0.011820081730002041
42,2442,0.7103493168372095,0.707777872009885,-0.0025714448273245205
42,2443,0.7261275200416539,0.715198204436371,-0.010929315605282874
42,2444,0.705692389170826,0.6934931162865665,-0.012199272884259482
42,2445,0.7189367299056846,0.7073886486878962,-0.011548081217788386
42,2446,0.7234758966529531,0.7015781805202097,-0.021897716132743383
42,2447,0.7261216573668439,0.7169034653253392,-0.009218192041504647
42,2448,0.7054893248781869,0.7088654132888033,0.003376088410616318
42,2449,0.710547746961305,0.703741140884615,-0.006806606076689925
42,2450,0.7157860467590224,0.7118280964970198,-0.003957950262002519
42,2451,0.7098295566340589,0.7158888743230272,0.00605931768896828
42,2452,0.7009794691155702,0.6869458696604505,-0.014033599455119727
42,2453,0.7065003990610375,0.7113544728931761,0.00485407383213865
42,2454,0.7012481358127176,0.6854149416514679,-0.01583319416124973
42,2455,0.7152220387228234,0.7023072079663133,-0.01291483075651012
42,2456,0.7132467596765317,0.7084190601915521,-0.004827699484979631
42,2457,0.7157361239289646,0.7045905150502781,-0.01114560887868643
42,2458,0.7153901883186802,0.7115086925075398,-0.0038814958111403897
42,2459,0.71931098179152,0.7131876953208931,-0.006123286470626876
42,2460,0.7263928117966287,0.7068818733051252,-0.019510938491503538
42,2461,0.7154621025683509,0.7056134494989545,-0.009848653069396307
42,2462,0.7148561599406837,0.7100694742032163,-0.004786685737467433
42,2463,0.7232478183743462,0.7083024009552596,-0.014945417419086504
42,2464,0.7193332998436953,0.7071514931794645,-0.012181806664230854
42,2465,0.7196114547858379,0.716486876597857,-0.003124578187980842
42,2466,0.7151755313657742,0.7187393467728032,0.003563815407028992
42,2467,0.721676818499425,0.7231128458576269,0.001436027358201919
42,2468,0.7053120550288259,0.7050259059675327,-0.00028614906129320605
42,2469,0.7162719567156628,0.6943719417048089,-0.021900015010853924
42,2470,0.7033902802751726,0.7086810668177026,0.005290786542530013
42,2471,0.719612520502283,0.7133750672698791,-0.006237453232403878
42,2472,0.7111074141354083,0.701759449022661,-0.00934796511274738
42,2473,0.703489545013246,0.6999479609393626,-0.003541584073883386
42,2474,0.7039167831894977,0.6954931221171348,-0.00842366107236292
42,2475,0.7065434636488865,0.6990594380629567,-0.0074840255859298654
42,2476,0.7154005726389503,0.7128124823539403,-0.0025880902850099474
42,2477,0.7017112889636831,0.6961721333968696,-0.005539155566813503
42,2478,0.7294798097405003,0.7212999410826266,-0.008179868657873679
42,2479,0.7114986469018725,0.7142389778351621,0.0027403309332896253
42,2480,0.7083965103136836,0.7082674785257604,-0.00012903178792311731
42,2481,0.7035252707321927,0.6938101767748693,-0.009715093957323395
42,2482,0.7098458912285519,0.7068260923101664,-0.0030197989183855523
42,2483,0.712901128808563,0.699894724250042,-0.01300640455852109
42,2484,0.723671769537855,0.7216158782823061,-0.0020558912555488362
42,2485,0.717307997193182,0.7157099971183744,-0.0015980000748075929
42,2486,0.7177743662968697,0.7197955210232416,0.0020211547263718765
42,2487,0.7178040222553008,0.7130599333851126,-0.004744088870188179
42,2488,0.711800223356742,0.7132415758159162,0.0014413524591742055
42,2489,0.7149859528449816,0.7118015669965833,-0.003184385848398308
42,2490,0.718496793645153,0.7110113520040114,-0.00748544164114151
42,2491,0.7177378980851198,0.7128435988391861,-0.004894299245933653
42,2492,0.7042553031235436,0.6957588928764633,-0.008496410247080255
42,2493,0.7245355121138098,0.7161458125942417,-0.008389699519568139
42,2494,0.7088608301376518,0.7061596795016761,-0.0027011506359756465
42,2495,0.705451350008179,0.6974076786997957,-0.008043671308383349
42,2496,0.7057887417465322,0.7009724837565086,-0.004816257990023609
42,2497,0.704928485142716,0.7023743326426309,-0.0025541525000850607
42,2498,0.7199223369710785,0.7100882468643781,-0.009834090106700444
42,2499,0.7142320622781414,0.6989230087457544,-0.015309053532386985
42,2500,0.7085140620112118,0.7089305378885218,0.00041647587730997415
42,2501,0.721027490240046,0.7150365143388495,-0.00599097590119646
42,2502,0.7024136517159745,0.7016704872351407,-0.0007431644808337801
42,2503,0.7097949468292954,0.7091215542875772,-0.0006733925417182762
42,2504,0.7109507022119392,0.7056790107727666,-0.00527169143917261
42,2505,0.72280776229142,0.7182670981362451,-0.004540664155174845
42,2506,0.7085454611555918,0.7131034399307694,0.004557978775177607
42,2507,0.7081101135485217,0.7038341181767858,-0.004275995371735952
42,2508,0.7118880592692032,0.6969873908514692,-0.014900668417733964
42,2509,0.7224444146201388,0.7104062721538958,-0.012038142466242907
42,2510,0.7137396467634362,0.7037428398677035,-0.00999680689573268
42,2511,0.7081197698495544,0.7045806621090309,-0.0035391077405234617
42,2512,0.7215674539630854,0.7139291303625618,-0.007638323600523633
42,2513,0.7224768523026568,0.7127584612282204,-0.009718391074436394
42,2514,0.715958889338749,0.7135953839052502,-0.002363505433498725
42,2515,0.7179300985570544,0.7091900947907714,-0.008740003766282922
42,2516,0.7101541896917478,0.7028920879909153,-0.007262101700832524
42,2517,0.7144176107591738,0.7166206272143623,0.0022030164551885
42,2518,0.7232802699188944,0.7107810269267588,-0.012499242992135562
42,2519,0.7017785630770985,0.699280291381122,-0.002498271695976495
42,2520,0.7107668451324656,0.7077339344537696,-0.0030329106786959326
42,2521,0.7099319272662992,0.7038860549660145,-0.006045872300284638
42,2522,0.6989255847996152,0.6939369017336035,-0.004988683066011745
42,2523,0.7238322167657075,0.7052426219760662,-0.018589594789641284
42,2524,0.7113528952634189,0.695417382038071,-0.01593551322534792
42,2525,0.714174283635491,0.6961568089778063,-0.018017474657684662
42,2526,0.7077164778622002,0.7084041662160327,0.000687688353832594
42,2527,0.7027145547633015,0.6998716745899572,-0.00284288017334422
42,2528,0.720364315377666,0.7116024246889575,-0.008761890688708474
42,2529,0.7212775607310304,0.7208809774310898,-0.0003965832999406338
42,2530,0.712425610992146,0.7086950471413332,-0.003730563850812718
42,2531,0.7162816237552638,0.7002953628811677,-0.01598626087409616
42,2532,0.7065102044773274,0.697700595605907,-0.008809608871420349
42,2533,0.7190396877869509,0.716133709290571,-0.0029059784963799684
42,2534,0.7131962643760844,0.7064428227651949,-0.006753441610889532
42,2535,0.725366811572834,0.7178164506421207,-0.007550360930713262
42,2536,0.7072647768813183,0.700728503549835,-0.006536273331483322
42,2537,0.7081809162734601,0.7107383282860686,0.0025574120126085065
42,2538,0.7002134686040842,0.6968418232929848,-0.003371645311099347
42,2539,0.7153709514403684,0.7186253626351435,0.0032544111947750975
42,2540,0.7202315435665638,0.7066992674781233,-0.013532276088440542
42,2541,0.7017190541599849,0.6919183195246664,-0.009800734635318498
42,2542,0.7191590806913033,0.7047201496100601,-0.014438931081243167
42,2543,0.7155487833463027,0.7077810263841012,-0.007767756962201444
42,2544,0.7053314458933072,0.7035997443370128,-0.0017317015562944293
42,2545,0.7120984070310863,0.7131631362035951,0.0010647291725087715
42,2546,0.7162872195883592,0.7118704181795319,-0.0044168014088272756
42,2547,0.7240734211108474,0.7169899149642219,-0.007083506146625451
42,2548,0.7144642933686653,0.7072448723511794,-0.007219421017485961
42,2549,0.7136966137681047,0.7035977392278835,-0.010098874540221181
42,2550,0.7175873222699735,0.703039008953851,-0.014548313316122496
42,2551,0.718817509837024,0.7153614719805597,-0.0034560378564643113
42,2552,0.7184661292967924,0.7126154032061274,-0.005850726090665059
42,2553,0.7107227284462211,0.705634321115959,-0.005088407330262057
42,2554,0.7157581920291314,0.7057920230532279,-0.009966168975903522
42,2555,0.7179941747885172,0.7089239933133797,-0.009070181475137495
42,2556,0.7206401678788279,0.7212753197830557,0.0006351519042278042
42,2557,0.7201048335378979,0.712282524128983,-0.00782230940891493
42,2558,0.7232575067490576,0.7171840342687117,-0.006073472480345954
42,2559,0.7198711339320092,0.7153930204886941,-0.004478113443315057
42,2560,0.7175006863381315,0.7078905886658617,-0.009610097672269724
42,2561,0.7084144595822884,0.7034460510754506,-0.004968408506837885
42,2562,0.7210007957937099,0.7120757852307964,-0.008925010562913505
42,2563,0.7123315355059232,0.7158120464897705,0.0034805109838472736
42,2564,0.717432811962666,0.7067078606954422,-0.010724951267223726
42,2565,0.7161240980880299,0.7095637843171726,-0.006560313770857307
42,2566,0.7203332195070531,0.7101206207255812,-0.010212598781471849
42,2567,0.72806946796655,0.7184108853121625,-0.00965858265438757
42,2568,0.7202940940159857,0.7095623926706586,-0.010731701345327083
42,2569,0.7130394247642207,0.7059890852289904,-0.007050339535230266
42,2570,0.7162645334630837,0.7073389993768946,-0.008925534086189124
42,2571,0.7040255477631427,0.7007754320226844,-0.0032501157404583036
42,2572,0.7231233544764257,0.7149094425332398,-0.008213911943185881
42,2573,0.7086609588018298,0.7021170658227863,-0.006543892979043453
42,2574,0.7059195410820044,0.696119510546676,-0.009800030535328408
42,2575,0.7096855217422926,0.7081634135384642,-0.001522108203828365
42,2576,0.7201323531254021,0.7057453543474652,-0.014386998777936921
42,2577,0.7151588839408702,0.7060617224164707,-0.009097161524399544
42,2578,0.7053753849378063,0.698070369207574,-0.007305015730232234
42,2579,0.7211581366864407,0.7146183407366405,-0.006539795949800142
42,2580,0.7005116046373032,0.7026335505596925,0.0021219459223892345
42,2581,0.7082358930756832,0.7160606242482408,0.007824731172557553
42,2582,0.7117004438815682,0.7039992705249553,-0.0077011733566129115
42,2583,0.7017860661444991,0.693885167463486,-0.007900898681013069
42,2584,0.7162063468381482,0.7119278799360677,-0.004278466902080558
42,2585,0.7162168369685078,0.7060981685472736,-0.010118668421234212
42,2586,0.7197026395279134,0.7115645323604931,-0.00813810716742025
42,2587,0.7063217511367436,0.7014880520266857,-0.004833699110057821
42,2588,0.7244880178657511,0.7070460077672329,-0.0174420100985182
42,2589,0.7098776011630529,0.7004982636038983,-0.009379337559154544
42,2590,0.7113299857276256,0.7097033981151821,-0.0016265876124434975
42,2591,0.7012399226492398,0.6915549025338863,-0.009685020115353549
42,2592,0.7256383413927794,0.713907688235799,-0.011730653156980408
42,2593,0.7060969125490033,0.6962661805325079,-0.009830732016495425
42,2594,0.7146073312575122,0.7112356272899282,-0.0033717039675840166
42,2595,0.7133092237087169,0.7035143509193855,-0.009794872789331333
42,2596,0.7058737985437664,0.7054125957865693,-0.0004612027571970767
42,2597,0.7146104341041811,0.6986488136396667,-0.015961620464514437
42,2598,0.7178574819198135,0.7092499191335468,-0.00860756278626662
42,2599,0.7170741420840944,0.7136571836664336,-0.003416958417660765
42,2600,0.706268282640005,0.6955111883720744,-0.01075709426793059
42,2601,0.7124861856096192,0.7159030534653464,0.003416867855727257
42,2602,0.7238374517431687,0.7196405868567649,-0.004196864886403806
42,2603,0.7068705176719212,0.7029585822879088,-0.003911935384012466
42,2604,0.719050733913853,0.717929880995145,-0.001120852918708004
42,2605,0.7164141750740237,0.7063831792854809,-0.01003099578854283
42,2606,0.7029149803557085,0.6916333930829808,-0.011281587272727767
42,2607,0.7117699914487325,0.7070517153221232,-0.004718276126609355
42,2608,0.6993922561429575,0.6893819216437664,-0.010010334499191087
42,2609,0.7094173100722425,0.7173334182300484,0.007916108157805857
42,2610,0.7079635346810058,0.7074217957825055,-0.000541738898500288
42,2611,0.715546597928072,0.70633401979668,-0.00921257813139198
42,2612,0.7066143256180129,0.7033972590008828,-0.00321706661713006
42,2613,0.7104184186397259,0.7021713330088288,-0.008247085630897044
42,2614,0.7165480991311423,0.7114701643233781,-0.005077934807764195
42,2615,0.727125046934677,0.7162090533179774,-0.010915993616699704
42,2616,0.7188159163995739,0.7103914982927972,-0.008424418106776632
42,2617,0.6962404047058415,0.6953832850416666,-0.000857119664174899
42,2618,0.7120917086505449,0.7156210187714096,0.0035293101208646593
42,2619,0.7135512558961545,0.7039410883779053,-0.00961016751824928
42,2620,0.7120913910679316,0.7046138175649177,-0.007477573503013923
42,2621,0.7121897122750305,0.7020724806327214,-0.010117231642309044
42,2622,0.7091069899460407,0.7020511494409255,-0.007055840505115207
42,2623,0.7095574666404905,0.7069926753515411,-0.002564791288949375
42,2624,0.72461326308909,0.7114622091224011,-0.01315105396668892
42,2625,0.7134414636853027,0.7030436721546927,-0.010397791530610045
42,2626,0.7301167767682848,0.7078110194063079,-0.02230575736197693
42,2627,0.7147424326280767,0.7120217292159557,-0.0027207034121209395
42,2628,0.7174806347036338,0.7137171326242815,-0.0037635020793522767
42,2629,0.7140861187350971,0.7123737448188923,-0.0017123739162048235
42,2630,0.7240133617687596,0.7210134621159952,-0.0029998996527644817
42,2631,0.7047813271332165,0.704394602429344,-0.00038672470387246527
42,2632,0.7221670250774033,0.7181437742201542,-0.004023250857249083
42,2633,0.7111346803281609,0.7084300058309657,-0.0027046744971951364
42,2634,0.7112258462023997,0.7014434267144432,-0.00978241948795655
42,2635,0.72349322654131,0.7075490275992025,-0.015944198942107524
42,2636,0.7194101905156143,0.7112507313801302,-0.008159459135484104
42,2637,0.7060510572720974,0.6992453891935724,-0.006805668078525007
42,2638,0.7061413504991008,0.6982670425449387,-0.007874307954162107
42,2639,0.7100963161632763,0.6993463839395138,-0.010749932223762526
42,2640,0.7057558702664153,0.7079601333567207,0.002204263090305414
42,2641,0.7094116965905618,0.7014159843533898,-0.007995712237171992
42,2642,0.7047116636167315,0.6986564887895905,-0.006055174827141019
42,2643,0.7076322627199807,0.7040712279381849,-0.0035610347817958132
42,2644,0.7286020364442723,0.7252310384492459,-0.0033709979950264923
42,2645,0.7154047669292657,0.7237457577926394,0.008340990863373698
42,2646,0.719769007189656,0.7137971465539155,-0.005971860635740511
42,2647,0.7053713575006126,0.7014037515426581,-0.003967605957954534
42,2648,0.7119720905989673,0.7061478100872747,-0.005824280511692592
42,2649,0.7211819407560123,0.7247155497260485,0.003533608970036184
42,2650,0.7136526903317642,0.7050245565787692,-0.008628133752994982
42,2651,0.7169881297190284,0.7046180615625426,-0.01237006815648578
42,2652,0.72086412552478,0.7149367571979346,-0.0059273683268453725
42,2653,0.7231853880209576,0.7016338279108676,-0.021551560110089962
42,2654,0.7189455679000163,0.7120107033677963,-0.006934864532220031
42,2655,0.722882290566847,0.7178170475841928,-0.005065242982654206
42,2656,0.712632731317101,0.7094077036376687,-0.003225027679432335
42,2657,0.7143462249635484,0.7059680270048362,-0.008378197958712197
42,2658,0.7171383593562499,0.7140301819147795,-0.0031081774414704055
42,2659,0.7050974166154891,0.6980179434444452,-0.0070794731710438485
42,2660,0.7036456866638889,0.7028471469650821,-0.0007985396988068327
42,2661,0.7160165906396907,0.7100883115403869,-0.005928279099303824
42,2662,0.7293465233009783,0.7223973490344524,-0.006949174266525859
42,2663,0.7129839601466729,0.7082959805115907,-0.004687979635082162
42,2664,0.7208365554851752,0.71555268827457,-0.005283867210605253
42,2665,0.7148383425917173,0.6997802068288534,-0.015058135762863856
42,2666,0.721658402957826,0.7203430281976064,-0.0013153747602195898
42,2667,0.7162751453773033,0.7044096445297695,-0.011865500847533794
42,2668,0.7089115498207362,0.6984095739725118,-0.010501975848224432
42,2669,0.7120368109110766,0.715238496380881,0.0032016854698043717
42,2670,0.7146571259911629,0.6956768229869214,-0.018980303004241583
42,2671,0.7205070401454974,0.7067727854440409,-0.013734254701456505
42,2672,0.7064809927310921,0.7011209327038406,-0.005360060027251534
42,2673,0.7089399728299004,0.7035347496527864,-0.005405223177114005
42,2674,0.7123175582347712,0.7026908439417807,-0.009626714292990446
42,2675,0.7024715543790531,0.6959543810355754,-0.006517173343477678
42,2676,0.7182899741136206,0.7079362769606278,-0.010353697152992836
42,2677,0.723560924964669,0.7143784858456699,-0.009182439118999075
42,2678,0.7140011108009405,0.7080449504038082,-0.005956160397132315
42,2679,0.7094457827656357,0.7038702848618004,-0.00557549790383538
42,2680,0.7033296848383755,0.6947304787628126,-0.00859920607556297
42,2681,0.7324892383081807,0.7115951123400291,-0.020894125968151545
42,2682,0.696976767596696,0.7006180032886168,0.0036412356919207634
42,2683,0.7007306067178546,0.7005827166398109,-0.000147890078043722
42,2684,0.7176234332550824,0.712020916760536,-0.00560251649454635
42,2685,0.7073437959477535,0.701421562182132,-0.00592223376562151
42,2686,0.7148151342729684,0.7060784286107197,-0.008736705662248712
42,2687,0.7105585055022186,0.7032731494463054,-0.007285356055913184
42,2688,0.7133576842004531,0.6907457955207097,-0.022611888679743397
42,2689,0.7221367635702506,0.713645077322313,-0.008491686247937613
42,2690,0.710055045097146,0.7025609579398857,-0.0074940871572602985
42,2691,0.7091702194389264,0.7046866981720408,-0.0044835212668856705
42,2692,0.7099236749296245,0.7093307129608442,-0.0005929619687803367
42,2693,0.7142872979350614,0.7067773816731155,-0.007509916261945859
42,2694,0.7134694364164815,0.7030985296584947,-0.010370906757986798
42,2695,0.719737843293832,0.717821486923282,-0.0019163563705499875
42,2696,0.7241733533481378,0.7101739949725432,-0.013999358375594628
42,2697,0.7111598052043069,0.7019405055759156,-0.009219299628391298
42,2698,0.7215240208189452,0.713330070404423,-0.0081939504145222
42,2699,0.7186402886669119,0.7028543268113817,-0.015785961855530162
42,2700,0.7137965558833725,0.7044326351556817,-0.009363920727690878
42,2701,0.7158409373284405,0.7064176957506754,-0.009423241577765085
42,2702,0.7040519782070522,0.695450863583043,-0.008601114624009254
42,2703,0.7208825756941343,0.7111527419843519,-0.00972983370978242
42,2704,0.69425558727312,0.6923432493774928,-0.0019123378956271697
42,2705,0.7041418447712361,0.7122879507235884,0.008146105952352323
42,2706,0.7231078217659781,0.7079311196710203,-0.015176702094957806
42,2707,0.7155082258790159,0.7017784342066041,-0.013729791672411729
42,2708,0.6989107181114834,0.6880390449036242,-0.0108716732078592
42,2709,0.7091975814035758,0.7019993945102582,-0.007198186893317637
42,2710,0.7090967858395674,0.7051173658602097,-0.00397941997935769
42,2711,0.7184392840494296,0.7055202514193034,-0.01291903263012617
42,2712,0.7092707351044636,0.7132876942504686,0.0040169591460049725
42,2713,0.7203051615585228,0.711263606622013,-0.00904155493650971
42,2714,0.7206418597525538,0.7135431231484973,-0.007098736604056466
42,2715,0.7332460084630255,0.7264679431619551,-0.006778065301070391
42,2716,0.7156703620594499,0.7117349412661194,-0.003935420793330535
42,2717,0.7173753563945988,0.707810392866836,-0.009564963527762815
42,2718,0.7160560851704927,0.7164650610814103,0.0004089759109175972
42,2719,0.7089518787619681,0.6946734930452285,-0.014278385716739561
42,2720,0.7062318790216026,0.6996692194696283,-0.006562659551974215
42,2721,0.711559157650453,0.7024431704028106,-0.009115987247642399
42,2722,0.7142126085967013,0.7095810648376284,-0.004631543759072931
42,2723,0.7102033307060032,0.7084466642491767,-0.0017566664568264834
42,2724,0.7214462640517829,0.7169407123164555,-0.004505551735327407
42,2725,0.7066151560786424,0.6975765711824151,-0.00903858489622733
42,2726,0.7161859534877943,0.7139066924423192,-0.002279261045475156
42,2727,0.7116177274802393,0.7122939578170401,0.0006762303368007538
42,2728,0.7105286330834346,0.708651823214308,-0.0018768098691266388
42,2729,0.7256810014452881,0.7073273753037488,-0.018353626141539348
42,2730,0.7099396750114957,0.7090055407072118,-0.0009341343042839068
42,2731,0.7202571713246912,0.7119599868654747,-0.008297184459216567
42,2732,0.7172551614271827,0.7112291717972985,-0.00602598962988421
42,2733,0.7248875946806155,0.718787359755426,-0.006100234925189518
42,2734,0.7198060994810682,0.7111291164576727,-0.00867698302339548
42,2735,0.7242062511757109,0.7101551238687158,-0.014051127306995093
42,2736,0.7196074135442346,0.7189672027797009,-0.0006402107645336885
42,2737,0.7260590549692981,0.7084366655229927,-0.017622389446305453
42,2738,0.7216790454096355,0.7165784762343081,-0.0051005691753273075
42,2739,0.7108067362633914,0.7162067412007442,0.00540000493735282
42,2740,0.7177453421635773,0.7055013885030623,-0.012243953660515006
42,2741,0.7177109815581013,0.7137555362885221,-0.00395544526957925
42,2742,0.7022111430077953,0.6999792235840274,-0.0022319194237678808
42,2743,0.714861269363893,0.7119619394587148,-0.0028993299051782717
42,2744,0.7148045473028473,0.7061085962378706,-0.00869595106497667
42,2745,0.709926842793509,0.705523892437558,-0.004402950355951063
42,2746,0.7198761535733971,0.7209339033296085,0.0010577497562114235
42,2747,0.7071748394327222,0.7033663839410185,-0.0038084554917037217
42,2748,0.7184661540657611,0.713446032476046,-0.005020121589715099
42,2749,0.7177021564898546,0.7128399371994069,-0.004862219290447722
42,2750,0.7131493192486551,0.7089508523499195,-0.004198466898735598
42,2751,0.712116251310164,0.7155296641376502,0.0034134128274861952
42,2752,0.7110838429925987,0.7032238487290756,-0.007859994263523129
42,2753,0.7098365671517042,0.7083748603126865,-0.0014617068390176957
42,2754,0.7123590084430389,0.7082663214674054,-0.004092686975633475
42,2755,0.7183389238491469,0.7066528413223201,-0.011686082526826791
42,2756,0.7082023280660998,0.7056163333632587,-0.0025859947028411545
42,2757,0.7129668616561364,0.7070920246980272,-0.0058748369581091975
42,2758,0.7140594791165438,0.709665103733244,-0.004394375383299787
42,2759,0.7224788285102066,0.7175836893751014,-0.004895139135105198
42,2760,0.7092217968553309,0.7062207996999349,-0.0030009971553960346
42,2761,0.7154372835394565,0.7140963773907285,-0.0013409061487279494
42,2762,0.7262035285277213,0.7149113708313418,-0.011292157696379479
42,2763,0.72741064599765,0.727936219448528,0.000525573450878003
42,2764,0.7145361463556705,0.7054556471108557,-0.0090804992448148
42,2765,0.7204180406962964,0.7021397414476126,-0.01827829924868385
42,2766,0.7135677730165082,0.7023681509705484,-0.011199622045959812
42,2767,0.7167655840920317,0.7012422914863128,-0.015523292605718941
42,2768,0.7229238121056392,0.7202043028223208,-0.002719509283318322
42,2769,0.7151825237387931,0.7038246690769905,-0.011357854661802613
42,2770,0.6988066790637669,0.6958251854327837,-0.002981493630983212
42,2771,0.7242761272908081,0.7142580339647029,-0.01001809332610526
42,2772,0.7117027196067796,0.7039075610900865,-0.0077951585166931014
42,2773,0.7147197330310613,0.7034625429246242,-0.01125719010643711
42,2774,0.7261652102687486,0.7096030870311084,-0.01656212323764017
42,2775,0.715519627051669,0.7058046991857143,-0.009714927865954737
42,2776,0.7117178364419054,0.7050947863265158,-0.0066230501153896615
42,2777,0.7201922274223866,0.7150634081170661,-0.005128819305320498
42,2778,0.7061597548934011,0.7030539924505278,-0.0031057624428733055
42,2779,0.7104471146478645,0.7118773010489248,0.001430186401060296
42,2780,0.7125365751233637,0.7025763975188601,-0.009960177604503517
42,2781,0.7091666050099494,0.7064097544016908,-0.0027568506082585875
42,2782,0.7173544112946675,0.7126246239459626,-0.004729787348704884
42,2783,0.7120774624165458,0.6987593904063204,-0.01331807201022539
42,2784,0.70769471709287,0.7000896213579593,-0.0076050957349107495
42,2785,0.7122543197498399,0.7070630314236435,-0.005191288326196419
42,2786,0.7007425609724314,0.7040088938552261,0.0032663328827947646
42,2787,0.7161441985411358,0.7054915380353253,-0.010652660505810485
42,2788,0.7216378798471701,0.709816204702592,-0.011821675144578103
42,2789,0.7088379978222401,0.7050253933379466,-0.003812604484293547
42,2790,0.7157220775075173,0.7004489300217618,-0.015273147485755478
42,2791,0.7151982408045783,0.7096759583265242,-0.005522282478054086
42,2792,0.7276965217694551,0.7168915391128882,-0.01080498265656693
42,2793,0.7126316687452448,0.7057488608360251,-0.00688280790921969
42,2794,0.7197337777725714,0.717333370400425,-0.002400407372146418
42,2795,0.713071204510375,0.7023268880407045,-0.010744316469670445
42,2796,0.7235866873140326,0.7108089263989075,-0.01277776091512517
42,2797,0.7107895604715412,0.7058109345589328,-0.0049786259126083365
42,2798,0.7097384213549323,0.6971333251956573,-0.012605096159274964
42,2799,0.7149864580646496,0.7079528194798199,-0.007033638584829638
42,2800,0.6997853633796264,0.6974340601199818,-0.0023513032596446104
42,2801,0.7103654868708542,0.6970830973145146,-0.013282389556339647
42,2802,0.7186936883418881,0.709956303108495,-0.008737385233393069
42,2803,0.7103370945883389,0.7000267218678449,-0.010310372720494065
42,2804,0.7219330231178321,0.7118853310993396,-0.010047692018492538
42,2805,0.7118241258778621,0.7211662989655161,0.009342173087653949
42,2806,0.7157533618738496,0.7109069174294619,-0.004846444444387754
42,2807,0.7286515071684014,0.7143689649624813,-0.014282542205920179
42,2808,0.7179862399957075,0.7008275824422621,-0.017158657553445478
42,2809,0.7081186184702588,0.701071229077478,-0.007047389392780823
42,2810,0.7128288942772695,0.7007906151176109,-0.012038279159658605
42,2811,0.7147319249862677,0.7033179710259683,-0.011413953960299428
42,2812,0.721860119908541,0.7113843533119254,-0.010475766596615643
42,2813,0.7176930529588261,0.7131147105033298,-0.004578342455496376
42,2814,0.7101609516624767,0.704372334294816,-0.005788617367660676
42,2815,0.7200793367153195,0.7178925366115716,-0.0021868001037479434
42,2816,0.7097500403362744,0.7035564567237499,-0.006193583612524534
42,2817,0.7261802411850483,0.7173404089962341,-0.008839832188814234
42,2818,0.7094010397563381,0.7054335304339575,-0.003967509322380547
42,2819,0.7089964710874335,0.7002628804944216,-0.00873359059301182
42,2820,0.7283747470262826,0.7185525598630285,-0.009822187163254115
42,2821,0.7247482155327127,0.7086146891446957,-0.016133526388017017
42,2822,0.707922518875565,0.7043461931279493,-0.003576325747615683
42,2823,0.7221549622073857,0.7149555882928011,-0.007199373914584584
42,2824,0.7151232918524427,0.7083402306372449,-0.006783061215197783
42,2825,0.7128742551995416,0.7049262226853619,-0.007948032514179748
42,2826,0.723410439814655,0.7081676517177005,-0.015242788096954563
42,2827,0.7218132879613561,0.7114880468250876,-0.010325241136268537
42,2828,0.7258197528316791,0.7137599907962878,-0.012059762035391275
42,2829,0.708156998209809,0.7056164050819469,-0.002540593127862145
42,2830,0.7054680318495516,0.7028274020113872,-0.0026406298381644877
42,2831,0.7166269083741985,0.7079122047835842,-0.008714703590614326
42,2832,0.7171287480146029,0.7094946951545718,-0.00763405286003116
42,2833,0.7194745413974728,0.7158864058033645,-0.0035881355941083104
42,2834,0.7083578367642667,0.7029250727054086,-0.005432764058858064
42,2835,0.7050406222152689,0.6997629644815058,-0.005277657733763097
42,2836,0.7073009405521009,0.6998340154207493,-0.007466925131351609
42,2837,0.72487105506271,0.7183071980838656,-0.006563856978844429
42,2838,0.710997232884485,0.7074785376619817,-0.003518695222503365
42,2839,0.7314911341231294,0.7155240718343725,-0.015967062288756884
42,2840,0.704633397261885,0.7075258309771841,0.0028924337152991253
42,2841,0.7076982332938988,0.7006443206756134,-0.007053912618285363
42,2842,0.7152957169108494,0.7090786197676064,-0.006217097143242922
42,2843,0.7097841895893204,0.7005833991505237,-0.009200790438796735
42,2844,0.7164008130885701,0.7020993197444432,-0.014301493344126892
42,2845,0.7047841496809932,0.6945123941786189,-0.010271755502374358
42,2846,0.7151339520244879,0.7104379971662371,-0.004695954858250806
42,2847,0.711725853887323,0.7148487381949857,0.003122884307662721
42,2848,0.7038764338270518,0.6960516925845375,-0.00782474124251431
42,2849,0.7054818490422539,0.7024524746128085,-0.0030293744294453973
42,2850,0.717972156971361,0.7143777166158115,-0.0035944403555494553
42,2851,0.7155942893739002,0.7041126383658323,-0.011481651008067972
42,2852,0.7090014297508244,0.7134423265624932,0.004440896811668815
42,2853,0.7067583007049048,0.7030863603422792,-0.0036719403626255254
42,2854,0.7169660059896781,0.7072289317340046,-0.009737074255673495
42,2855,0.7139590494527324,0.7010187998138623,-0.012940249638870083
42,2856,0.7235216352948277,0.7112718637043656,-0.012249771590462144
42,2857,0.7156618671886585,0.7095119610156668,-0.006149906172991715
42,2858,0.7137300759048675,0.7083271262731381,-0.005402949631729381
42,2859,0.7068705697528735,0.712496051861981,0.005625482109107405
42,2860,0.7190078634493826,0.7183241879714899,-0.0006836754778927201
42,2861,0.704530064620758,0.6934591992219661,-0.011070865398791874
42,2862,0.7169164875140979,0.7125167709657794,-0.0043997165483185
42,2863,0.7029137953315094,0.6943530969588584,-0.008560698372651054
42,2864,0.7267462663832941,0.7156192679675822,-0.011126998415711853
42,2865,0.708703731247319,0.7132321429224434,0.004528411675124411
42,2866,0.7182281394169877,0.7054399118992976,-0.012788227517690154
42,2867,0.7104705796698033,0.7027155792945058,-0.007755000375297527
42,2868,0.7142305389489767,0.6963120046016242,-0.017918534347352466
42,2869,0.7049918506072057,0.7040706344843246,-0.0009212161228810967
42,2870,0.7265506303188912,0.7176673763067645,-0.008883254012126751
42,2871,0.7027688008080214,0.7070885997466476,0.004319798938626218
42,2872,0.7136111768705626,0.7111787464604428,-0.002432430410119868
42,2873,0.7341242022458117,0.7326864594928455,-0.0014377427529661535
42,2874,0.7122805574362303,0.7111600579541375,-0.0011204994820928071
42,2875,0.7107639500433405,0.694715613479025,-0.01604833656431548
42,2876,0.7185165845132537,0.7181183257898484,-0.0003982587234053758
42,2877,0.7194019109950283,0.714505758519927,-0.004896152475101223
42,2878,0.7139104149215596,0.7115687739167538,-0.002341641004805828
42,2879,0.7100918960180431,0.708177392228091,-0.001914503789952171
42,2880,0.7239179435603029,0.7106141764419375,-0.01330376711836545
42,2881,0.7160669194231271,0.7048642019352847,-0.011202717487842406
42,2882,0.7232345248074858,0.7173520379035938,-0.005882486903892037
42,2883,0.7130096570684956,0.711020721826439,-0.0019889352420565665
42,2884,0.7162203243319405,0.7134911466927282,-0.0027291776392123213
42,2885,0.7102485363926898,0.7038517931901586,-0.006396743202531252
42,2886,0.7207642868915429,0.7113292281914513,-0.009435058700091647
42,2887,0.7141828915260202,0.7032415888241652,-0.010941302701855005
42,2888,0.7100907214104446,0.7046501071942136,-0.005440614216230988
42,2889,0.7120274184990802,0.7014642426873848,-0.010563175811695413
42,2890,0.707934090428496,0.7078452663236451,-8.882410485089309e-05
42,2891,0.7140162103537275,0.7096389906112923,-0.004377219742435212
42,2892,0.7183825828443844,0.7185129889053272,0.0001304060609428337
42,2893,0.7110675916057592,0.7135042102488521,0.0024366186430929693
42,2894,0.7103662024701379,0.7138098439759817,0.003443641505843753
42,2895,0.7090276861523119,0.7088155642287296,-0.00021212192358233128
42,2896,0.6983759544726965,0.7023707236135137,0.0039947691408172
42,2897,0.7141683663637821,0.7208354448647264,0.006667078500944279
42,2898,0.7180887765719125,0.7123800693601687,-0.005708707211743769
42,2899,0.7166972975874489,0.7131925093149691,-0.0035047882724797974
42,2900,0.70759244774328,0.7048222611832407,-0.002770186560039356
42,2901,0.7172669700063793,0.7136172699023218,-0.0036497001040575183
42,2902,0.7069017145088066,0.7017178286958883,-0.005183885812918287
42,2903,0.715291572759968,0.7041795032086527,-0.011112069551315273
42,2904,0.6970583045100149,0.7005218581448877,0.003463553634872718
42,2905,0.7052230520532634,0.7104688412158975,0.005245789162634074
42,2906,0.7116809731454863,0.7101691228204019,-0.001511850325084385
42,2907,0.7050115233705039,0.7030532995040761,-0.001958223866427744
42,2908,0.7120839971547419,0.7015646374506443,-0.010519359704097564
42,2909,0.7236583717765763,0.713623754381074,-0.010034617395502377
42,2910,0.7059085491667404,0.6972832319683405,-0.008625317198399873
42,2911,0.7153797185039941,0.7046828581081046,-0.010696860395889463
42,2912,0.7156688631750328,0.7117100783335177,-0.003958784841515017
42,2913,0.7204993096290642,0.7082927130310358,-0.012206596598028363
42,2914,0.6987573552867714,0.6915325596058385,-0.007224795680932927
42,2915,0.7205735613987384,0.7217585834676541,0.0011850220689156865
42,2916,0.7209761248287256,0.7137982850389117,-0.0071778397898139
42,2917,0.7111770750942266,0.7094163900575232,-0.0017606850367033466
42,2918,0.7171015231284188,0.7084528864533923,-0.008648636675026466
42,2919,0.7205189428702914,0.7111815265905563,-0.009337416279735056
42,2920,0.6980967312694993,0.7026771560073711,0.004580424737871791
42,2921,0.7193476216428997,0.7031982786156179,-0.01614934302728177
42,2922,0.7165432960863847,0.702329603281994,-0.014213692804390665
42,2923,0.7042593869665377,0.7062147882318945,0.001955401265356871
42,2924,0.7201045260916803,0.7123946532891677,-0.007709872802512563
42,2925,0.7211145885641939,0.7088418772214753,-0.012272711342718567
42,2926,0.7343005948359769,0.7241545282648172,-0.010146066571159684
42,2927,0.7255595861513664,0.7223355219860261,-0.003224064165340268
42,2928,0.7171341313040276,0.715062318380763,-0.0020718129232646376
42,2929,0.7032586972964324,0.701187781764907,-0.0020709155315253858
42,2930,0.713613575839724,0.7130637538858652,-0.0005498219538587756
42,2931,0.7082117854074836,0.7050824761998745,-0.003129309207609121
42,2932,0.7156849462207497,0.7114466782682953,-0.004238267952454411
42,2933,0.7184636214869776,0.71078153388013,-0.007682087606847632
42,2934,0.7191481209324927,0.7091156117377441,-0.010032509194748629
42,2935,0.7142895625329337,0.706910570122155,-0.007378992410778773
42,2936,0.6989716035118098,0.7020755772273225,0.0031039737155127423
42,2937,0.7142177848421396,0.7031984726509042,-0.01101931219123542
42,2938,0.7061790708543124,0.7125876141666365,0.0064085433123241
42,2939,0.7136194502388149,0.7113866016579604,-0.002232848580854485
42,2940,0.7064323749941319,0.7038957064951887,-0.0025366684989431842
42,2941,0.7129080159681905,0.7012655154776912,-0.011642500490499308
42,2942,0.7178321085114444,0.7118092541176718,-0.006022854393772592
42,2943,0.7111844965411194,0.7104663848240393,-0.0007181117170800277
42,2944,0.7077507957570557,0.7066031243498507,-0.0011476714072049532
42,2945,0.7123183153940672,0.7198634891134628,0.007545173719395559
42,2946,0.7247109704788405,0.7148983870558887,-0.00981258342295177
42,2947,0.7098119533212607,0.7108795328505557,0.0010675795292950374
42,2948,0.6992501777234683,0.6930712583901605,-0.006178919333307831
42,2949,0.6997021051759034,0.7005810410255616,0.0008789358496582578
42,2950,0.7260501035381663,0.7163220298859427,-0.009728073652223612
42,2951,0.7209122676388349,0.7163323251530478,-0.004579942485787081
42,2952,0.7105963556895383,0.7024385241143372,-0.008157831575201113
42,2953,0.7184194245938283,0.7111286309407269,-0.007290793653101479
42,2954,0.7090529434028106,0.7070428133988762,-0.0020101300039343517
42,2955,0.7057221734503869,0.7083543590979201,0.002632185647533203
42,2956,0.7241947804072273,0.7117269777202835,-0.012467802686943807
42,2957,0.7185011460717601,0.7060909580785254,-0.012410187993234678
42,2958,0.7022742263134247,0.6972837088101504,-0.004990517503274283
42,2959,0.7178669954863031,0.714703471891672,-0.0031635235946310125
42,2960,0.703968999388001,0.703420436036473,-0.0005485633515279753
42,2961,0.7049107521545918,0.700128306818779,-0.004782445335812735
42,2962,0.7324694460633632,0.724659090982004,-0.007810355081359188
42,2963,0.719473169804219,0.7216375624770579,0.002164392672838855
42,2964,0.726343511278864,0.7161213813187218,-0.010222129960142157
42,2965,0.7178924487038827,0.7067050174435379,-0.011187431260344827
42,2966,0.7121604071638474,0.7087765804268015,-0.0033838267370459585
42,2967,0.7138556323575416,0.7070805778023553,-0.006775054555186233
42,2968,0.7192088898847149,0.7038423253493515,-0.015366564535363336
42,2969,0.7144137781001871,0.7087140695090877,-0.005699708591099473
42,2970,0.7172319692394219,0.7041626382176454,-0.013069331021776542
42,2971,0.7249053819246576,0.7230346305868398,-0.0018707513378177776
42,2972,0.7170467693509588,0.7130183573503559,-0.004028412000602888
42,2973,0.7144507149365347,0.7057519819129539,-0.008698733023580818
42,2974,0.7043578006958332,0.69876997382268,-0.005587826873153179
42,2975,0.7130246408623487,0.7094065836649568,-0.003618057197391944
42,2976,0.7208015725960093,0.7115250045095205,-0.009276568086488801
42,2977,0.7118185112616959,0.7126068375491557,0.0007883262874597285
42,2978,0.7083790173981392,0.703529095510212,-0.004849921887927211
42,2979,0.7084733091123117,0.7083266253731021,-0.00014668373920956324
42,2980,0.7072286537514167,0.6966881605034989,-0.010540493247917837
42,2981,0.7135022581668042,0.7105760035675476,-0.0029262545992566613
42,2982,0.7005681224301104,0.7001741436423838,-0.0003939787877265122
42,2983,0.7123914197158403,0.7079370299057435,-0.004454389810096826
42,2984,0.7046542228450744,0.6998694689388566,-0.004784753906217798
42,2985,0.706864889559758,0.7026706869239364,-0.004194202635821598
42,2986,0.7176729890075877,0.7118167743959722,-0.005856214611615451
42,2987,0.7216511339566942,0.7005443801359226,-0.02110675382077165
42,2988,0.710449618747921,0.7061005486013862,-0.00434907014653485
42,2989,0.7162480993106456,0.7081180875127471,-0.008130011797898518
42,2990,0.7124432953124962,0.7058086860398867,-0.006634609272609504
42,2991,0.7028594015391746,0.7029117961287964,5.2394589621806986e-05
42,2992,0.7084014143583507,0.7089918673318084,0.0005904529734577224
42,2993,0.7055776842390049,0.7057226981777078,0.00014501393870292034
42,2994,0.7143714761563283,0.7023076443730036,-0.012063831783324708
42,2995,0.7229197948303856,0.7144274192361041,-0.00849237559428151
42,2996,0.709012732686213,0.7075403791314931,-0.001472353554719863
42,2997,0.7162822278162069,0.7054985928573804,-0.010783634958826505
42,2998,0.7248653197950863,0.7143605268153008,-0.01050479297978546
42,2999,0.7050595857394357,0.699106881965933,-0.0059527037735027655
42,3000,0.7341190664370625,0.7168051070646604,-0.0173139593724021
42,3001,0.7064662398676415,0.699020229180729,-0.007446010686912419
42,3002,0.722689587140289,0.7150365703882912,-0.00765301675199781
42,3003,0.7110943144465793,0.7053764366034634,-0.005717877843115948
42,3004,0.714565052303302,0.6966890115580229,-0.017876040745279154
42,3005,0.714907536036032,0.714605455388164,-0.00030208064786796385
42,3006,0.7042816154792405,0.6956211332244147,-0.008660482254825852
42,3007,0.7203899748012901,0.7195126806088643,-0.0008772941924257704
42,3008,0.7170452362640858,0.7064261615750691,-0.010619074689016683
42,3009,0.7225093501767366,0.7099835944469446,-0.012525755729791976
42,3010,0.7253566767675901,0.7101216361519413,-0.015235040615648732
42,3011,0.7073738855771696,0.7040660637857019,-0.0033078217914677133
42,3012,0.7145554280813058,0.7156691560006048,0.001113727919298979
42,3013,0.7246689219122153,0.7118058383204793,-0.012863083591736046
42,3014,0.7221319045139378,0.7239913222860829,0.0018594177721450444
42,3015,0.7048867640917775,0.6937135357869959,-0.011173228304781624
42,3016,0.7069326150943214,0.7095803547553895,0.002647739661068127
42,3017,0.7078809565657539,0.6969835324444009,-0.010897424121352972
42,3018,0.7180265632700531,0.7152420628855259,-0.0027845003845271554
42,3019,0.7256814790808246,0.7208781387489439,-0.004803340331880679
42,3020,0.7147004993052984,0.7219751509908894,0.007274651685590938
42,3021,0.7144070942264171,0.7010713952356983,-0.013335698990718847
42,3022,0.6994066826822898,0.7011777020465594,0.0017710193642695993
42,3023,0.707349487054884,0.708772804318565,0.0014233172636810565
42,3024,0.7136269844470106,0.7073117088696347,-0.006315275577375878
42,3025,0.7037178584014846,0.6954613245928989,-0.008256533808585709
42,3026,0.7077726004438241,0.7074667860337007,-0.00030581441012333954
42,3027,0.7249882589332273,0.7038970542697696,-0.021091204663457708
42,3028,0.7164714795100493,0.7115779862651171,-0.004893493244932157
42,3029,0.717903215838146,0.7114840755621691,-0.006419140275976898
42,3030,0.7169178460447363,0.7029193703778187,-0.013998475666917587
42,3031,0.7160909951441745,0.7035864854348759,-0.012504509709298617
42,3032,0.7186445621812529,0.7101267461683196,-0.008517816012933332
42,3033,0.7137397585021719,0.713514900431605,-0.0002248580705668246
42,3034,0.7239487902328128,0.7222321213098107,-0.0017166689230020404
42,3035,0.6982591181386255,0.6937726607901133,-0.004486457348512163
42,3036,0.7004521560134727,0.693323518694807,-0.007128637318665643
42,3037,0.7088702593267671,0.702086891450433,-0.0067833678763340455
42,3038,0.7144715299934032,0.7074509894380813,-0.007020540555321975
42,3039,0.714311056366906,0.7196125049264892,0.005301448559583255
42,3040,0.7238157370117121,0.7114816525492766,-0.012334084462435446
42,3041,0.7158888091749094,0.7087286757380278,-0.007160133436881599
42,3042,0.7122773870387739,0.6998724096839426,-0.01240497735483126
42,3043,0.7279505827647758,0.703630689493765,-0.024319893271010806
42,3044,0.701409439037014,0.6983634881288385,-0.0030459509081754987
42,3045,0.705550033665332,0.6933650673685541,-0.0121849662967779
42,3046,0.7180496218347282,0.7082295214732242,-0.009820100361504047
42,3047,0.7066777558359746,0.7079667748397203,0.0012890190037456728
42,3048,0.7036134067941664,0.7087580830299127,0.005144676235746326
42,3049,0.7106309031131977,0.7033695397044674,-0.0072613634087302925
42,3050,0.7245284861538774,0.7177758365939911,-0.0067526495598863034
42,3051,0.7066279637600158,0.6967632630652683,-0.009864700694747541
42,3052,0.7140626287840057,0.7034437771232861,-0.01061885166071963
42,3053,0.734152517074321,0.7176086986878458,-0.01654381838647523
42,3054,0.7253624201415375,0.7153064391344247,-0.010055981007112802
42,3055,0.7159346573000351,0.7086202799858343,-0.007314377314200815
42,3056,0.721225737212849,0.7179065491929084,-0.0033191880199405777
42,3057,0.7143418460412589,0.6984718023077595,-0.015870043733499428
42,3058,0.7199961545032096,0.7072362786938882,-0.012759875809321475
42,3059,0.7140785574689932,0.7090430598262493,-0.0050354976427439135
42,3060,0.7081351713025608,0.6978891825776553,-0.010245988724905453
42,3061,0.7200760595392672,0.7013460705751048,-0.018729988964162447
42,3062,0.7128673111708353,0.7079836868623683,-0.004883624308467005
42,3063,0.7172083104857332,0.7129936940721813,-0.004214616413551919
42,3064,0.7121958957920775,0.7117179656933541,-0.0004779300987234336
42,3065,0.7171918267435569,0.706944505157636,-0.010247321585920899
42,3066,0.7273844456671885,0.7153157037941686,-0.012068741873019873
42,3067,0.7026555904392802,0.7005037905389325,-0.0021517999003476396
42,3068,0.7135061498060626,0.7091908100152648,-0.00431533979079779
42,3069,0.7208977359841517,0.6957587794931754,-0.025138956490976305
42,3070,0.7391648488333901,0.7242252838700831,-0.01493956496330695
42,3071,0.7154420862132489,0.7024589663016203,-0.012983119911628593
42,3072,0.7184409349969008,0.6994701110648102,-0.018970823932090597
42,3073,0.7174825390681825,0.7117810998681229,-0.00570143920005961
42,3074,0.7012408315348547,0.7029945556721712,0.001753724137316448
42,3075,0.7169914384481058,0.6984820209995932,-0.018509417448512533
42,3076,0.7115190639073833,0.7060855352302156,-0.005433528677167732
42,3077,0.7159151892872413,0.7089810506311187,-0.006934138656122579
42,3078,0.7164187441510674,0.7051924456121412,-0.011226298538926205
42,3079,0.7112170010943765,0.6960630746622546,-0.015153926432121878
42,3080,0.7189982752590425,0.7078419013263623,-0.011156373932680208
42,3081,0.7080978450389093,0.7057759468452268,-0.002321898193682448
42,3082,0.7097357908133776,0.7045737747808343,-0.005162016032543293
42,3083,0.722582899031077,0.7202131327464468,-0.002369766284630148
42,3084,0.7227311476793492,0.7186960274890059,-0.004035120190343355
42,3085,0.7212727259509691,0.7040553879854182,-0.017217337965550916
42,3086,0.7130899344050934,0.7081326165467741,-0.004957317858319321
42,3087,0.7194925387357194,0.7092579698219883,-0.01023456891373109
42,3088,0.7161099422251516,0.7027586526672579,-0.013351289557893664
42,3089,0.7124408590903438,0.6985525010500331,-0.013888358040310744
42,3090,0.705839930652448,0.6919144596639879,-0.013925470988460087
42,3091,0.7134795215034593,0.7084629704695475,-0.0050165510339117425
42,3092,0.7054172674936828,0.6969165564071085,-0.008500711086574353
42,3093,0.7031825411395437,0.6907664227515526,-0.01241611838799106
42,3094,0.7141841172561616,0.7148537260899224,0.0006696088337607708
42,3095,0.7254667589704812,0.7077062078509869,-0.01776055111949426
42,3096,0.717960512246832,0.7061277755637003,-0.011832736683131673
42,3097,0.721425117519588,0.7074974039602864,-0.013927713559301669
42,3098,0.7158591203167486,0.7153776667912135,-0.0004814535255350805
42,3099,0.712127455781826,0.703516908756642,-0.008610547025184045
42,3100,0.7243701886275741,0.7051080263750333,-0.019262162252540738
42,3101,0.7119456143139591,0.7039551655613873,-0.007990448752571822
42,3102,0.7125702384488384,0.7053783111316502,-0.007191927317188207
42,3103,0.7077825651254509,0.7041593334620063,-0.0036232316634445816
42,3104,0.7253940449330644,0.7062619495979068,-0.019132095335157584
42,3105,0.7261870885291793,0.7202045232538312,-0.005982565275348128
42,3106,0.717731730366296,0.6981450856033256,-0.01958664476297045
42,3107,0.7184371669393513,0.7092512587301476,-0.00918590820920373
42,3108,0.7053004203808434,0.7087788668002308,0.0034784464193874376
42,3109,0.7264151791420292,0.7107042755295472,-0.015710903612482063
42,3110,0.7076371305503919,0.7051523194207554,-0.0024848111296364994
42,3111,0.7126191777954585,0.7092871244621999,-0.003332053333258589
42,3112,0.715585193153427,0.7124004995289536,-0.003184693624473378
42,3113,0.7153178805492566,0.7080388311188002,-0.00727904943045643
42,3114,0.714590523115969,0.7023951185040723,-0.01219540461189672
42,3115,0.7146466155556044,0.7106595107273759,-0.003987104828228505
42,3116,0.7087692383442481,0.7036894372607567,-0.005079801083491375
42,3117,0.7134689856077461,0.7086913105947578,-0.004777675012988314
42,3118,0.7184742480824107,0.7122173242580349,-0.006256923824375815
42,3119,0.7197798118263787,0.7141642498474777,-0.005615561978901007
42,3120,0.7153932112144563,0.7032963360691251,-0.012096875145331198
42,3121,0.7096919384895604,0.7035640210609053,-0.006127917428655039
42,3122,0.71213645933455,0.7020508044154667,-0.010085654919083309
42,3123,0.7139740936441412,0.7017504761100384,-0.012223617534102837
42,3124,0.7230633438782735,0.7181316963295845,-0.004931647548689022
42,3125,0.7064085212870521,0.6952901989943032,-0.011118322292748894
42,3126,0.7263405271218348,0.7136530617439887,-0.012687465377846152
42,3127,0.6999107682174937,0.7012950459095098,0.0013842776920161004
42,3128,0.7147110842229787,0.7039472647254503,-0.01076381949752836
42,3129,0.7184042812930544,0.717739965300929,-0.0006643159921254638
42,3130,0.7034516569310474,0.692557043458186,-0.010894613472861359
42,3131,0.7167521390507234,0.70946016179975,-0.007291977250973414
42,3132,0.7114239917954841,0.6988903390949605,-0.012533652700523645
42,3133,0.7121724053089851,0.7060829581585881,-0.006089447150396943
42,3134,0.7066835669663225,0.6997569116257798,-0.006926655340542709
42,3135,0.7044666278044638,0.6975401281329474,-0.006926499671516373
42,3136,0.7139365758161889,0.7102737537079415,-0.00366282210824731
42,3137,0.7134298821231756,0.7067853576738923,-0.006644524449283318
42,3138,0.7083529743085216,0.6967138583671788,-0.011639115941342815
42,3139,0.7216964784725932,0.708790566494404,-0.012905911978189244
42,3140,0.7264782009394255,0.714590642375538,-0.011887558563887457
42,3141,0.7126199822810636,0.6992754681827822,-0.013344514098281413
42,3142,0.7057331951375507,0.694128519746572,-0.011604675390978758
42,3143,0.7133681519528531,0.7001294799944577,-0.013238671958395343
42,3144,0.707987731483321,0.7075283589886665,-0.00045937249465444197
42,3145,0.7155631208055322,0.6993060214030794,-0.01625709940245279
42,3146,0.7126912817085392,0.7083632691118991,-0.004328012596640174
42,3147,0.7105559903426487,0.6959231528142975,-0.014632837528351206
42,3148,0.7062379763559576,0.7062270122805395,-1.096407541811839e-05
42,3149,0.71379213247741,0.7067586308217584,-0.007033501655651642
42,3150,0.7174435505735759,0.7110862379025239,-0.006357312671051996
42,3151,0.7075668034449736,0.7099940153654336,0.002427211920460026
42,3152,0.72351601753546,0.7136438377941012,-0.009872179741358789
42,3153,0.7073755961818174,0.6944018477446179,-0.012973748437199562
42,3154,0.7025756525553697,0.6977400388497229,-0.00483561370564678
42,3155,0.7167233241313299,0.7126565667066651,-0.00406675742466478
42,3156,0.724155009037321,0.7100700428090618,-0.014084966228259166
42,3157,0.7174186432423861,0.7114574961592087,-0.005961147083177409
42,3158,0.6990090617048785,0.6864762896989401,-0.012532772005938386
42,3159,0.7089787973981361,0.7103124761529623,0.0013336787548262619
42,3160,0.709034097861579,0.7014514623328825,-0.007582635528696535
42,3161,0.7157177582788473,0.7083228346754071,-0.007394923603440184
42,3162,0.7097670981627141,0.7095093316087038,-0.0002577665540103302
42,3163,0.7049677219823216,0.7010231208511081,-0.003944601131213532
42,3164,0.7200977969355357,0.7146286931547619,-0.00546910378077381
42,3165,0.7060700299145994,0.702451284182431,-0.0036187457321684713
42,3166,0.7134692871295731,0.7044125183186865,-0.009056768810886684
42,3167,0.7153805850432184,0.706128331449972,-0.00925225359324644
42,3168,0.7202605400756636,0.717468365709996,-0.002792174365667699
42,3169,0.7179885906354015,0.7081196298280104,-0.009868960807391192
42,3170,0.7190297630680678,0.7127712717436577,-0.0062584913244100315
42,3171,0.7160313401980751,0.7060085260661112,-0.01002281413196393
42,3172,0.7085320824213261,0.7154606227478252,0.006928540326499033
42,3173,0.697848919214739,0.691748189760229,-0.006100729454510012
42,3174,0.7159322552188394,0.7072210053183292,-0.008711249900510198
42,3175,0.7181807266405911,0.7078400608473665,-0.010340665793224568
42,3176,0.7118090736941376,0.7078442058519449,-0.003964867842192743
42,3177,0.7056346929366206,0.7061463087847191,0.0005116158480984456
42,3178,0.707763610571668,0.7107901532482616,0.0030265426765935244
42,3179,0.7223218747498279,0.7199330213862898,-0.0023888533635381126
42,3180,0.7138343047917103,0.7026297971564119,-0.011204507635298344
42,3181,0.7094148467740151,0.6969214828802033,-0.012493363893811837
42,3182,0.7150192495304986,0.7066145113457315,-0.008404738184767058
42,3183,0.7213441555280604,0.709796261506295,-0.01154789402176537
42,3184,0.7180662553087549,0.7148371092925179,-0.003229146016237028
42,3185,0.7130291714164129,0.7094949759167558,-0.0035341954996570557
42,3186,0.7304747035409803,0.7191263716329637,-0.011348331908016651
42,3187,0.7007661092326278,0.7034952816981859,0.0027291724655580385
42,3188,0.713499150866628,0.7228123854791777,0.009313234612549737
42,3189,0.7090585526997946,0.7133374825772668,0.004278929877472248
42,3190,0.702131374850496,0.7067873622616442,0.004655987411148144
42,3191,0.7083169120634158,0.7092012763260622,0.0008843642626463755
42,3192,0.7223941216685907,0.708114902196779,-0.014279219471811766
42,3193,0.7199507662838381,0.710720378007677,-0.009230388276161183
42,3194,0.7224217007929004,0.7165466771354029,-0.00587502365749748
42,3195,0.7171685527467939,0.7138958153419879,-0.0032727374048060476
42,3196,0.7312657945420032,0.722125084950878,-0.009140709591125229
42,3197,0.7018177267524497,0.6979216635178929,-0.0038960632345568236
42,3198,0.718206505365146,0.7140012298949832,-0.004205275470162806
42,3199,0.7119755537328989,0.6959316347592845,-0.016043918973614346
42,3200,0.7126284929957769,0.7145145173261304,0.001886024330353453
42,3201,0.7133385375159202,0.6901187911413396,-0.023219746374580685
42,3202,0.7149989650346902,0.7201685756172853,0.00516961058259513
42,3203,0.7069233688807575,0.7091199985932859,0.0021966297125284306
42,3204,0.7131026771936084,0.7105610609470733,-0.00254161624653515
42,3205,0.7070353829220232,0.6964852367872112,-0.010550146134811977
42,3206,0.7205030223514381,0.7149605942596834,-0.005542428091754759
42,3207,0.7188695290317044,0.708966571317847,-0.009902957713857408
42,3208,0.7179982069250155,0.713012663811197,-0.004985543113818491
42,3209,0.7174358369241451,0.7151699325758216,-0.002265904348323522
42,3210,0.7057700604685269,0.7002590112916256,-0.0055110491769012615
42,3211,0.7143285218812353,0.7018694001237981,-0.012459121757437241
42,3212,0.712249523303611,0.7032512313177532,-0.008998291985857776
42,3213,0.7110383934506945,0.6988046205542097,-0.012233772896484862
42,3214,0.7063183087558782,0.6923130543563891,-0.014005254399489075
42,3215,0.7307156194634093,0.7141427758517673,-0.01657284361164202
42,3216,0.7055039809176111,0.6988807458474688,-0.006623235070142286
42,3217,0.7210911173129072,0.7154451598254827,-0.005645957487424469
42,3218,0.7110475857637693,0.6995559870980548,-0.011491598665714475
42,3219,0.7131276206437347,0.7076756090630401,-0.005452011580694638
42,3220,0.7113787376379016,0.7069637554023274,-0.0044149822355742385
42,3221,0.70571409321707,0.7052147694956971,-0.0004993237213729573
42,3222,0.7031238060459459,0.7010236136239778,-0.002100192421968128
42,3223,0.7063948162109474,0.7021447814869654,-0.004250034723981999
42,3224,0.7116670552495752,0.7102976445745204,-0.0013694106750548052
42,3225,0.7171191050696956,0.7142901928863442,-0.002828912183351351
42,3226,0.7068544911367137,0.6969661640062713,-0.00988832713044241
42,3227,0.7112520433400775,0.7033213719856387,-0.007930671354438812
42,3228,0.710123369604766,0.7002418834521789,-0.009881486152587104
42,3229,0.7235513070898156,0.7117056851548893,-0.011845621934926331
42,3230,0.7279297227043957,0.716324544127892,-0.011605178576503672
42,3231,0.7080774849680344,0.6959614771207476,-0.012116007847286725
42,3232,0.7147573276793875,0.7083201499312158,-0.006437177748171652
42,3233,0.694463523873467,0.6888237105873292,-0.005639813286137829
42,3234,0.6989673486771963,0.7008312725853676,0.00186392390817125
42,3235,0.7107151327070451,0.7144482677810424,0.003733135073997307
42,3236,0.7104465047214015,0.7126035245288722,0.002157019807470739
42,3237,0.7181471599429482,0.7112854676646552,-0.00686169227829303
42,3238,0.721742058454611,0.7258642080607571,0.004122149606146097
42,3239,0.7138534122776796,0.7114291903114064,-0.0024242219662732323
42,3240,0.7036449984830171,0.7025164822518501,-0.0011285162311669428
42,3241,0.7048246294726236,0.7016332986479625,-0.003191330824661054
42,3242,0.707774263610178,0.7058690988041151,-0.0019051648060629534
42,3243,0.7189059222218213,0.712714331638719,-0.006191590583102258
42,3244,0.6944427649988845,0.6894388426750631,-0.005003922323821408
42,3245,0.7135456420859443,0.7021612470661124,-0.011384395019831905
42,3246,0.7191792503703796,0.708226491801585,-0.010952758568794518
42,3247,0.7133942826382043,0.707390902393292,-0.006003380244912204
42,3248,0.7035990863605343,0.7040231098476882,0.0004240234871539794
42,3249,0.7132156173773339,0.707503480996816,-0.005712136380517818
42,3250,0.7133826501237399,0.707444878135429,-0.005937771988310914
42,3251,0.7127006096845067,0.7196899827085834,0.0069893730240767615
42,3252,0.7147890896425283,0.7077539856234669,-0.007035104019061378
42,3253,0.7149822203002217,0.7138107116945219,-0.0011715086056998114
42,3254,0.7156014335097987,0.7225294709231119,0.0069280374133132705
42,3255,0.7083177991850604,0.7095860438273942,0.0012682446423337712
42,3256,0.7233136096652202,0.7105372469743556,-0.012776362690864573
42,3257,0.7117286405623773,0.7023867978522628,-0.009341842710114512
42,3258,0.7182880794275681,0.7183585020737653,7.042264619716576e-05
42,3259,0.7096629272947745,0.7010861135713602,-0.008576813723414345
42,3260,0.7109210775383746,0.7075279741699456,-0.003393103368429018
42,3261,0.7026051193730758,0.7088488580394903,0.006243738666414478
42,3262,0.7187460726171995,0.7205554493591733,0.0018093767419737894
42,3263,0.7184739886253031,0.7092760454347123,-0.009197943190590752
42,3264,0.7098333729532664,0.7024678676155046,-0.007365505337761813
42,3265,0.7178467180663582,0.7059994329809293,-0.011847285085428982
42,3266,0.7146738390614584,0.7087219177480479,-0.005951921313410491
42,3267,0.7059810737316741,0.697908695378703,-0.008072378352971032
42,3268,0.7274901437478016,0.7097559142280276,-0.017734229519773992
42,3269,0.7173092768115762,0.7040520392280254,-0.013257237583550796
42,3270,0.7015707783976175,0.6995494932782339,-0.002021285119383598
42,3271,0.7185015322266133,0.7000375018025803,-0.018464030424032996
42,3272,0.7124063617971123,0.7028667498097902,-0.009539611987322005
42,3273,0.7181339208838861,0.7062609097732493,-0.011873011110636766
42,3274,0.7186978104715049,0.7178388980749508,-0.0008589123965541123
42,3275,0.7269221870700424,0.7131176932976155,-0.013804493772426873
42,3276,0.7069132144484678,0.6935837996655545,-0.013329414782913274
42,3277,0.7073891677459041,0.7073914347957332,2.2670498290855434e-06
42,3278,0.7059389190747845,0.6926527779132693,-0.013286141161515164
42,3279,0.7136366576813458,0.7127494151882019,-0.0008872424931438694
42,3280,0.7096992209743577,0.705180462970771,-0.004518758003586698
42,3281,0.7087870145122755,0.7147327009979754,0.005945686485699819
42,3282,0.7101219466672382,0.7040673549098981,-0.006054591757340022
42,3283,0.7117621024273888,0.7007508266277248,-0.011011275799663989
42,3284,0.7114339107902412,0.7025561770137743,-0.008877733776466945
42,3285,0.7026108417777333,0.7010557381594704,-0.001555103618262832
42,3286,0.7010487536614309,0.6877718810036242,-0.013276872657806749
42,3287,0.7091035931294425,0.7010531289417836,-0.008050464187658868
42,3288,0.705663905315461,0.6958608564006187,-0.009803048914842294
42,3289,0.715328404094407,0.7133069409632746,-0.002021463131132384
42,3290,0.7241324895803751,0.7151711719757077,-0.008961317604667451
42,3291,0.7154182206908877,0.7037790345833502,-0.011639186107537447
42,3292,0.7195413817809508,0.7112868017372714,-0.008254580043679405
42,3293,0.7122712869548595,0.7082521319816617,-0.004019154973197825
42,3294,0.7243269052181547,0.7187933653982244,-0.005533539819930322
42,3295,0.7307150001977696,0.7211289850800015,-0.009586015117768132
42,3296,0.7201432540376191,0.7059394381729914,-0.014203815864627711
42,3297,0.7062332613468123,0.699916741818023,-0.0063165195287893106
42,3298,0.70579885530689,0.6985976713230018,-0.0072011839838882485
42,3299,0.7116599806723996,0.6988465225637639,-0.012813458108635656
42,3300,0.7073495963515963,0.7015872503806433,-0.005762345970953042
42,3301,0.7025509968726996,0.697077775197212,-0.005473221675487583
42,3302,0.7117878030455279,0.7006516013269863,-0.011136201718541572
42,3303,0.7097520061212322,0.6982257277476815,-0.011526278373550691
42,3304,0.7030636050724548,0.6893807142264683,-0.013682890845986506
42,3305,0.7132017300016907,0.703359167539279,-0.009842562462411775
42,3306,0.7176228511840965,0.7087688237044301,-0.00885402747966646
42,3307,0.7162447557563523,0.7155808019044281,-0.0006639538519241928
42,3308,0.7110369460845312,0.7048564871057886,-0.006180458978742531
42,3309,0.7285642916615964,0.7181919697966421,-0.010372321864954293
42,3310,0.7063236912232322,0.696157571416216,-0.010166119807016205
42,3311,0.7185841292275388,0.7153201141948274,-0.0032640150327113426
42,3312,0.704814414232453,0.7037649742349215,-0.0010494399975314872
42,3313,0.7107686428922213,0.7013304791713484,-0.009438163720872916
42,3314,0.7016344395904829,0.6993326119297497,-0.002301827660733169
42,3315,0.7108975964833537,0.7063336796825102,-0.004563916800843559
42,3316,0.7209270902329155,0.7034924849498295,-0.017434605283085935
42,3317,0.71284806444866,0.7134478727307952,0.0005998082821352391
42,3318,0.7191103686558609,0.7151428469334583,-0.003967521722402556
42,3319,0.7264403232064909,0.7157477311770375,-0.010692592029453385
42,3320,0.7140537993044127,0.7002356071830409,-0.013818192121371808
42,3321,0.7186617908273549,0.7142325534855538,-0.004429237341801118
42,3322,0.7197943425110939,0.7123551596336044,-0.007439182877489459
42,3323,0.7148955271477937,0.7057831783379689,-0.00911234880982481
42,3324,0.7120280260422973,0.6919361977273055,-0.02009182831499179
42,3325,0.7115543060031949,0.7002564000229727,-0.011297905980222178
42,3326,0.7060139374657733,0.7037382696034435,-0.0022756678623298
42,3327,0.7133630667119805,0.7118129930355196,-0.0015500736764608725
42,3328,0.7088877721627116,0.7128800820771793,0.003992309914467751
42,3329,0.7147417415401228,0.7094776293488168,-0.0052641121913060696
42,3330,0.710658580351556,0.710219529908373,-0.0004390504431830422
42,3331,0.7074420914969777,0.7058514978621906,-0.0015905936347870853
42,3332,0.7175824702503977,0.711594728947331,-0.005987741303066674
42,3333,0.7225107557062698,0.7035529016546119,-0.01895785405165784
42,3334,0.7157368928099245,0.7036631144659572,-0.012073778343967279
42,3335,0.7099396487268855,0.7138527332068327,0.003913084479947204
42,3336,0.7087398350022674,0.7062250798225805,-0.0025147551796869116
42,3337,0.7149261552970456,0.7016773796175035,-0.01324877567954208
42,3338,0.7189457623344226,0.7035258029663846,-0.015419959368038083
42,3339,0.7196024730466499,0.708428811951429,-0.011173661095220888
42,3340,0.7155933609253878,0.7051115327137116,-0.010481828211676203
42,3341,0.71998430685023,0.7126868075372551,-0.007297499312974853
42,3342,0.7166264408432574,0.7070912230638245,-0.009535217779432892
42,3343,0.7073029928914787,0.703758719773786,-0.0035442731176926756
42,3344,0.7230538093707084,0.7118041430246742,-0.011249666346034193
42,3345,0.7167939545992636,0.7056100870637867,-0.011183867535476955
42,3346,0.724391568464217,0.7194739711554266,-0.004917597308790489
42,3347,0.7160390740674808,0.7000374925814581,-0.01600158148602271
42,3348,0.7141672237365929,0.7099139188365876,-0.004253304900005306
42,3349,0.71290962585845,0.7011882274437725,-0.011721398414677453
42,3350,0.7247587907001356,0.7128558176082,-0.011902973091935554
42,3351,0.7241814598324803,0.7182988968362112,-0.005882562996269103
42,3352,0.7100818406523671,0.6986844850225569,-0.011397355629810257
42,3353,0.7178800534495807,0.7205618301311495,0.0026817766815687705
42,3354,0.7131716922898967,0.7114645922396612,-0.0017071000502355549
42,3355,0.7039407552311843,0.6849296231657859,-0.019011132065398395
42,3356,0.7291801101561595,0.7137800585551616,-0.015400051600997888
42,3357,0.713432874115199,0.7043896590197796,-0.009043215095419388
42,3358,0.7162936088222724,0.7105028050448747,-0.005790803777397713
42,3359,0.7037979182853784,0.699682911348521,-0.004115006936857402
42,3360,0.710681682221469,0.7006069819666452,-0.01007470025482382
42,3361,0.7203048335173692,0.7090951389329448,-0.011209694584424335
42,3362,0.7070818175758298,0.7022886637112901,-0.004793153864539712
42,3363,0.7087090835493165,0.7020384928102805,-0.006670590739035975
42,3364,0.7060394212371747,0.7172227003906556,0.01118327915348094
42,3365,0.7089244169981738,0.7061566681934248,-0.0027677488047489485
42,3366,0.7283286297158341,0.71986310293885,-0.00846552677698409
42,3367,0.7189734959416663,0.7125647715700022,-0.006408724371664065
42,3368,0.7301419600718265,0.728948708457753,-0.001193251614073576
42,3369,0.7169199957412606,0.7063690041882298,-0.010550991553030853
42,3370,0.716156600822976,0.7177855801132973,0.0016289792903212419
42,3371,0.7233853953550526,0.7179184380935804,-0.005466957261472283
42,3372,0.7126258862282573,0.7079543604607867,-0.004671525767470541
42,3373,0.7162637186697598,0.713083833408233,-0.0031798852615267936
42,3374,0.7061191855766601,0.6956930633981699,-0.01042612217849015
42,3375,0.7120766304034128,0.7062579080736704,-0.005818722329742454
42,3376,0.7207037504053424,0.7200701930311109,-0.0006335573742315415
42,3377,0.7157249602902724,0.7106659544942316,-0.005059005796040794
42,3378,0.7202317109379702,0.7048478117366855,-0.01538389920128469
42,3379,0.7147466998771907,0.7066514274151872,-0.008095272462003589
42,3380,0.7173264904814982,0.7059099002414866,-0.011416590240011626
42,3381,0.7094406404744062,0.7041365343142004,-0.005304106160205824
42,3382,0.7145273046934867,0.6950986165468891,-0.019428688146597595
42,3383,0.713497521239557,0.712062634760482,-0.0014348864790749705
42,3384,0.7097061950108348,0.6928845806689601,-0.01682161434187468
42,3385,0.7115332288516819,0.6962072202891656,-0.015326008562516313
42,3386,0.7208932361756923,0.7157754859123084,-0.005117750263383902
42,3387,0.7107752820870306,0.7023656442117172,-0.008409637875313347
42,3388,0.7146826812545177,0.7033490028029812,-0.011333678451536544
42,3389,0.7116291194828542,0.7084349231168218,-0.0031941963660324646
42,3390,0.7114912198569742,0.6999630945908373,-0.01152812526613689
42,3391,0.7261287400893801,0.7196788202622093,-0.0064499198271708025
42,3392,0.7004020916154564,0.7002055492967818,-0.00019654231867460847
42,3393,0.7052628297861399,0.6993156080544765,-0.005947221731663399
42,3394,0.7145234091919992,0.704305083577782,-0.010218325614217205
42,3395,0.7102857209644582,0.7059809712649636,-0.00430474969949457
42,3396,0.734314527752788,0.7176902975595478,-0.01662423019324022
42,3397,0.7256286930339526,0.709732423350327,-0.015896269683625563
42,3398,0.7216265328144202,0.7058875549306423,-0.015738977883777983
42,3399,0.6973385926360944,0.6952383908102386,-0.0021002018258557964
42,3400,0.7204038848984966,0.7172052193941402,-0.003198665504356435
42,3401,0.7228597561684019,0.7094133854667386,-0.013446370701663324
42,3402,0.7014013588321325,0.6973278405971525,-0.004073518234980034
42,3403,0.7167878210722158,0.7004305424854269,-0.016357278586788926
42,3404,0.7000978887344949,0.6955386283782042,-0.0045592603562906175
42,3405,0.7117836962926685,0.703626028470815,-0.008157667821853454
42,3406,0.7127687601757628,0.711041921684848,-0.0017268384909148171
42,3407,0.7039705372646687,0.7029244186133905,-0.0010461186512782383
42,3408,0.7136637411318352,0.707462102125136,-0.006201639006699122
42,3409,0.7033261385522116,0.6950182325778111,-0.008307905974400454
42,3410,0.7051187219696128,0.6948192909036949,-0.010299431065917908
42,3411,0.7113486761816923,0.7022759556192035,-0.009072720562488756
42,3412,0.7156643568009899,0.7144895768004661,-0.0011747800005238451
42,3413,0.7157945809006041,0.705849041634992,-0.009945539265612147
42,3414,0.7114354121448268,0.7045047766968588,-0.006930635447967903
42,3415,0.7158028181749517,0.7161217237080237,0.0003189055330720114
42,3416,0.7099712848833925,0.7101778761424673,0.00020659125907485087
42,3417,0.7092602720121906,0.7083231891559301,-0.0009370828562604849
42,3418,0.7241118558730164,0.7181854214228258,-0.0059264344501905875
42,3419,0.7206708567696801,0.7041276264534658,-0.016543230316214297
42,3420,0.7065729207107414,0.7001989410631206,-0.006373979647620764
42,3421,0.7139089662671316,0.7046285609350125,-0.009280405332119157
42,3422,0.7095946096878794,0.7046978173203291,-0.004896792367550251
42,3423,0.7153447831986067,0.6984372491942707,-0.016907534004335978
42,3424,0.7210362576381096,0.7192611454794535,-0.0017751121586561114
42,3425,0.7196335620899648,0.713178459911844,-0.006455102178120731
42,3426,0.7176994823368745,0.7055847741267143,-0.012114708210160252
42,3427,0.7156801921036815,0.7130787930394561,-0.002601399064225407
42,3428,0.7076561571976424,0.7034230580952103,-0.004233099102432081
42,3429,0.7123873071607913,0.7125110928060051,0.00012378564521375868
42,3430,0.7161784051767859,0.7035887573356684,-0.01258964784111749
42,3431,0.7194952033039389,0.7086611664392224,-0.010834036864716512
42,3432,0.726045711481041,0.7086035021804646,-0.017442209300576383
42,3433,0.7137394918364609,0.7069068419701519,-0.0068326498663090485
42,3434,0.7095633237571528,0.7030401690126609,-0.0065231547444919435
42,3435,0.7247494720627765,0.7150439513785629,-0.009705520684213598
42,3436,0.7065672339878089,0.7044138371890261,-0.0021533967987827918
42,3437,0.7226553195858014,0.7151141044435823,-0.007541215142219171
42,3438,0.7063146062136986,0.7011060465842611,-0.005208559629437448
42,3439,0.7143947183766121,0.7099176766562708,-0.004477041720341246
42,3440,0.7123488456430482,0.70181840471136,-0.0105304409316882
42,3441,0.7065767468562714,0.7079871295516875,0.001410382695416157
42,3442,0.7336094905595496,0.7290166616844209,-0.004592828875128685
42,3443,0.7174318273668692,0.7151349716786881,-0.0022968556881810542
42,3444,0.7047405520710104,0.7005497388329702,-0.004190813238040159
42,3445,0.7091832447792692,0.707833597955046,-0.0013496468242232273
42,3446,0.7122846244693911,0.7044414489429282,-0.007843175526462964
42,3447,0.7166948368079478,0.7034555190829552,-0.013239317724992539
42,3448,0.7175669140080556,0.7072597657141018,-0.01030714829395385
42,3449,0.7170972895065222,0.7153839798960446,-0.0017133096104775536
42,3450,0.7057459842950253,0.7047414224409554,-0.0010045618540699408
42,3451,0.7131357515668237,0.7017145765328933,-0.011421175033930475
42,3452,0.7060167751700799,0.6971108982896491,-0.008905876880430763
42,3453,0.720727350328546,0.7214808003579036,0.0007534500293576718
42,3454,0.719022433740118,0.7196177748217798,0.0005953410816618154
42,3455,0.7234844720854197,0.7121786684774516,-0.011305803607968068
42,3456,0.7099015213883009,0.7063495571683662,-0.0035519642199346446
42,3457,0.7145980081686965,0.7055150241692949,-0.00908298399940155
42,3458,0.7091547816259498,0.6999054355557592,-0.009249346070190567
42,3459,0.7345877519086509,0.7169755035786702,-0.01761224832998065
42,3460,0.7128339307776919,0.6960166070860319,-0.016817323691660002
42,3461,0.7199021971666603,0.7117524518604118,-0.008149745306248457
42,3462,0.7079084009578414,0.7047155816741468,-0.0031928192836945257
42,3463,0.7132723260942043,0.7059939080094766,-0.0072784180847277336
42,3464,0.7128759890977294,0.7132741706029224,0.000398181505192996
42,3465,0.7225222587752944,0.7092364654500345,-0.01328579332525992
42,3466,0.7201318727346608,0.7053299212484099,-0.014801951486250964
42,3467,0.7187893443043494,0.7109093326879147,-0.007880011616434701
42,3468,0.7189682111671405,0.7121043267780849,-0.006863884389055608
42,3469,0.7152912560444249,0.7087125119038377,-0.006578744140587234
42,3470,0.6975481224835642,0.7009641513741542,0.003416028890590006
42,3471,0.7008989260548584,0.6985334519257294,-0.0023654741291290193
42,3472,0.7122654289706221,0.7042687192641639,-0.00799670970645816
42,3473,0.7201725162421907,0.7129210155861021,-0.007251500656088594
42,3474,0.7068038906033973,0.7052483330519548,-0.0015555575514425435
42,3475,0.7017713511083135,0.6922667525700441,-0.009504598538269349
42,3476,0.7066064103999319,0.7035015322887583,-0.003104878111173548
42,3477,0.7122224133687532,0.70097167569084,-0.011250737677913292
42,3478,0.7214329144863,0.7103890070637096,-0.011043907422590427
42,3479,0.711791183942728,0.7008983820622284,-0.01089280188049957
42,3480,0.7123230813652879,0.7070256918396195,-0.005297389525668383
42,3481,0.7045040563413405,0.7014995890353802,-0.003004467305960268
42,3482,0.6980906290983251,0.6862511969119401,-0.011839432186384946
42,3483,0.7174272453505375,0.7184459812886745,0.0010187359381370609
42,3484,0.7120214894324671,0.704759838781426,-0.007261650651041118
42,3485,0.7289077121463647,0.7220656654546433,-0.006842046691721393
42,3486,0.7185565066908239,0.711264165268138,-0.007292341422685977
42,3487,0.7170777446752841,0.7068936432668611,-0.010184101408422963
42,3488,0.7089101403706042,0.7071105647847651,-0.0017995755858390972
42,3489,0.7149526813005421,0.7115037490486509,-0.0034489322518912457
42,3490,0.7069621746836658,0.6986790757876433,-0.008283098896022523
42,3491,0.7173517924897492,0.7125468249438924,-0.0048049675458567975
42,3492,0.7203948767398762,0.7191833092045767,-0.001211567535299496
42,3493,0.7113465878273777,0.7038951327868004,-0.007451455040577315
42,3494,0.7203003522249519,0.71431072494054,-0.00598962728441188
42,3495,0.7144010942742696,0.7060831551674843,-0.008317939106785244
42,3496,0.7127534094399509,0.7207780674341919,0.008024657994241013
42,3497,0.7174419377802137,0.708879196727873,-0.008562741052340672
42,3498,0.7243352705278436,0.7135279867837618,-0.010807283744081797
42,3499,0.7251123651706829,0.7132263022400973,-0.011886062930585584
42,3500,0.7019267351082609,0.6919016394901422,-0.010025095618118707
42,3501,0.7094178464171723,0.6922002140235775,-0.01721763239359486
42,3502,0.7175735518579764,0.7126181499396911,-0.004955401918285363
42,3503,0.7092769377570829,0.6969358338649568,-0.01234110389212606
42,3504,0.7148265014071096,0.7041155232434892,-0.010710978163620322
42,3505,0.7202899673302645,0.7155917995213168,-0.0046981678089477175
42,3506,0.7297333315358393,0.7175693243452823,-0.012164007190556991
42,3507,0.7033239084992751,0.709949085500307,0.006625177001031934
42,3508,0.716722295297555,0.7139833407514491,-0.002738954546105954
42,3509,0.7070817603808635,0.7041198790138194,-0.002961881367044006
42,3510,0.7176571172513355,0.7059458655015085,-0.011711251749827012
42,3511,0.708464280670225,0.7078626661682812,-0.0006016145019438479
42,3512,0.7103666605093149,0.7009597051731963,-0.009406955336118572
42,3513,0.7032326778938378,0.6927484263236806,-0.0104842515701572
42,3514,0.7222741026612918,0.7142801697274236,-0.007993932933868186
42,3515,0.720408127604556,0.7142876215589831,-0.006120506045572904
42,3516,0.7122299983814202,0.710975276052779,-0.0012547223286412112
42,3517,0.7269792450111385,0.7161160526983446,-0.010863192312793979
42,3518,0.7036895757834725,0.6972800362394957,-0.006409539543976717
42,3519,0.7198097222339241,0.7165833457519881,-0.003226376481936022
42,3520,0.7166065779241049,0.7132728528628294,-0.0033337250612754943
42,3521,0.7088480235643386,0.6904757055856218,-0.018372317978716857
42,3522,0.7153282963700768,0.7099718700229727,-0.005356426347104093
42,3523,0.7102741684120124,0.7148779410870304,0.004603772675017992
42,3524,0.7121783368729702,0.7115491132405871,-0.0006292236323830469
42,3525,0.7114287508599066,0.7070835241353025,-0.004345226724604134
42,3526,0.712125955483607,0.706637583258755,-0.0054883722248519895
42,3527,0.705135573607298,0.7081979279506332,0.0030623543433352385
42,3528,0.7133869882771984,0.7095286182562256,-0.003858370020972779
42,3529,0.7279463257640175,0.7161650766667821,-0.011781249097235436
42,3530,0.7131559903165181,0.709269534028375,-0.003886456288143103
42,3531,0.7157478144647669,0.7151854173314969,-0.0005623971332699984
42,3532,0.6958761384459085,0.6965775750450335,0.0007014365991250271
42,3533,0.7135688165675887,0.7064119717375666,-0.007156844830022102
42,3534,0.7175290281884874,0.7085456448036267,-0.00898338338486071
42,3535,0.7035452805301051,0.6899102161744566,-0.01363506435564854
42,3536,0.7238852598007436,0.7149693675291009,-0.00891589227164269
42,3537,0.7080414704702389,0.7023624681030238,-0.00567900236721508
42,3538,0.717605621461087,0.7141279811243345,-0.0034776403367524633
42,3539,0.7095441074354882,0.6996666055894933,-0.009877501845994896
42,3540,0.7163307124823024,0.7122093681143948,-0.0041213443679075645
42,3541,0.7123104713347485,0.7021438214777189,-0.01016664985702953
42,3542,0.7138577253601381,0.711936657359133,-0.0019210680010051107
42,3543,0.7095102408806975,0.708006555493221,-0.0015036853874764722
42,3544,0.7117684727618581,0.6960421794380411,-0.01572629332381692
42,3545,0.7058671031784864,0.704644842754047,-0.001222260424439403
42,3546,0.7143055579562233,0.7027787364817364,-0.011526821474486915
42,3547,0.7123843694327603,0.703027104538795,-0.009357264893965267
42,3548,0.7086336407424387,0.7089936875312741,0.00036004678883538865
42,3549,0.7148123794305141,0.7078576508253678,-0.006954728605146343
42,3550,0.7239776789522969,0.7144515586361013,-0.009526120316195597
42,3551,0.7231859500336599,0.7130094224311416,-0.010176527602518304
42,3552,0.7133721337431235,0.6984492820926236,-0.014922851650499891
42,3553,0.717618386583855,0.7081618764906787,-0.009456510093176274
42,3554,0.7002336911372392,0.6924595534816052,-0.007774137655634061
42,3555,0.7093958083136608,0.7062838328294102,-0.003111975484250573
42,3556,0.7163014797286633,0.703136260469247,-0.013165219259416272
42,3557,0.7146848677385896,0.7065343978758386,-0.00815046986275103
42,3558,0.7127005909950652,0.7050444301443803,-0.007656160850684879
42,3559,0.7075187154965057,0.7049803510425423,-0.002538364453963382
42,3560,0.7083207952411975,0.700740277817326,-0.007580517423871558
42,3561,0.7196351657382006,0.7035542543422015,-0.016080911395999098
42,3562,0.7148608819231569,0.7096255002454736,-0.005235381677683337
42,3563,0.7064106374818988,0.6982696105987382,-0.008141026883160651
42,3564,0.7118044524727821,0.7024837177147201,-0.009320734758062055
42,3565,0.7158334679274669,0.7052302590084373,-0.01060320891902966
42,3566,0.7111070592486646,0.7018867474024395,-0.009220311846225071
42,3567,0.7104315509330397,0.6930593562032805,-0.01737219472975915
42,3568,0.7193295661622217,0.7026192920048312,-0.01671027415739046
42,3569,0.7060318614238708,0.6910349481310429,-0.014996913292827818
42,3570,0.7154367095794073,0.7101472732601746,-0.005289436319232732
42,3571,0.7135289205536373,0.7085914813967158,-0.004937439156921464
42,3572,0.7145250602996369,0.719011050310062,0.004485990010425045
42,3573,0.7339430505897868,0.7189284804840914,-0.015014570105695402
42,3574,0.7154991558735403,0.7115272833697677,-0.003971872503772622
42,3575,0.7146355881571487,0.7060544767150838,-0.00858111144206486
42,3576,0.73518060916016,0.7267456383171705,-0.008434970842989498
42,3577,0.7158290617860417,0.6949381600901828,-0.020890901695858832
42,3578,0.7039998142347423,0.6995952009245988,-0.004404613310143524
42,3579,0.7031463282939782,0.6972639545716278,-0.0058823737223503425
42,3580,0.7104736191674152,0.7093936215585545,-0.0010799976088607943
42,3581,0.7108214672984914,0.7081057646293347,-0.002715702669156661
42,3582,0.7134730310658677,0.7140524211774362,0.0005793901115684896
42,3583,0.7102687471793632,0.703789554675855,-0.006479192503508147
42,3584,0.7107103046091561,0.701837390576578,-0.008872914032578061
42,3585,0.72871364317527,0.7139687671128025,-0.014744876062467438
42,3586,0.7125484883443018,0.704581276789721,-0.0079672115545808
42,3587,0.718339826441232,0.7094708688593199,-0.008868957581912085
42,3588,0.7229528423590145,0.7213741004064567,-0.001578741952557805
42,3589,0.7109842334378996,0.7114647401358225,0.0004805066979228778
42,3590,0.7201627507390418,0.7206901882697522,0.000527437530710384
42,3591,0.7129132949072587,0.7035257734730667,-0.009387521434192081
42,3592,0.706327297085998,0.6990532104909395,-0.00727408659505846
42,3593,0.7144557807315965,0.7110538561007727,-0.0034019246308238937
42,3594,0.7288046843414651,0.7264994309284862,-0.002305253412978825
42,3595,0.7128269767916889,0.7011629003373449,-0.011664076454344086
42,3596,0.7159156869822758,0.704215350156274,-0.0117003368260018
42,3597,0.7114108624407175,0.7022902609113137,-0.009120601529403749
42,3598,0.7124959838005501,0.7057294599618622,-0.006766523838687921
42,3599,0.7191283742394551,0.7067043251356467,-0.012424049103808343
42,3600,0.7185652636666979,0.7133999988024371,-0.005165264864260832
42,3601,0.7172890576970172,0.7081175430206432,-0.009171514676374004
42,3602,0.7151917528055838,0.701402150469645,-0.013789602335938733
42,3603,0.7225861489703067,0.7187036264994737,-0.003882522470832983
42,3604,0.717449573571419,0.7135294979934388,-0.003920075577980242
42,3605,0.7222997767727145,0.714242030939491,-0.008057745833223495
42,3606,0.7100820872989025,0.7071993601138118,-0.00288272718509075
42,3607,0.7055006781251921,0.7039477808491998,-0.0015528972759922821
42,3608,0.7128299610649464,0.7080461769816551,-0.004783784083291387
42,3609,0.7224352957412584,0.7110219020592938,-0.01141339368196459
42,3610,0.7049803042467256,0.6986233102017166,-0.006356994045009001
42,3611,0.7222544148267064,0.7022683051749861,-0.01998610965172032
42,3612,0.7103060947867962,0.7071758192449902,-0.0031302755418060046
42,3613,0.7139352202121014,0.7144586787968183,0.0005234585847169182
42,3614,0.714209473989043,0.7056235080123958,-0.00858596597664718
42,3615,0.6941052984052622,0.6995269171353855,0.005421618730123257
42,3616,0.7167478472822948,0.706986011927984,-0.009761835354310744
42,3617,0.7020712864982879,0.6980760657558963,-0.003995220742391559
42,3618,0.7187928121991526,0.7139817531133228,-0.004811059085829794
42,3619,0.7116929860560001,0.7094561039077099,-0.002236882148290209
42,3620,0.7194484825702101,0.7084003456391178,-0.0110481369310923
42,3621,0.7115122712419754,0.699727048472046,-0.011785222769929327
42,3622,0.7058847538148596,0.7032117884772655,-0.002672965337594091
42,3623,0.7152321114676632,0.7111896157048373,-0.004042495762825893
42,3624,0.7160334006450315,0.7087071611088823,-0.007326239536149193
42,3625,0.7033226786894968,0.6938682651650057,-0.009454413524491168
42,3626,0.7124469109517915,0.7124544343262699,7.523374478402012e-06
42,3627,0.7030415961119343,0.6999810920167029,-0.0030605040952313978
42,3628,0.7246963916667843,0.7169349202291215,-0.007761471437662815
42,3629,0.7099662349245324,0.6985929536683932,-0.011373281256139123
42,3630,0.7156866025552109,0.7090687174728194,-0.0066178850823914726
42,3631,0.7093388029800516,0.6993014575919203,-0.01003734538813128
42,3632,0.7021219816131519,0.7017499773368215,-0.00037200427633032884
42,3633,0.7108949920856307,0.7095141193472454,-0.0013808727383852748
42,3634,0.71815069070225,0.7210614395729877,0.0029107488707377227
42,3635,0.7106949460659826,0.7035320882786221,-0.007162857787360477
42,3636,0.7173579006735619,0.7163577485478033,-0.0010001521257585466
42,3637,0.7179464908421556,0.7193953480958306,0.001448857253675051
42,3638,0.7031624777036733,0.6983244874768557,-0.0048379902268176345
42,3639,0.721366994620173,0.7147942501792488,-0.00657274444092415
42,3640,0.7168972223539039,0.7011070707397845,-0.01579015161411934
42,3641,0.719814024411604,0.7089779483270839,-0.010836076084520085
42,3642,0.7139822467790087,0.7082860919189244,-0.005696154860084235
42,3643,0.7153533765788797,0.7068541696241646,-0.008499206954715066
42,3644,0.7143523496656654,0.6992325374089263,-0.015119812256739085
42,3645,0.7165451210341522,0.7089534889099564,-0.007591632124195891
42,3646,0.701758126037991,0.7017945443655195,3.641832752843133e-05
42,3647,0.7219032266496895,0.712041892817501,-0.009861333832188568
42,3648,0.7090371296044311,0.7051122214744492,-0.003924908129981919
42,3649,0.7256682252428694,0.7153413341426368,-0.01032689110023266
42,3650,0.7155329139256454,0.7059614219464015,-0.009571491979243896
42,3651,0.717050004403047,0.7081902795500743,-0.008859724852972706
42,3652,0.7105568890790612,0.7050881969980394,-0.005468692081021853
42,3653,0.7143584419952884,0.7067519947916906,-0.0076064472035978214
42,3654,0.7160211253222404,0.700305781114576,-0.015715344207664406
42,3655,0.7097192115131442,0.7104313950995453,0.0007121835864011272
42,3656,0.7205659755081255,0.7154215088542469,-0.005144466653878577
42,3657,0.7067330983065624,0.7045683387978878,-0.002164759508674563
42,3658,0.7088864348129632,0.7192073118153319,0.010320877002368722
42,3659,0.7156138113444055,0.7062019134096384,-0.009411897934767044
42,3660,0.7115027386736843,0.6984027511263966,-0.013099987547287695
42,3661,0.7056505994344392,0.7070759289424746,0.0014253295080354222
42,3662,0.7037007096288366,0.706118757911686,0.0024180482828494165
42,3663,0.724585715234606,0.7134087719291141,-0.011176943305491904
42,3664,0.7162165703972448,0.7091816455941313,-0.007034924803113518
42,3665,0.7097187236182438,0.7000599726616712,-0.009658750956572648
42,3666,0.7194922921547631,0.7148922497127945,-0.004600042441968544
42,3667,0.7165772358283122,0.7151351737413953,-0.0014420620869168843
42,3668,0.7164479535960524,0.7107662224530048,-0.005681731143047597
42,3669,0.7166965126802172,0.7128506545881441,-0.003845858092073051
42,3670,0.7047396026090611,0.7079027804052578,0.003163177796196681
42,3671,0.6994187745272489,0.6951868008242625,-0.004231973702986336
42,3672,0.7053276915653715,0.7083891566816409,0.0030614651162694795
42,3673,0.7084603605346991,0.7012493808300395,-0.007210979704659559
42,3674,0.7162784199329186,0.7037991694194026,-0.01247925051351606
42,3675,0.7033609045540942,0.6989512106700404,-0.004409693884053767
42,3676,0.7097749874723971,0.699288689863566,-0.01048629760883113
42,3677,0.7161221604343768,0.7077680458665366,-0.008354114567840187
42,3678,0.709243689329426,0.6934353165430694,-0.015808372786356606
42,3679,0.7343190001872137,0.7200245814486985,-0.014294418738515224
42,3680,0.711975518358827,0.7020388442503421,-0.009936674108484866
42,3681,0.696233171464047,0.7015082685345981,0.005275097070551182
42,3682,0.7054731709104538,0.7044705098918029,-0.0010026610186508744
42,3683,0.7055795370278192,0.7082027399037467,0.002623202875927544
42,3684,0.711810875056695,0.7070698994486558,-0.004740975608039211
42,3685,0.7036573526792576,0.7026020012105423,-0.001055351468715271
42,3686,0.7162405993667722,0.7094314749401347,-0.006809124426637503
42,3687,0.7158251915869319,0.7074579192221357,-0.008367272364796174
42,3688,0.7013857017195297,0.691357358578433,-0.010028343141096796
42,3689,0.7196694504048124,0.7082793106966172,-0.011390139708195246
42,3690,0.6999781007214038,0.7080003941198441,0.008022293398440294
42,3691,0.7128629768966872,0.7102866990189396,-0.0025762778777476125
42,3692,0.713676401232991,0.7043238694090661,-0.009352531823924926
42,3693,0.7213361912083829,0.7062332832893705,-0.015102907919012365
42,3694,0.7243271676554883,0.7259324820505798,0.0016053143950914839
42,3695,0.7136987528153359,0.7046409019603083,-0.009057850855027638
42,3696,0.7150803387750162,0.7004649766090197,-0.01461536216599646
42,3697,0.7192995478252283,0.7219455213165016,0.002645973491273268
42,3698,0.7135027196834871,0.7086491529040035,-0.004853566779483565
42,3699,0.7102711505970802,0.7103945041444331,0.00012335354735282245
42,3700,0.7179468848065473,0.7208298634448477,0.0028829786383003375
42,3701,0.6991249672777965,0.69907275954364,-5.2207734156484165e-05
42,3702,0.705998506218487,0.6948922398555542,-0.011106266362932882
42,3703,0.7170541688115148,0.715719979726035,-0.0013341890854798866
42,3704,0.7068270645862165,0.6977359845854024,-0.009091080000814045
42,3705,0.7086982825164602,0.7082798128121809,-0.00041846970427927843
42,3706,0.7066472053575721,0.712436492758241,0.005789287400668863
42,3707,0.7058445001220819,0.7067343502445855,0.0008898501225036437
42,3708,0.7173685506838714,0.7091649053230669,-0.008203645360804535
42,3709,0.7114970239688042,0.6961506318704407,-0.015346392098363526
42,3710,0.7220731964325141,0.7130815252837799,-0.008991671148734226
42,3711,0.7174873388627463,0.7143270617000954,-0.003160277162650882
42,3712,0.7213942246612832,0.7153854419204688,-0.0060087827408144
42,3713,0.7036438869677879,0.7112484632903127,0.007604576322524759
42,3714,0.7070594193896895,0.6941137256524146,-0.012945693737274944
42,3715,0.7072033129395117,0.699713256138754,-0.00749005680075765
42,3716,0.7073486601788281,0.7078887805719175,0.0005401203930893717
42,3717,0.7327988601846379,0.7234880885077033,-0.009310771676934615
42,3718,0.7235508615415911,0.7103502906758208,-0.013200570865770311
42,3719,0.7060260271901166,0.7063153590904905,0.00028933190037383483
42,3720,0.6990616887117593,0.6939488053503209,-0.005112883361438447
42,3721,0.7102641378318688,0.7087544771975088,-0.0015096606343599772
42,3722,0.7137391094929613,0.7064672792595357,-0.007271830233425591
42,3723,0.723029949040077,0.715547018229478,-0.007482930810599031
42,3724,0.7149241340208674,0.7164067328516164,0.0014825988307489713
42,3725,0.716484733121981,0.713319315444173,-0.00316541767780798
42,3726,0.7186648033621046,0.7093777369497496,-0.009287066412354994
42,3727,0.7116760905100343,0.7046590177045232,-0.007017072805511115
42,3728,0.7179342073619759,0.7074323308976384,-0.010501876464337534
42,3729,0.7202303935542358,0.7113006302028975,-0.008929763351338327
42,3730,0.7115143465312751,0.7075920929126354,-0.003922253618639737
42,3731,0.6977971211280651,0.699925060683247,0.002127939555181868
42,3732,0.7068850818495711,0.7021827458732112,-0.004702335976359939
42,3733,0.7125430013164757,0.7091307057703089,-0.0034122955461668436
42,3734,0.7110314909521863,0.7092672590338556,-0.0017642319183307498
42,3735,0.7151375493115397,0.7102564439076313,-0.004881105403908403
42,3736,0.7144098730794868,0.7060160548205372,-0.008393818258949581
42,3737,0.7165424249487223,0.7166845552397294,0.00014213029100706986
42,3738,0.7163866382473537,0.7069248167770228,-0.009461821470330922
42,3739,0.7097934877341465,0.7085444511659704,-0.0012490365681760984
42,3740,0.703479249299129,0.7039129600078674,0.00043371070873843287
42,3741,0.7048324842909353,0.6930282992927213,-0.011804184998214007
42,3742,0.7314208490323244,0.708966108932148,-0.02245474010017645
42,3743,0.71116314095053,0.7044102604994606,-0.006752880451069365
42,3744,0.7158137055682958,0.7128915440967718,-0.0029221614715240207
42,3745,0.7111015005830128,0.7144770435042345,0.0033755429212216637
42,3746,0.704197612716249,0.695754076821619,-0.008443535894629983
42,3747,0.7189335594532745,0.71209685107626,-0.006836708377014555
42,3748,0.7109876474296002,0.7075333541478122,-0.0034542932817880345
42,3749,0.7200239556202124,0.7170084415674979,-0.0030155140527144964
42,3750,0.7221888402997504,0.7167815093256218,-0.005407330974128599
42,3751,0.7059625529193319,0.6973350263746888,-0.00862752654464305
42,3752,0.7167071054341123,0.7174408082013826,0.0007337027672702501
42,3753,0.7141335929680017,0.7032579571060658,-0.010875635861935962
42,3754,0.7059527573319931,0.7090928765152521,0.0031401191832589603
42,3755,0.7183386720693369,0.7052079031791398,-0.013130768890197042
42,3756,0.7103243785222093,0.7020526077857654,-0.008271770736443917
42,3757,0.7114241462437874,0.709517312873982,-0.0019068333698053497
42,3758,0.7116104955061819,0.7080368376690931,-0.0035736578370888505
42,3759,0.7207052392595952,0.7080865565983299,-0.012618682661265312
42,3760,0.7105808351680994,0.6988814552651772,-0.011699379902922247
42,3761,0.7130007993388994,0.7095755506734664,-0.003425248665432923
42,3762,0.7133172955701615,0.719645620312567,0.006328324742405411
42,3763,0.7102415429288215,0.7137301125268882,0.0034885695980667597
42,3764,0.7041325784323191,0.7009765076150174,-0.003156070817301737
42,3765,0.7174634769381291,0.7083909479459578,-0.009072528992171258
42,3766,0.7126888584645421,0.7100603100238521,-0.0026285484406900483
42,3767,0.7270579332974433,0.7121022295096597,-0.014955703787783547
42,3768,0.7091939553561191,0.7006517202253681,-0.00854223513075092
42,3769,0.7096006576562477,0.7029968824481361,-0.0066037752081116174
42,3770,0.7114411715176941,0.7082641986033886,-0.0031769729143055203
42,3771,0.7114557508401385,0.7004267782772333,-0.011028972562905137
42,3772,0.7298065719167572,0.7251404982237857,-0.004666073692971562
42,3773,0.7146182066720174,0.6982686219435068,-0.016349584728510558
42,3774,0.7135737747516498,0.7074228140272965,-0.006150960724353394
42,3775,0.7025835947105629,0.7030022764888325,0.00041868177826964725
42,3776,0.7042855596125409,0.694388357094593,-0.0098972025179479
42,3777,0.7143977354485835,0.7083656136377531,-0.00603212181083046
42,3778,0.7110566663861313,0.7066350002195525,-0.004421666166578797
42,3779,0.7039615139656716,0.6959066055049057,-0.008054908460765953
42,3780,0.7210397366158123,0.7114618026987743,-0.009577933917037984
42,3781,0.7238459247453345,0.7125335209025363,-0.011312403842798191
42,3782,0.7159973889648794,0.7146308942762956,-0.0013664946885838525
42,3783,0.7155036173449911,0.7040927155434129,-0.011410901801578222
42,3784,0.7256428606345604,0.7128953700522949,-0.012747490582265542
42,3785,0.7078164770276147,0.6985530907430326,-0.00926338628458212
42,3786,0.7098149430599683,0.7134515494389317,0.0036366063789634584
42,3787,0.7112014224731574,0.7078205732443398,-0.0033808492288176506
42,3788,0.7062696869909452,0.7023207502756958,-0.003948936715249318
42,3789,0.7046972672946137,0.6984163421589031,-0.006280925135710547
42,3790,0.7057648804413095,0.7017000001015253,-0.004064880339784138
42,3791,0.7079383517929638,0.701349074514521,-0.006589277278442829
42,3792,0.7102700093312106,0.7073548500683496,-0.0029151592628610112
42,3793,0.7229684198712392,0.7063275452401853,-0.016640874631053904
42,3794,0.6961784586923093,0.6983562717052423,0.002177813012932961
42,3795,0.7146373046120025,0.7092422992907672,-0.005395005321235269
42,3796,0.7060452975311144,0.7032895765117797,-0.0027557210193347448
42,3797,0.7102731714766477,0.7081447056753174,-0.0021284658013303037
42,3798,0.7081614579235159,0.712655821805644,0.004494363882128094
42,3799,0.7146840796461312,0.7096716955018834,-0.005012384144247872
42,3800,0.7073871317184675,0.6940232557570628,-0.013363875961404648
42,3801,0.7106156366574825,0.7009153313515688,-0.009700305305913703
42,3802,0.7038270208719997,0.7024097885858056,-0.001417232286194059
42,3803,0.7032027828383732,0.6990554663444343,-0.004147316493938957
42,3804,0.6952982635086731,0.6976331065882444,0.002334843079571325
42,3805,0.7093241111336533,0.7022301621821845,-0.007093948951468865
42,3806,0.7218516031915314,0.7133394510938718,-0.008512152097659653
42,3807,0.7086326214211524,0.7092145874499647,0.0005819660288123307
42,3808,0.7131622349080735,0.704535592572361,-0.008626642335712531
42,3809,0.7212395076431077,0.7175076892496011,-0.0037318183935066696
42,3810,0.7148886918418009,0.7093230192545205,-0.005565672587280468
42,3811,0.7082759596134078,0.7085712648913638,0.0002953052779559595
42,3812,0.7113044896163909,0.7051003327123024,-0.006204156904088487
42,3813,0.7133548979427508,0.7182939831896529,0.00493908524690212
42,3814,0.70564701969947,0.6966612390201452,-0.008985780679324762
42,3815,0.7175789902125,0.7033781479708472,-0.014200842241652856
42,3816,0.6996480800750694,0.7001256707336154,0.00047759065854602323
42,3817,0.7034284991160258,0.6995662486351131,-0.00386225048091271
42,3818,0.7155309411736368,0.6999719925195432,-0.015558948654093574
42,3819,0.7058957170042679,0.6988525261343932,-0.007043190869874705
42,3820,0.7109827372872068,0.6985644476852337,-0.01241828960197311
42,3821,0.7148488454628883,0.7157048484504144,0.0008560029875260833
42,3822,0.6982169901493078,0.6967285514802863,-0.0014884386690214857
42,3823,0.70985520841948,0.7140888162316907,0.004233607812210716
42,3824,0.7007216350741814,0.7021321767128117,0.0014105416386303027
42,3825,0.7181590582970985,0.7046596495426398,-0.013499408754458653
42,3826,0.7140850062939665,0.7006639034618598,-0.013421102832106735
42,3827,0.7117418311343553,0.7112400151248364,-0.0005018160095189295
42,3828,0.7110170078937309,0.7053731174934321,-0.005643890400298779
42,3829,0.6972882465391927,0.7015379639423426,0.004249717403149833
42,3830,0.7165040498158687,0.7067213688922596,-0.009782680923609122
42,3831,0.7112172469580567,0.7089229600171413,-0.00229428694091538
42,3832,0.7071725956543713,0.6963496161269764,-0.01082297952739486
42,3833,0.7137801051653659,0.7098371344671557,-0.0039429706982102575
42,3834,0.7184195513044089,0.7087904903853993,-0.009629060919009613
42,3835,0.710646305673027,0.7061238394788257,-0.004522466194201269
42,3836,0.7149776034920181,0.7024599284703841,-0.012517675021634034
42,3837,0.7202467155414309,0.7043480837991021,-0.01589863174232886
42,3838,0.7109961225228545,0.711985941896253,0.0009898193733984817
42,3839,0.7058311660993019,0.706601047733879,0.0007698816345771409
42,3840,0.708945562813001,0.7013313140914017,-0.007614248721599326
42,3841,0.7133066575907625,0.6993063423964225,-0.014000315194339974
42,3842,0.7164930709649713,0.7077434883347737,-0.008749582630197539
42,3843,0.7070086316294345,0.7044288904688458,-0.0025797411605886778
42,3844,0.713041159561316,0.7179637757407872,0.0049226161794712064
42,3845,0.7150502928581157,0.7054767065033454,-0.009573586354770347
42,3846,0.7043526938539777,0.7025699646696626,-0.0017827291843151016
42,3847,0.6985141017886489,0.7035943736922912,0.005080271903642242
42,3848,0.7096338154809269,0.7128571720860024,0.0032233566050755558
42,3849,0.7045277177148697,0.6972980528802849,-0.007229664834584759
42,3850,0.7102332968471883,0.7134775528047004,0.003244255957512099
42,3851,0.7158980553877838,0.7091765823937143,-0.006721472994069555
42,3852,0.7218338748571598,0.715369558788455,-0.00646431606870479
42,3853,0.7097115383643704,0.7050367189570055,-0.004674819407364916
42,3854,0.711870292999595,0.7008928343291791,-0.010977458670415885
42,3855,0.7155911540802309,0.7081312470019779,-0.0074599070782529475
42,3856,0.7141358097903896,0.701456986654223,-0.01267882313616664
42,3857,0.7178187074150024,0.7031863579800913,-0.014632349434911096
42,3858,0.7083710432779562,0.7066260236332991,-0.0017450196446571198
42,3859,0.7043730346822334,0.6966388884499027,-0.0077341462323307075
42,3860,0.7166649988198976,0.7082500096808468,-0.00841498913905081
42,3861,0.7196978741158085,0.7060457969758525,-0.013652077139956087
42,3862,0.6949357505488767,0.6969898504149518,0.0020540998660750764
42,3863,0.7190102736416114,0.713877530623124,-0.005132743018487429
42,3864,0.7087973578277158,0.7095990310876529,0.0008016732599370746
42,3865,0.7065949594367485,0.6996036318083962,-0.006991327628352306
42,3866,0.7169252193824632,0.7095993427942655,-0.007325876588197722
42,3867,0.7226250279120767,0.710401172452255,-0.012223855459821742
42,3868,0.7063922872240063,0.696633385794078,-0.009758901429928302
42,3869,0.7272303029383209,0.7094654793672648,-0.017764823571056132
42,3870,0.7136921373767087,0.7122368557401495,-0.0014552816365591692
42,3871,0.7081854610530862,0.6977283228991649,-0.010457138153921353
42,3872,0.7208109261999645,0.7141575550320433,-0.006653371167921196
42,3873,0.7142925088251494,0.7041175669880931,-0.01017494183705625
42,3874,0.7077370664168673,0.7041379602357922,-0.0035991061810750624
42,3875,0.7069908311730841,0.7023347870162401,-0.004656044156844064
42,3876,0.7184927691338401,0.7100702236102763,-0.008422545523563807
42,3877,0.7223433090136318,0.706182481491766,-0.01616082752186576
42,3878,0.7248195484556044,0.7155864943348157,-0.009233054120788675
42,3879,0.7046294703927765,0.7056906888460347,0.0010612184532582392
42,3880,0.721909582882688,0.7142912547880815,-0.007618328094606497
42,3881,0.7043702876258214,0.7000672187720296,-0.004303068853791836
42,3882,0.7190845342230054,0.7068285391824906,-0.012255995040514889
42,3883,0.7132615206406111,0.7124598910143868,-0.0008016296262243205
42,3884,0.7152689906632359,0.7032811953610667,-0.011987795302169202
42,3885,0.7137494618009328,0.7082444754220557,-0.005504986378877086
42,3886,0.72422936844537,0.7133197137989373,-0.010909654646432676
42,3887,0.7087124101216093,0.6962401424005606,-0.012472267721048702
42,3888,0.7191524442621509,0.7028394425179845,-0.01631300174416639
42,3889,0.7076150247908738,0.6965484999058145,-0.011066524885059326
42,3890,0.7231140287908934,0.7162676537281534,-0.0068463750627399955
42,3891,0.7073838554554643,0.7089261845530457,0.0015423290975813408
42,3892,0.7221186395783666,0.7049772338704254,-0.017141405707941204
42,3893,0.7311469820909513,0.7202745889268637,-0.010872393164087613
42,3894,0.7206236579134062,0.7150338153196172,-0.0055898425937890295
42,3895,0.7183064000706548,0.7094987471971046,-0.008807652873550231
42,3896,0.7168443573603754,0.7062968365172515,-0.010547520843123936
42,3897,0.7255490256766643,0.7067322847964689,-0.01881674088019547
42,3898,0.7148233779023039,0.7039005551336823,-0.010922822768621554
42,3899,0.7176856528756866,0.7067787923305724,-0.01090686054511425
42,3900,0.72224577562868,0.7251764831770897,0.002930707548409739
42,3901,0.7122431970887114,0.7033272646690462,-0.008915932419665262
42,3902,0.7038508614738807,0.703068517823567,-0.0007823436503135994
42,3903,0.7020783617453513,0.6885458273058209,-0.013532534439530397
42,3904,0.7150649272499021,0.7035928272983171,-0.011472099951585046
42,3905,0.7227270585281778,0.7109606644584651,-0.011766394069712693
42,3906,0.7155842291877057,0.7039457696757325,-0.011638459511973176
42,3907,0.7140876935439966,0.7086029554279978,-0.005484738115998811
42,3908,0.7156231255963662,0.7128628540376394,-0.0027602715587268234
42,3909,0.7245077426738306,0.7124789126862522,-0.012028829987578371
42,3910,0.7132073796679268,0.7004826118825925,-0.012724767785334268
42,3911,0.7195364746375416,0.7042343267764217,-0.01530214786111983
42,3912,0.7122711666368613,0.6949434107341959,-0.017327755902665443
42,3913,0.7141836485509314,0.7024323635819543,-0.01175128496897715
42,3914,0.7173426487360883,0.712557754428734,-0.004784894307354293
42,3915,0.71398122897597,0.7131724152356247,-0.0008088137403453599
42,3916,0.7221049547719125,0.7162485733518531,-0.005856381420059398
42,3917,0.7094012085846464,0.7004294257959216,-0.008971782788724791
42,3918,0.7110912523486101,0.7054683913838149,-0.005622860964795251
42,3919,0.6923274294926145,0.6932405598176138,0.0009131303249992895
42,3920,0.7085681048588346,0.6973856109868865,-0.01118249387194814
42,3921,0.6946732708955832,0.7002286946731241,0.005555423777540924
42,3922,0.7265696238721489,0.7105669897132094,-0.016002634158939433
42,3923,0.7084241349805271,0.7087081428323342,0.00028400785180704435
42,3924,0.7040355161504318,0.703087283381583,-0.0009482327688488112
42,3925,0.6978638898523564,0.7017096245061518,0.0038457346537954518
42,3926,0.7039140110225997,0.6868487480894379,-0.017065262933161796
42,3927,0.7115182154309049,0.6967212777192776,-0.014796937711627267
42,3928,0.7235949506674005,0.7205494508811208,-0.0030454997862797706
42,3929,0.7129462334949472,0.7109258837450014,-0.0020203497499458045
42,3930,0.7096957224032333,0.7066236936336381,-0.0030720287695952253
42,3931,0.7088760559581615,0.7055785328282623,-0.0032975231298991714
42,3932,0.7089106449394773,0.7069184940321117,-0.0019921509073655974
42,3933,0.7161387168280099,0.706530851789527,-0.009607865038482877
42,3934,0.719412852244139,0.7068601241313368,-0.01255272811280217
42,3935,0.70972870135413,0.6953010577707692,-0.014427643583360794
42,3936,0.713400749270798,0.7069257361340384,-0.006475013136759578
42,3937,0.7119748190564734,0.70692071705064,-0.00505410200583345
42,3938,0.71492377374084,0.7125725132429779,-0.002351260497862162
42,3939,0.7151527833300626,0.7043788578534167,-0.010773925476645907
42,3940,0.7070405792716951,0.6954268401979959,-0.011613739073699114
42,3941,0.7173824595884899,0.7022793801830685,-0.015103079405421438
42,3942,0.7178653734317009,0.7164889034222832,-0.0013764700094176519
42,3943,0.7065878939823471,0.7026851233901847,-0.0039027705921623745
42,3944,0.7176731278483333,0.7089554760557004,-0.008717651792632841
42,3945,0.7188603274412158,0.7024282339479304,-0.016432093493285338
42,3946,0.7237039287729812,0.7232962340504343,-0.00040769472254686967
42,3947,0.7220332173966256,0.7126780109899271,-0.009355206406698513
42,3948,0.720304034173231,0.7129145304422025,-0.007389503731028424
42,3949,0.7234512255892442,0.7092858550736448,-0.014165370515599407
42,3950,0.7132535546814109,0.7082848994879098,-0.0049686551935010925
42,3951,0.7143353067394034,0.7122218945182734,-0.002113412221129929
42,3952,0.7111123546598107,0.7004184713369964,-0.01069388332281429
42,3953,0.7053937865962133,0.7012589308165623,-0.004134855779651003
42,3954,0.7174720605886897,0.7102408782964275,-0.007231182292262273
42,3955,0.7049349369691759,0.7023066620200512,-0.0026282749491246538
42,3956,0.6978375845535798,0.7014912847112567,0.0036537001576768535
42,3957,0.7108643493842364,0.698551091308261,-0.012313258075975386
42,3958,0.7184346276352702,0.7090199297486024,-0.009414697886667822
42,3959,0.7331909665362197,0.7305119086260065,-0.0026790579102132783
42,3960,0.7107058214846852,0.6998041865543334,-0.010901634930351789
42,3961,0.7054598450152538,0.6967761455023704,-0.008683699512883392
42,3962,0.7203025356254023,0.7069316934335474,-0.013370842191854804
42,3963,0.7209232438536204,0.7130537168391347,-0.007869527014485733
42,3964,0.7090623280105717,0.6904100961533636,-0.0186522318572081
42,3965,0.7149700645539996,0.7211947437459238,0.006224679191924265
42,3966,0.7050349683792054,0.7053297230564992,0.0002947546772937848
42,3967,0.7072084549191151,0.6993014296865203,-0.007907025232594789
42,3968,0.7116288748710483,0.6953387874851583,-0.016290087385889995
42,3969,0.703240903538745,0.6955490959626982,-0.007691807576046816
42,3970,0.7076111761445585,0.7060182455437947,-0.00159293060076382
42,3971,0.7155500934519357,0.7064361419600267,-0.009113951491908967
42,3972,0.7149701862540965,0.7042928157310393,-0.010677370523057172
42,3973,0.6950274606812888,0.7019133227808283,0.006885862099539453
42,3974,0.7164420506083411,0.7140849138307896,-0.0023571367775514496
42,3975,0.7167761133328134,0.7047495603824742,-0.012026552950339275
42,3976,0.7156607684495546,0.7063639037821903,-0.009296864667364346
42,3977,0.7149747414329846,0.703964434540828,-0.01101030689215654
42,3978,0.7121802689055758,0.7032073029127434,-0.008972965992832482
42,3979,0.7120485249929565,0.7126801644094344,0.0006316394164779249
42,3980,0.7094034426438415,0.7003601642171728,-0.009043278426668633
42,3981,0.7176138213825782,0.7166402403246459,-0.0009735810579323267
42,3982,0.7190851845956958,0.7162277506460999,-0.0028574339495959222
42,3983,0.7067426365693913,0.7079973541503801,0.001254717580988829
42,3984,0.7149667785231294,0.7035352281479813,-0.011431550375148092
42,3985,0.697200793196104,0.6915160561305147,-0.0056847370655892515
42,3986,0.7185027748462647,0.7087763839980306,-0.009726390848234123
42,3987,0.7142371141061097,0.7104891766889609,-0.003747937417148739
42,3988,0.7210014488764818,0.7167565082141802,-0.004244940662301522
42,3989,0.7230543904987102,0.7128299140466001,-0.01022447645211011
42,3990,0.7170455695071443,0.7033327686058237,-0.013712800901320543
42,3991,0.7141727694682689,0.707566038013655,-0.006606731454613879
42,3992,0.714001907856169,0.7182199359355228,0.004218028079353786
42,3993,0.7130407988268656,0.6991706788544239,-0.013870119972441697
42,3994,0.7189704567864599,0.7063267148598817,-0.012643741926578134
42,3995,0.7104397364558027,0.6933590332109932,-0.01708070324480948
42,3996,0.7110920694543847,0.7105406350638819,-0.0005514343905028696
42,3997,0.7131370911092119,0.7045831461236786,-0.008553944985533302
42,3998,0.7085816421509431,0.7097177229310747,0.0011360807801316097
42,3999,0.7230255084538234,0.7082282862325023,-0.014797222221321071
123,0,0.712509527495431,0.7056514989964504,-0.00685802849898054
123,1,0.7135095097834856,0.7095105975919239,-0.0039989121915616765
123,2,0.7044810777073989,0.706485135245491,0.0020040575380920744
123,3,0.7080087173314669,0.700307078352467,-0.007701638978999892
123,4,0.7100469420539886,0.7076309945619952,-0.0024159474919933643
123,5,0.7235960289870322,0.7147729375987593,-0.008823091388272974
123,6,0.7114532783398517,0.7056637760704101,-0.005789502269441638
123,7,0.7179987804144552,0.7143479225734799,-0.0036508578409752968
123,8,0.7107342891479196,0.6989277036535997,-0.011806585494319899
123,9,0.7078154232583114,0.701602857495724,-0.00621256576258733
123,10,0.7173247693065227,0.7129712656396807,-0.004353503666841951
123,11,0.7039094301737207,0.7020177349854921,-0.001891695188228515
123,12,0.715127069312803,0.7105135486679647,-0.0046135206448383315
123,13,0.7145109489091718,0.7037705329727865,-0.010740415936385306
123,14,0.7212386939003026,0.7103166151314423,-0.01092207876886031
123,15,0.7099308975105125,0.7102417236428664,0.0003108261323538919
123,16,0.7143544631607124,0.7104359462910949,-0.003918516869617528
123,17,0.7060803938405943,0.6976408694858891,-0.008439524354705186
123,18,0.7073509495538572,0.7103595966507699,0.00300864709691262
123,19,0.709441507667044,0.6950565474985103,-0.014384960168533634
123,20,0.7121395456605295,0.7124209592203286,0.0002814135597990486
123,21,0.7122135739351783,0.7045769938464963,-0.007636580088681955
123,22,0.7054188137465804,0.7033801195331733,-0.0020386942134071884
123,23,0.7140274313405672,0.7066305047880999,-0.0073969265524673755
123,24,0.7195863287314332,0.7136570704872418,-0.005929258244191438
123,25,0.718468185866863,0.6994728383374892,-0.01899534752937382
123,26,0.7158552516897783,0.7167350105110611,0.0008797588212828833
123,27,0.7067325321759164,0.7005066902646911,-0.006225841911225216
123,28,0.7129978411977769,0.7061400027209033,-0.006857838476873601
123,29,0.7066388662614389,0.7047741545498452,-0.0018647117115937473
123,30,0.711299066844701,0.7010104339897796,-0.010288632854921431
123,31,0.7065226717270184,0.7010219984853336,-0.005500673241684795
123,32,0.7043544378714501,0.6902866073361296,-0.014067830535320569
123,33,0.712653092659696,0.704166721256445,-0.008486371403251036
123,34,0.7254825722813028,0.7090490870327464,-0.016433485248556368
123,35,0.699623053604713,0.7025559000384538,0.00293284643374081
123,36,0.7191238213006206,0.7085693068024534,-0.010554514498167133
123,37,0.7090345019370088,0.7114026602117549,0.002368158274746124
123,38,0.7131058232841949,0.7066225014769929,-0.006483321807202014
123,39,0.6911496962793903,0.6849246243502627,-0.006225071929127579
123,40,0.7100521263320229,0.7041653145853338,-0.005886811746689036
123,41,0.6991107586216653,0.6943163135550592,-0.00479444506660609
123,42,0.7108060915341874,0.7056038974051873,-0.005202194129000137
123,43,0.7089422874834601,0.7051260901960372,-0.0038161972874228844
123,44,0.7119370720360749,0.701381674267223,-0.010555397768851948
123,45,0.7120676390150139,0.7218865035665909,0.009818864551576989
123,46,0.7076880999295867,0.7047371944757674,-0.0029509054538192636
123,47,0.7208956529349873,0.7216717323154408,0.0007760793804535426
123,48,0.6994987471377068,0.6923994667690885,-0.007099280368618288
123,49,0.7120405234156466,0.705910943542432,-0.006129579873214608
123,50,0.7145845887623589,0.7072656866567382,-0.007318902105620695
123,51,0.718277144697462,0.7075833068924716,-0.010693837804990336
123,52,0.7054844723525179,0.697919054314236,-0.007565418038281924
123,53,0.7226816316513953,0.7148782016543835,-0.007803429997011779
123,54,0.7098702021896586,0.7053151473731281,-0.004555054816530513
123,55,0.7100221419026793,0.7033264807946289,-0.006695661108050421
123,56,0.6960844529469288,0.6957501994962865,-0.0003342534506423078
123,57,0.7170482820902374,0.7114810404032328,-0.00556724168700462
123,58,0.7102543154150209,0.7085838330681125,-0.001670482346908475
123,59,0.7118882958176362,0.7115090181938442,-0.00037927762379208474
123,60,0.704442720979948,0.7017555052278222,-0.0026872157521258266
123,61,0.7156688682779861,0.713307152165142,-0.002361716112844192
123,62,0.7145611583978836,0.7095589995330456,-0.005002158864838013
123,63,0.718619758921171,0.7139242333532287,-0.0046955255679422825
123,64,0.7137595136273428,0.708808929324231,-0.0049505843031117935
123,65,0.7234819838823535,0.714765622897441,-0.008716360984912463
123,66,0.7116127885676911,0.7078370745513283,-0.0037757140163627856
123,67,0.6950699768768418,0.692013930331083,-0.0030560465457587505
123,68,0.7181983527800975,0.701588119750198,-0.0166102330298995
123,69,0.7132277058068248,0.7043686725194727,-0.008859033287352158
123,70,0.7165440768596556,0.7054495339570175,-0.011094542902638116
123,71,0.704860182040846,0.7088884659298058,0.004028283888959816
123,72,0.7077201265399986,0.7089126855573376,0.0011925590173389455
123,73,0.7151910252581234,0.7063360022140813,-0.008855023044042065
123,74,0.7181376392153036,0.7118162465504252,-0.006321392664878411
123,75,0.7169225879762267,0.7129181060071905,-0.004004481969036133
123,76,0.7096533754561325,0.7034724402924143,-0.006180935163718204
123,77,0.7122939810552045,0.7039052404983706,-0.008388740556833918
123,78,0.7232582089037267,0.709111333737259,-0.014146875166467732
123,79,0.7151100322867479,0.7054100568791959,-0.009699975407551964
123,80,0.7080047008325382,0.7066996174263593,-0.001305083406178853
123,81,0.7252115397569612,0.7121556423292343,-0.013055897427726837
123,82,0.7025607629408389,0.702675958313931,0.00011519537309212513
123,83,0.7090888359798663,0.700220924211093,-0.008867911768773218
123,84,0.7163612871907384,0.7139740417261796,-0.002387245464558818
123,85,0.7068270250183961,0.7036308865689923,-0.003196138449403807
123,86,0.7086868588466431,0.6999783658706138,-0.00870849297602927
123,87,0.7220488216132529,0.7071373655803028,-0.014911456032950077
123,88,0.7117071309737459,0.7145412648410774,0.0028341338673314453
123,89,0.7030195315605641,0.6925639191318376,-0.010455612428726502
123,90,0.7013434847838291,0.7004764477662893,-0.0008670370175398734
123,91,0.7155921902525766,0.7141624486865612,-0.0014297415660153856
123,92,0.7132645204315748,0.7083612387743321,-0.004903281657242742
123,93,0.7096975594291877,0.7050310915434596,-0.0046664678857281094
123,94,0.7165636341367356,0.712909212776892,-0.003654421359843618
123,95,0.7099588809012432,0.7058723791705249,-0.004086501730718228
123,96,0.7164654802697454,0.7134940465974473,-0.0029714336722981294
123,97,0.6912499228357141,0.6944982136904647,0.003248290854750646
123,98,0.7253884674441482,0.709706276254618,-0.01568219118953018
123,99,0.7195651353050583,0.7125407517721271,-0.007024383532931222
123,100,0.70752244384888,0.698280091917394,-0.009242351931485926
123,101,0.7033477527024872,0.702504138729934,-0.0008436139725531699
123,102,0.7132510135106562,0.7079011389100772,-0.005349874600579008
123,103,0.7149270428731374,0.7054116335083047,-0.009515409364832639
123,104,0.7117365861952006,0.7035898477132247,-0.00814673848197589
123,105,0.7206432720134799,0.7138363358097979,-0.006806936203682001
123,106,0.7057227195217315,0.7012273132482184,-0.004495406273513081
123,107,0.702916792130698,0.7056501429764228,0.0027333508457247913
123,108,0.7173887915748174,0.707287218873228,-0.0101015727015894
123,109,0.7076662127966884,0.7037793252130911,-0.0038868875835973427
123,110,0.7153861205069731,0.7048050309087648,-0.01058108959820836
123,111,0.7171968475385118,0.7092683436207974,-0.00792850391771438
123,112,0.708676819198224,0.7019264229791793,-0.006750396219044719
123,113,0.7113724618834799,0.7054595846305682,-0.005912877252911675
123,114,0.7104115132686915,0.7022760902412852,-0.008135423027406219
123,115,0.7163415768282875,0.7123327503690342,-0.004008826459253267
123,116,0.7224095403732783,0.7210688236397692,-0.0013407167335091064
123,117,0.7175183380241505,0.7076691708842804,-0.009849167139870163
123,118,0.7100697220202603,0.7063054318783273,-0.0037642901419330244
123,119,0.7098280910243506,0.7093218018430343,-0.0005062891813163439
123,120,0.7092045269942886,0.7054582992970978,-0.003746227697190796
123,121,0.7132471646990509,0.7058499198618586,-0.007397244837192285
123,122,0.6993241401378745,0.6967385451006104,-0.002585595037264077
123,123,0.7131533372189464,0.6963435942745928,-0.016809742944353556
123,124,0.704027963032319,0.6891512032148004,-0.01487675981751857
123,125,0.7054239920415942,0.6971886140108856,-0.008235378030708618
123,126,0.7101814080524682,0.7067886378204123,-0.003392770232055864
123,127,0.7085275533542768,0.6967597609674816,-0.01176779238679515
123,128,0.7029533929518442,0.6979063947458807,-0.005046998205963549
123,129,0.7070376983287759,0.7040750286584945,-0.0029626696702814703
123,130,0.7119948282891844,0.7031529233794609,-0.008841904909723475
123,131,0.7027883120716378,0.6977562858780428,-0.005032026193594996
123,132,0.717474429105123,0.7105170352158474,-0.0069573938892756315
123,133,0.7160207561851772,0.6994365233624991,-0.01658423282267818
123,134,0.7131653682430582,0.7106343349557038,-0.0025310332873543784
123,135,0.7114067121128598,0.702477883938871,-0.008928828173988768
123,136,0.7040392302948677,0.7072128423249365,0.0031736120300688286
123,137,0.7084627810751682,0.7006384459938135,-0.007824335081354716
123,138,0.70594062327856,0.694600876078237,-0.011339747200323047
123,139,0.7048557373818529,0.703059835309966,-0.0017959020718869567
123,140,0.7075634030573656,0.712140943081403,0.004577540024037319
123,141,0.7086100664165046,0.6990199910717603,-0.00959007534474432
123,142,0.7018302229197239,0.6931952598361741,-0.008634963083549718
123,143,0.7129458776093771,0.7074892758096143,-0.005456601799762817
123,144,0.7127423147188917,0.7016916712387462,-0.011050643480145506
123,145,0.7155850606937951,0.7069880753722406,-0.008596985321554507
123,146,0.7119191521170045,0.7121489708578455,0.0002298187408409369
123,147,0.6957766160192539,0.6901816178184887,-0.005594998200765144
123,148,0.7108240258484646,0.7148631118506912,0.004039086002226577
123,149,0.6978761747653182,0.6997214762184585,0.0018453014531403245
123,150,0.7137099695677528,0.7106292062909281,-0.003080763276824716
123,151,0.7177095732258403,0.7114982631799991,-0.00621131004584119
123,152,0.7175768823424447,0.710539023467671,-0.007037858874773706
123,153,0.7084479092439457,0.7104221469193219,0.001974237675376189
123,154,0.7058159661365649,0.7138236611587505,0.008007695022185568
123,155,0.7137434598678649,0.7058974775388659,-0.007845982328999024
123,156,0.7216309299715529,0.7106408975640566,-0.010990032407496297
123,157,0.7213220025486655,0.7038989669315405,-0.017423035617124993
123,158,0.7200699063528625,0.7154635082506576,-0.004606398102204867
123,159,0.7099628435709835,0.7064559752403912,-0.0035068683305923276
123,160,0.7117404971564932,0.7067165973696967,-0.005023899786796515
123,161,0.7122320108188646,0.705965988568418,-0.00626602225044659
123,162,0.7167386105310308,0.7085100041814795,-0.00822860634955136
123,163,0.7063723355079272,0.7023735986478585,-0.003998736860068686
123,164,0.7171862216223011,0.7065734220318589,-0.010612799590442146
123,165,0.7088122426832735,0.7021504106099092,-0.006661832073364238
123,166,0.7057006010672664,0.7046881768221886,-0.0010124242450777476
123,167,0.7052146743163386,0.7033127288938845,-0.0019019454224540322
123,168,0.7093375880336148,0.7004543697908577,-0.008883218242757063
123,169,0.7101904589026533,0.7090356109197964,-0.0011548479828569214
123,170,0.717491752624303,0.7158729903838896,-0.0016187622404133517
123,171,0.716262870285273,0.7054478251286229,-0.010815045156650105
123,172,0.7160450997227459,0.7084414490968092,-0.007603650625936709
123,173,0.712793154447105,0.7032884193758804,-0.009504735071224624
123,174,0.7045495327776471,0.7101276551454092,0.005578122367762117
123,175,0.7095258001768897,0.7025178800266022,-0.0070079201502875055
123,176,0.6969803389687652,0.6983739469681327,0.0013936079993674966
123,177,0.7241384937240819,0.7081049128468944,-0.016033580877187537
123,178,0.7142046859630615,0.7053329119711568,-0.008871773991904752
123,179,0.7147013554085296,0.6997721805870585,-0.014929174821471158
123,180,0.7136841939949172,0.7066027678732499,-0.007081426121667289
123,181,0.7040579500632556,0.7062799893457921,0.002222039282536503
123,182,0.7145075206650134,0.7044069686396306,-0.010100552025382847
123,183,0.7074645410312372,0.7096495016779192,0.002184960646681944
123,184,0.7256581018736865,0.7144442576395279,-0.01121384423415861
123,185,0.7078499096381076,0.7016045302529355,-0.006245379385172112
123,186,0.7119597654617056,0.709022744738508,-0.00293702072319757
123,187,0.7067037507260769,0.691473111910054,-0.015230638816022934
123,188,0.7078344978228737,0.7028036764577452,-0.005030821365128446
123,189,0.7047810388887941,0.7063041048912122,0.0015230660024181386
123,190,0.7164691067119204,0.7040673746011935,-0.012401732110726926
123,191,0.7127908641130465,0.7148988856360716,0.0021080215230251387
123,192,0.7063769327884994,0.6959780226526521,-0.010398910135847372
123,193,0.7122516905983467,0.7015967039428084,-0.010654986655538323
123,194,0.707627274249931,0.700831255695161,-0.006796018554769967
123,195,0.7091518458843593,0.6985227461015364,-0.010629099782822893
123,196,0.7102314644388994,0.7029723246229269,-0.007259139815972482
123,197,0.7089906067497436,0.7150492458775333,0.0060586391277897
123,198,0.7167729829608096,0.7073696386804236,-0.009403344280386028
123,199,0.7148691900104387,0.7077785337121141,-0.007090656298324616
123,200,0.7036931479430458,0.6979256014883368,-0.005767546454709005
123,201,0.705056529323727,0.6979390034779502,-0.00711752584577674
123,202,0.700176839233274,0.6956509645547249,-0.004525874678549147
123,203,0.7214313562221046,0.713670771933157,-0.007760584288947658
123,204,0.7169553099202466,0.713327992107049,-0.0036273178131975836
123,205,0.7036535189544068,0.7004671959244393,-0.003186323029967464
123,206,0.719366419902373,0.7110762106719895,-0.008290209230383594
123,207,0.716564650123588,0.7107340781805424,-0.005830571943045704
123,208,0.7262693685340041,0.7155980357319174,-0.010671332802086764
123,209,0.6965558668140197,0.700146003406664,0.0035901365926442885
123,210,0.7267539031098893,0.7129601569494166,-0.013793746160472686
123,211,0.720301614074894,0.7155888252599767,-0.004712788814917324
123,212,0.7162639011985218,0.7111555029045838,-0.0051083982939379435
123,213,0.7166889382641168,0.7128495789559368,-0.0038393593081800237
123,214,0.7045186660283663,0.6979006628128699,-0.0066180032154964374
123,215,0.7032129470607269,0.6998777993286311,-0.0033351477320957557
123,216,0.7216172403343377,0.7097813428241095,-0.011835897510228177
123,217,0.7091873750557383,0.7057215938753459,-0.0034657811803923133
123,218,0.7089217108404862,0.6997686382630719,-0.009153072577414267
123,219,0.7154513003775995,0.7022543075627606,-0.013196992814838882
123,220,0.707077522504759,0.6982996183102843,-0.008777904194474662
123,221,0.7077737828965858,0.7016294792796507,-0.006144303616935076
123,222,0.720021562508342,0.7139032450930833,-0.0061183174152587005
123,223,0.6998929627760125,0.6973984967482215,-0.0024944660277910202
123,224,0.701806587091093,0.6975884862606765,-0.004218100830416516
123,225,0.7218090895184639,0.7144473492448671,-0.007361740273596817
123,226,0.714490716558108,0.7061114747238462,-0.008379241834261864
123,227,0.7046311287692714,0.6947723482835635,-0.009858780485707874
123,228,0.71228547571461,0.7096752110296274,-0.0026102646849825994
123,229,0.7117017654565615,0.7005942148087076,-0.011107550647853848
123,230,0.7194691090818024,0.7036328014517095,-0.015836307630092916
123,231,0.721225097725289,0.7088049982804934,-0.012420099444795607
123,232,0.7047057332280859,0.7011812891983438,-0.0035244440297421686
123,233,0.7160179002536171,0.7142195991038505,-0.0017983011497666457
123,234,0.7098676374076511,0.7091325693079658,-0.0007350680996853765
123,235,0.7100902079791707,0.7019796089277912,-0.008110599051379452
123,236,0.7177007998398082,0.7056585058502269,-0.012042293989581232
123,237,0.7290322276361532,0.7230789162546409,-0.005953311381512227
123,238,0.712395925042616,0.7151794298240816,0.0027835047814656066
123,239,0.71074335649899,0.7025878941373591,-0.008155462361630894
123,240,0.6880118915235955,0.6836861905314708,-0.004325700992124704
123,241,0.7057305500370288,0.7023824823637906,-0.003348067673238142
123,242,0.7172253307976749,0.7054765108612826,-0.011748819936392318
123,243,0.7083334634328864,0.7026558794598203,-0.005677583973066058
123,244,0.7066336474183434,0.7034033629374001,-0.003230284480943313
123,245,0.7162727420312249,0.7080355043215752,-0.00823723770964968
123,246,0.7088604324081258,0.6980760276251448,-0.010784404782981039
123,247,0.7060529780056115,0.7079048511802821,0.0018518731746706152
123,248,0.7038222956099051,0.6987789039714822,-0.005043391638422823
123,249,0.7203026515533794,0.7078090458171823,-0.012493605736197066
123,250,0.7074089057486135,0.7105763999449161,0.0031674941963025782
123,251,0.7213542269544284,0.712922828057385,-0.008431398897043363
123,252,0.709840662163346,0.7076559822275934,-0.0021846799357525537
123,253,0.6982537997748551,0.6871084296773329,-0.011145370097522256
123,254,0.7161544335322754,0.7044537330280265,-0.011700700504248873
123,255,0.7251251368104724,0.7191457953823713,-0.0059793414281010815
123,256,0.7011388165278364,0.7017574296290959,0.0006186131012595464
123,257,0.7090117746390106,0.705387023622461,-0.0036247510165495767
123,258,0.7126874371206453,0.7000074119878968,-0.012680025132748463
123,259,0.7057554037947622,0.7076201425672752,0.0018647387725130304
123,260,0.7024408630501441,0.7114284493987482,0.008987586348604082
123,261,0.7140488916820763,0.7212358737973741,0.00718698211529778
123,262,0.7106097487998595,0.7091266614158521,-0.0014830873840073755
123,263,0.7036701565949461,0.6923289063062076,-0.011341250288738558
123,264,0.7157074929956041,0.7044107275357212,-0.011296765459882896
123,265,0.7127046712192933,0.7016578684116103,-0.011046802807682998
123,266,0.7135399988672884,0.7117227786658016,-0.00181722020148678
123,267,0.7142970646296496,0.7074265290617574,-0.006870535567892189
123,268,0.7128239539430361,0.7098394244477718,-0.0029845294952642876
123,269,0.7089112071889403,0.7046119592852845,-0.004299247903655767
123,270,0.7071317186728815,0.6970795017225622,-0.010052216950319326
123,271,0.7047861547141819,0.7000007834542005,-0.0047853712599814635
123,272,0.7143054337090248,0.7013762270002237,-0.012929206708801044
123,273,0.7103193350801731,0.704205755592773,-0.0061135794874001
123,274,0.7175259261543642,0.7190487216653774,0.0015227955110131974
123,275,0.7215168190489538,0.7146218033819673,-0.00689501566698647
123,276,0.720145595018709,0.7213307503218814,0.001185155303172425
123,277,0.7062237592191332,0.6942314607453149,-0.01199229847381822
123,278,0.7134595010230408,0.7111896433655458,-0.002269857657494989
123,279,0.7147974406752811,0.7096144889242819,-0.005182951750999143
123,280,0.7174299637840036,0.7115847939131574,-0.005845169870846156
123,281,0.7079660922781852,0.7029204509667167,-0.005045641311468452
123,282,0.7055726087660388,0.6982942812692268,-0.007278327496812009
123,283,0.7064696562680849,0.7109269010718071,0.004457244803722227
123,284,0.7090922436369874,0.700690722208231,-0.008401521428756387
123,285,0.7066182264512753,0.7056494508341078,-0.0009687756171674611
123,286,0.7100742385946035,0.7032306364638057,-0.006843602130797821
123,287,0.7087020966797042,0.7058983441095481,-0.0028037525701560817
123,288,0.705713010376733,0.7044776202845224,-0.0012353900922105199
123,289,0.7156584612417587,0.7004840172270728,-0.015174444014685928
123,290,0.702769048307814,0.6941655675379076,-0.008603480769906358
123,291,0.7112683559872862,0.7049468255480034,-0.006321530439282852
123,292,0.7089588841188159,0.7064567343189263,-0.002502149799889608
123,293,0.7155946649216878,0.70243423791007,-0.013160427011617792
123,294,0.7081643555258005,0.7019246155456131,-0.006239739980187342
123,295,0.7136155872710525,0.7000367534285568,-0.013578833842495697
123,296,0.7141555492690264,0.6927938383801072,-0.02136171088891914
123,297,0.6958593411552757,0.70103192450624,0.005172583350964266
123,298,0.7033077739252016,0.7013634195450775,-0.0019443543801240804
123,299,0.7092264870775131,0.7124744757257482,0.003247988648235056
123,300,0.7050398758357994,0.7108221009080353,0.005782225072235914
123,301,0.701352228537312,0.7013593415837326,7.113046420537117e-06
123,302,0.701243256307051,0.6989442492174397,-0.0022990070896112824
123,303,0.713380513144162,0.7119890871777113,-0.001391425966450699
123,304,0.7142585986773752,0.7047339117259164,-0.009524686951458805
123,305,0.7028314073335924,0.7025984376112575,-0.0002329697223348859
123,306,0.7127296133131316,0.6958027612532298,-0.016926852059901742
123,307,0.7179737055618752,0.7089621473262278,-0.009011558235647477
123,308,0.7155599358447776,0.7064250293396824,-0.009134906505095186
123,309,0.7228261864867689,0.7119936727928629,-0.010832513693906032
123,310,0.7052649694742086,0.7055867290426366,0.0003217595684280594
123,311,0.715023168306515,0.6997163068707791,-0.015306861435735897
123,312,0.714585078029162,0.7041086253232904,-0.010476452705871608
123,313,0.7199579145160373,0.7132936159469161,-0.0066642985691212075
123,314,0.7108772157174481,0.7124797236801225,0.00160250796267436
123,315,0.7068505379515748,0.6990107965296353,-0.00783974142193955
123,316,0.7105803960277107,0.7014793404110007,-0.009101055616710041
123,317,0.7117537425591298,0.7067424620865249,-0.0050112804726049065
123,318,0.7185710197697093,0.6957520463734588,-0.022818973396250497
123,319,0.7072911031305354,0.7092163555169383,0.0019252523864028426
123,320,0.7118220752278467,0.7058043827083573,-0.006017692519489359
123,321,0.7261292566116349,0.7233151601932943,-0.002814096418340517
123,322,0.704757629058689,0.7114101834586233,0.006652554399934285
123,323,0.7151573177224355,0.7041184574689452,-0.011038860253490324
123,324,0.6976439787074452,0.7045120965679408,0.006868117860495571
123,325,0.7159805677626485,0.7062166706877072,-0.009763897074941297
123,326,0.7043380922393565,0.7010387346639176,-0.003299357575438866
123,327,0.7138862392949443,0.7080204395497589,-0.005865799745185418
123,328,0.7071775719918002,0.7012497130635458,-0.005927858928254426
123,329,0.7200387266020487,0.7236637312635199,0.0036250046614711984
123,330,0.7182951327180079,0.7143100626338829,-0.003985070084125075
123,331,0.7141737702866993,0.704587809918304,-0.009585960368395208
123,332,0.718562743180887,0.7070426316115148,-0.01152011156937216
123,333,0.7207242154795349,0.7120493485946667,-0.008674866884868182
123,334,0.705751017730319,0.7016722251275539,-0.004078792602765113
123,335,0.7148638057686438,0.7049140165212433,-0.009949789247400531
123,336,0.7119098010164169,0.7057930522323944,-0.006116748784022463
123,337,0.7116367305103622,0.6942630558185336,-0.0173736746918286
123,338,0.6982888210281483,0.6991817855691045,0.0008929645409562204
123,339,0.7133826012911026,0.7162263002783684,0.0028436989872657747
123,340,0.71845365252387,0.7141383767197873,-0.004315275804082641
123,341,0.710997027025088,0.7118958704269531,0.0008988434018650793
123,342,0.7173039462237998,0.7176169879034626,0.0003130416796628399
123,343,0.7016331691565696,0.6985658130946426,-0.0030673560619269846
123,344,0.7192632820558946,0.709125751271652,-0.010137530784242621
123,345,0.7122862203854419,0.6997654182840808,-0.012520802101361084
123,346,0.7080614092008195,0.7171574043336292,0.009095995132809676
123,347,0.7164497728690954,0.7048347381290757,-0.01161503474001968
123,348,0.7176222884559061,0.7162518370311711,-0.0013704514247350197
123,349,0.7007740901786896,0.7036122595378049,0.0028381693591152946
123,350,0.7138719584827277,0.7112712545631443,-0.002600703919583336
123,351,0.7135179929763804,0.7020692531929209,-0.011448739783459505
123,352,0.7058833449380727,0.7010125740657069,-0.0048707708723657595
123,353,0.7127552566031202,0.7044513916654218,-0.008303864937698413
123,354,0.7008154829079978,0.6964232324629904,-0.004392250445007351
123,355,0.7144115704184409,0.7059444894726319,-0.008467080945809058
123,356,0.7063327210216654,0.7068637766935144,0.0005310556718489678
123,357,0.7113667706357538,0.7127486570253878,0.0013818863896339906
123,358,0.7117502429920411,0.7132240345795782,0.001473791587537021
123,359,0.7217717095127933,0.7139771020709975,-0.007794607441795831
123,360,0.7172116664137989,0.7056706443436822,-0.011541022070116647
123,361,0.6980724005320924,0.6900416419134882,-0.00803075861860425
123,362,0.7224042835315423,0.7087864950910168,-0.013617788440525525
123,363,0.711961557525222,0.7102240182381906,-0.0017375392870314643
123,364,0.7126264932540705,0.706735495259534,-0.005890997994536407
123,365,0.7161833394016461,0.6966823806686591,-0.019500958732987073
123,366,0.7150172571984004,0.7060616312634953,-0.008955625934905065
123,367,0.7024789776620151,0.6999748248487806,-0.0025041528132344615
123,368,0.7139977918343157,0.7027149307265534,-0.011282861107762221
123,369,0.7164896297164832,0.7188792143026712,0.002389584586187987
123,370,0.7098706002503008,0.7153953003563094,0.005524700106008584
123,371,0.70194601844411,0.7036646764597678,0.001718658015657848
123,372,0.7053046994038051,0.7017035081425652,-0.003601191261239922
123,373,0.7175405935585706,0.7066090905773141,-0.010931502981256447
123,374,0.7126492163266556,0.7039093907823346,-0.008739825544320956
123,375,0.7167741380303433,0.7052689354473742,-0.011505202582969054
123,376,0.7147132853679216,0.7157911803228172,0.0010778949548956307
123,377,0.7080206961602798,0.7047589612520935,-0.0032617349081863756
123,378,0.6940487158348153,0.6856245511675074,-0.008424164667307887
123,379,0.714445792465146,0.6984131601242827,-0.016032632340863273
123,380,0.7199789998117505,0.7201337924862752,0.00015479267452467305
123,381,0.7132840901593509,0.6944270528122245,-0.018857037347126404
123,382,0.7089563482934844,0.6963887059700534,-0.012567642323430994
123,383,0.7043830077269055,0.6945420552539453,-0.00984095247296024
123,384,0.7027415811502137,0.7025808545076959,-0.00016072664251776114
123,385,0.7203087708377232,0.7208299970337688,0.0005212261960456654
123,386,0.7189889789270465,0.716695861700696,-0.002293117226350505
123,387,0.7118129307019033,0.7072741631374032,-0.004538767564500112
123,388,0.7126996009513206,0.7084221659261313,-0.004277435025189291
123,389,0.6974809964037828,0.6921171365725998,-0.005363859831183038
123,390,0.7123675044258692,0.7113987343953458,-0.0009687700305233138
123,391,0.7182537287707916,0.7123866265051987,-0.0058671022655929495
123,392,0.7107674186888179,0.7081616067341812,-0.0026058119546367164
123,393,0.7150847212936069,0.7010572106776669,-0.014027510615939986
123,394,0.7169744896522212,0.7122054371038398,-0.004769052548381447
123,395,0.7041245810039806,0.7083193839854853,0.004194802981504764
123,396,0.7193313195011928,0.7209513128903084,0.0016199933891156704
123,397,0.7188334283001231,0.7113262139998102,-0.00750721430031287
123,398,0.7088224448209808,0.7018743330693212,-0.006948111751659547
123,399,0.7117615086967608,0.7093553953721408,-0.0024061133246200406
123,400,0.7239049608112291,0.7078750761679191,-0.01602988464331001
123,401,0.7039865180782594,0.7007626192584355,-0.0032238988198238783
123,402,0.6971179092325019,0.6953664420779997,-0.0017514671545022509
123,403,0.7060009333484618,0.7084868886499125,0.002485955301450682
123,404,0.7084342557081917,0.7035063372040029,-0.004927918504188833
123,405,0.7187896588522362,0.7092580973140538,-0.009531561538182465
123,406,0.7165985703968623,0.7070727291275773,-0.009525841269284907
123,407,0.7062543632016103,0.7020404657572636,-0.004213897444346637
123,408,0.7274113099611355,0.7193160035945163,-0.008095306366619148
123,409,0.7052273624928753,0.7035483702629493,-0.0016789922299260684
123,410,0.6923334594441962,0.6896162574791604,-0.002717201965035776
123,411,0.7008218237354094,0.6943867490785889,-0.006435074656820472
123,412,0.704331941172301,0.7034474936852506,-0.0008844474870504104
123,413,0.7126048537789633,0.6990288300884026,-0.013576023690560768
123,414,0.7119323805110158,0.7099119117319143,-0.0020204687791015585
123,415,0.7037604464032359,0.6937384062608571,-0.01002204014237873
123,416,0.7085020017170607,0.7114206564032036,0.0029186546861429408
123,417,0.6992926939309184,0.6934212762921078,-0.005871417638810605
123,418,0.7030991540378206,0.7023217383420273,-0.0007774156957933709
123,419,0.7215361105282772,0.7106547869390931,-0.010881323589184033
123,420,0.7167415703713553,0.7081206770316426,-0.00862089333971272
123,421,0.7092120562619942,0.7090779546978858,-0.00013410156410842422
123,422,0.7006245709233527,0.7008538886694384,0.00022931774608569988
123,423,0.7189634281383244,0.7131980932144573,-0.005765334923867105
123,424,0.6998163845219614,0.6902108430119034,-0.009605541510057991
123,425,0.7086108510744498,0.7039781384478145,-0.004632712626635227
123,426,0.7041731255432679,0.700096077416055,-0.00407704812721299
123,427,0.716802118244047,0.7022389231730101,-0.014563195071036983
123,428,0.7089581186312317,0.6919888077741729,-0.016969310857058773
123,429,0.7149232606122791,0.7096945257425278,-0.005228734869751284
123,430,0.7072596730482745,0.6953443317391956,-0.011915341309078897
123,431,0.7007017085900655,0.7002670276675924,-0.0004346809224731185
123,432,0.7070933582309957,0.6979019419808759,-0.009191416250119877
123,433,0.733186487016039,0.7186937934531451,-0.014492693562893844
123,434,0.6971526137496797,0.694681672426894,-0.0024709413227856913
123,435,0.7087241326560783,0.698831898146282,-0.00989223450979626
123,436,0.7049480170709927,0.6979672195139459,-0.006980797557046836
123,437,0.7043276594719101,0.6949419710947784,-0.009385688377131718
123,438,0.7163403489091088,0.7017452711771387,-0.014595077731970107
123,439,0.7219284494936662,0.7100645885637573,-0.011863860929908876
123,440,0.7034557543359348,0.6978233904094977,-0.005632363926437067
123,441,0.7067795701308922,0.7054125532075444,-0.0013670169233478413
123,442,0.7045619933387379,0.707116995067611,0.0025550017288731297
123,443,0.7148273246946862,0.7111672043304791,-0.0036601203642071534
123,444,0.7127519902200072,0.7123510858270794,-0.00040090439292783664
123,445,0.703438472105326,0.7037908069638972,0.0003523348585712238
123,446,0.70778509264638,0.7040964390432799,-0.0036886536031001116
123,447,0.6998662884157636,0.7013893949474528,0.001523106531689189
123,448,0.7048175570789672,0.7003682183505406,-0.004449338728426566
123,449,0.7149521389432496,0.7034513353682699,-0.011500803574979734
123,450,0.7238339572341295,0.715712229935632,-0.008121727298497472
123,451,0.7166807477899868,0.7008942466004318,-0.015786501189555047
123,452,0.7082411450932977,0.7083107421981223,6.959710482457027e-05
123,453,0.7170232497799567,0.7112824917714349,-0.005740758008521807
123,454,0.6943798585415599,0.6841095402859301,-0.010270318255629851
123,455,0.7127668826132836,0.7168729117794943,0.004106029166210723
123,456,0.7076828597013484,0.6968329728023437,-0.01084988689900468
123,457,0.7075492380980034,0.7027967307720016,-0.0047525073260018535
123,458,0.7228698379578515,0.7172044667454247,-0.0056653712124268285
123,459,0.7135909036013435,0.711539172147338,-0.002051731454005501
123,460,0.7123161897759279,0.7036095706780601,-0.008706619097867851
123,461,0.7081051553488023,0.7105026648117113,0.0023975094629090643
123,462,0.7090466721673954,0.7104094981485163,0.0013628259811209187
123,463,0.7010926559799242,0.6972294717134887,-0.0038631842664355043
123,464,0.7197459706825053,0.7080883318790545,-0.011657638803450832
123,465,0.7051928806615226,0.6991385838597743,-0.006054296801748293
123,466,0.7109436199513166,0.6959147233508493,-0.015028896600467356
123,467,0.704652662329893,0.7119830972414837,0.007330434911590689
123,468,0.7161425482288034,0.7031157950315171,-0.0130267531972863
123,469,0.6901145378243132,0.6914266927980788,0.001312154973765578
123,470,0.7132491235425034,0.7080075854586957,-0.005241538083807673
123,471,0.7095024668675181,0.6980238128013496,-0.011478654066168437
123,472,0.7139470380586233,0.7130827363537188,-0.0008643017049044799
123,473,0.7102350108606998,0.7017599853005351,-0.008475025560164773
123,474,0.7002715771917442,0.6888581410920444,-0.011413436099699803
123,475,0.7165417879909823,0.7142687329229107,-0.0022730550680716277
123,476,0.7011158077346022,0.7066947678286677,0.005578960094065444
123,477,0.713165837829556,0.7004346840771941,-0.01273115375236189
123,478,0.712095408873064,0.7044995790701265,-0.007595829802937493
123,479,0.7059019521672553,0.711189551622511,0.005287599455255698
123,480,0.6996232287685855,0.7017680257689722,0.0021447970003867223
123,481,0.7030468493861879,0.6997610953674066,-0.003285754018781284
123,482,0.7125394168175594,0.7013148950715065,-0.011224521746052929
123,483,0.7138136775154122,0.7124595024923345,-0.001354175023077775
123,484,0.7061393187358298,0.700283258182334,-0.0058560605534958565
123,485,0.716588339624868,0.6992743816285685,-0.017313957996299534
123,486,0.7129956265850157,0.6990502142016093,-0.013945412383406408
123,487,0.6975660335205811,0.6987515785512879,0.0011855450307067805
123,488,0.7174470750285372,0.7024162620859595,-0.015030812942577687
123,489,0.7114073536160108,0.7105773789078457,-0.0008299747081651487
123,490,0.7086856678179011,0.7045932928355085,-0.004092374982392566
123,491,0.704914869930338,0.6888069811642537,-0.016107888766084377
123,492,0.7094224813184713,0.7064337077600689,-0.0029887735584024355
123,493,0.7154242211245404,0.7144842385684347,-0.0009399825561057229
123,494,0.7114501776444491,0.7048864934996153,-0.00656368414483377
123,495,0.7221871313960105,0.7146768862320694,-0.007510245163941165
123,496,0.7055876644157456,0.6977902023596719,-0.0077974620560736785
123,497,0.72360521295178,0.7183921246887748,-0.005213088263005261
123,498,0.7088068141294865,0.711347166259843,0.002540352130356416
123,499,0.708486815940373,0.7032175124634765,-0.00526930347689647
123,500,0.7094122457426364,0.6959174778432355,-0.01349476789940085
123,501,0.7167196126461641,0.7071195577180485,-0.009600054928115664
123,502,0.6981144530623699,0.7014176963607678,0.0033032432983979287
123,503,0.7071921607664675,0.7118506608720112,0.004658500105543695
123,504,0.6930345063650183,0.6953136251810321,0.0022791188160138365
123,505,0.7065518946706058,0.7024297570002819,-0.004122137670323878
123,506,0.7188537710879821,0.7068613138346245,-0.011992457253357625
123,507,0.715179523339023,0.7073713120111927,-0.007808211327830272
123,508,0.7053051865611175,0.7017647322518663,-0.0035404543092512064
123,509,0.7148669604156384,0.7199979354383153,0.005130975022676898
123,510,0.7052245666123665,0.7051094911322063,-0.00011507548016020941
123,511,0.7124269459630793,0.7037966085453471,-0.008630337417732226
123,512,0.7088594560071881,0.7053502249132538,-0.0035092310939343063
123,513,0.7110564818233924,0.6970039385570774,-0.014052543266314999
123,514,0.7193747367938762,0.7150977890637884,-0.004276947730087799
123,515,0.7187563597801951,0.704840342491573,-0.013916017288622129
123,516,0.7016538574478854,0.7014953667932473,-0.0001584906546381326
123,517,0.7212399420926949,0.716206904273858,-0.005033037818836905
123,518,0.7131124494171199,0.7124574012969941,-0.0006550481201258451
123,519,0.7089523259807535,0.7052190548681201,-0.0037332711126334406
123,520,0.710693465026705,0.7004223889964194,-0.010271076030285653
123,521,0.704930079422184,0.6942583119554404,-0.010671767466743587
123,522,0.7076609275250969,0.7065315054696474,-0.001129422055449525
123,523,0.7165668838816532,0.7065517708606616,-0.010015113020991673
123,524,0.7133377666850145,0.706139344635948,-0.007198422049066511
123,525,0.6949603589295497,0.6926416211648256,-0.0023187377647240215
123,526,0.7144923581856641,0.6992292141521321,-0.015263144033532017
123,527,0.6976767427123874,0.6938979086731447,-0.003778834039242729
123,528,0.716739251537794,0.7102010584768457,-0.006538193060948383
123,529,0.7079414250819411,0.709999152766229,0.0020577276842879133
123,530,0.706838418013384,0.7071892607926167,0.00035084277923269624
123,531,0.7167171463967601,0.7146806307410154,-0.0020365156557446973
123,532,0.7218432506739701,0.7166445617354193,-0.0051986889385507995
123,533,0.7127324727250218,0.7142330090769202,0.001500536351898396
123,534,0.6960467839482655,0.7015416094872704,0.005494825539004933
123,535,0.709573352738959,0.7156326384449454,0.00605928570598635
123,536,0.6993528925824383,0.7010460251902634,0.0016931326078251097
123,537,0.7240484562231712,0.7088069554131562,-0.015241500810014963
123,538,0.7199741884137578,0.7174263391324908,-0.002547849281267056
123,539,0.7080526798211352,0.697878197873411,-0.01017448194772419
123,540,0.7095248735967339,0.7094204093550049,-0.00010446424172894098
123,541,0.7107561936385618,0.7090475244815038,-0.0017086691570580292
123,542,0.7137170568849482,0.7097615826324708,-0.003955474252477442
123,543,0.7060517760829013,0.705525813569176,-0.0005259625137252755
123,544,0.7217793723079287,0.7003218215279242,-0.021457550780004442
123,545,0.7126212387187477,0.7078348823523275,-0.004786356366420219
123,546,0.7100581233080604,0.7082856777706262,-0.0017724455374341641
123,547,0.7236258195229989,0.7268179953019555,0.0031921757789565852
123,548,0.709300336447847,0.7093888226937393,8.848624589230525e-05
123,549,0.7015968803200308,0.6967302663453501,-0.004866613974680689
123,550,0.7078756052546789,0.7061103756140742,-0.0017652296406046597
123,551,0.7216681199022689,0.7099604890627161,-0.01170763083955273
123,552,0.7247098263827958,0.7173655181296852,-0.00734430825311061
123,553,0.7106008367616219,0.7104352226082594,-0.00016561415336246998
123,554,0.6998709560954907,0.699498001248793,-0.00037295484669763734
123,555,0.7116694789425829,0.711190402057482,-0.0004790768851009597
123,556,0.7015673783063937,0.7060395630211164,0.00447218471472266
123,557,0.7116435488352719,0.7087562770372617,-0.0028872717980101825
123,558,0.7163811102624054,0.6969448192193948,-0.01943629104301059
123,559,0.7091941196504901,0.7062651333480945,-0.0029289863023955753
123,560,0.7149949685436409,0.7009731822300592,-0.014021786313581641
123,561,0.7071513616773417,0.7018767845762535,-0.005274577101088251
123,562,0.7174276728398277,0.7124880699847695,-0.004939602855058123
123,563,0.7133098701079128,0.7187692826736003,0.005459412565687494
123,564,0.6851996763514129,0.6839439534694758,-0.0012557228819370936
123,565,0.7076440910937196,0.7037260770663452,-0.003918014027374461
123,566,0.7076073306370156,0.6997561894717776,-0.007851141165237996
123,567,0.7194046325371058,0.7082650312747517,-0.011139601262354137
123,568,0.7054387069775443,0.7004793878155744,-0.0049593191619698995
123,569,0.7042313538916318,0.7024253926753334,-0.0018059612162983907
123,570,0.7215538412665135,0.7111720725042481,-0.010381768762265375
123,571,0.7094729555095979,0.7007410260129335,-0.008731929496664348
123,572,0.707292811180105,0.7029114057568342,-0.004381405423270812
123,573,0.6983448148784377,0.7001260399820649,0.0017812251036272153
123,574,0.7086055779470882,0.7054574126495119,-0.003148165297576333
123,575,0.7112869042420413,0.7173221142613296,0.006035210019288306
123,576,0.698066160074272,0.7047906494179036,0.006724489343631568
123,577,0.7147648787695383,0.7039893270749943,-0.010775551694544028
123,578,0.7149570257838125,0.7123851632167102,-0.00257186256710229
123,579,0.7183440568893645,0.7135274697709888,-0.004816587118375737
123,580,0.7001653193039108,0.6964467929699829,-0.003718526333927885
123,581,0.7130317723904009,0.7014896043792864,-0.011542168011114518
123,582,0.7082407212436193,0.7091682444931853,0.0009275232495660202
123,583,0.7054543494673071,0.7090408742459071,0.0035865247785999976
123,584,0.7085962190475927,0.7116808772229306,0.0030846581753378732
123,585,0.7056481141881353,0.7083001516301632,0.0026520374420279103
123,586,0.7091462388273633,0.6968574910999048,-0.012288747727458471
123,587,0.7122076340456631,0.708847737085671,-0.00335989695999217
123,588,0.7140020056920677,0.7038956690209945,-0.01010633667107319
123,589,0.7142612295476379,0.7058782575913568,-0.008382971956281127
123,590,0.7270659309044448,0.7089862457075304,-0.018079685196914386
123,591,0.7133097823557523,0.7062837337260615,-0.0070260486296908065
123,592,0.7009299241960562,0.6994046364001122,-0.0015252877959439637
123,593,0.7212077512171238,0.7193545575745985,-0.0018531936425252304
123,594,0.7232748746808682,0.7185086854379861,-0.00476618924288208
123,595,0.7053719781494494,0.7085810350510681,0.0032090569016186565
123,596,0.7185965209754426,0.7054810081217057,-0.01311551285373691
123,597,0.6987770694578861,0.7024949714746851,0.003717902016799002
123,598,0.7051955878025952,0.6969885237140369,-0.008207064088558313
123,599,0.7261111860783458,0.7204707793612917,-0.005640406717054125
123,600,0.7045333115597547,0.7043540765493431,-0.00017923501041161582
123,601,0.7153947846603614,0.7168760625776718,0.0014812779173103419
123,602,0.7150464232024762,0.712150434893205,-0.0028959883092712913
123,603,0.7141631409306265,0.7052186062005451,-0.008944534730081388
123,604,0.7029592469486069,0.6998347864729452,-0.003124460475661728
123,605,0.711386525465416,0.7074521807519355,-0.003934344713480531
123,606,0.6986983391961454,0.7041763506547745,0.0054780114586290285
123,607,0.7168483657297675,0.7155600600711121,-0.001288305658655453
123,608,0.7074836450519782,0.7105427696695341,0.003059124617555864
123,609,0.7086140984451086,0.7092542638203789,0.0006401653752703407
123,610,0.7112279612256971,0.703688111741954,-0.0075398494837430885
123,611,0.7159637014818494,0.7076811383081192,-0.008282563173730217
123,612,0.7135240199612963,0.7165965705216626,0.0030725505603662606
123,613,0.7091036008386302,0.7058666063428534,-0.003236994495776857
123,614,0.7069049841183067,0.709390719715616,0.0024857355973092465
123,615,0.7136858320464275,0.7145041298105796,0.0008182977641520983
123,616,0.7172406224057502,0.7135676234689761,-0.0036729989367740856
123,617,0.7052310060986953,0.7000500834437244,-0.005180922654970832
123,618,0.7170369468990099,0.7174852161506493,0.00044826925163943265
123,619,0.708681346307083,0.7081711908313053,-0.0005101554757777071
123,620,0.7111867425084833,0.7117354175805851,0.0005486750721017675
123,621,0.7109229318430421,0.7045610802847104,-0.006361851558331688
123,622,0.7197024951426942,0.714375415509498,-0.00532707963319623
123,623,0.7117663974584441,0.7102312889435717,-0.0015351085148723742
123,624,0.7115922750616279,0.7063815528934316,-0.005210722168196291
123,625,0.7118436335882495,0.70667869691902,-0.0051649366692295695
123,626,0.7099041474524199,0.7030608003756126,-0.006843347076807338
123,627,0.7051703759144753,0.7015389448726242,-0.003631431041851041
123,628,0.7076172420998637,0.69961690470786,-0.008000337392003676
123,629,0.7243788884461223,0.7092254790290101,-0.015153409417112185
123,630,0.7104451965521967,0.70463105838904,-0.005814138163156679
123,631,0.6993716532801133,0.6938123044778084,-0.005559348802304909
123,632,0.703785226108275,0.7013114608392734,-0.00247376526900156
123,633,0.7097965637179727,0.7045205351313728,-0.0052760285865999235
123,634,0.7147120816110536,0.7086006569052941,-0.006111424705759538
123,635,0.709139038857041,0.6985025736596824,-0.010636465197358613
123,636,0.7068737097830082,0.6997835629448546,-0.007090146838153677
123,637,0.7055166785283945,0.702996879585478,-0.00251979894291654
123,638,0.7098704165811025,0.7042203522630242,-0.005650064318078352
123,639,0.7062999651531106,0.6991864038057178,-0.007113561347392716
123,640,0.7206380452492485,0.7157672988618076,-0.004870746387440894
123,641,0.7018711942142952,0.6997853340469282,-0.002085860167367004
123,642,0.7033889625945884,0.7019281293562394,-0.001460833238349002
123,643,0.714906040465535,0.7104405746873581,-0.004465465778176858
123,644,0.719485426578193,0.7083488288493665,-0.01113659772882658
123,645,0.710316529163626,0.7020382958546829,-0.008278233308943062
123,646,0.6982877327835934,0.6942264509371407,-0.004061281846452602
123,647,0.7014646022631494,0.7004051951517616,-0.0010594071113878556
123,648,0.7060936926647577,0.7053355214275756,-0.000758171237182137
123,649,0.7116778641811545,0.7134422501553781,0.0017643859742235701
123,650,0.7042743011848773,0.7033681925016149,-0.0009061086832624632
123,651,0.7074173687034093,0.705045673951155,-0.002371694752254294
123,652,0.7148995898498187,0.7087109630243963,-0.0061886268254224275
123,653,0.7071471171888191,0.6952939014774945,-0.011853215711324583
123,654,0.7116911815141118,0.7064207871973048,-0.005270394316806981
123,655,0.7193014370707366,0.710694720583064,-0.008606716487672528
123,656,0.7223265766120104,0.7077972224958624,-0.014529354116147974
123,657,0.7029954522337465,0.6960570534080289,-0.006938398825717562
123,658,0.6993969043060426,0.7044176592310667,0.0050207549250240735
123,659,0.714812681646227,0.7075564309186885,-0.007256250727538549
123,660,0.7106094143905217,0.7005957962892873,-0.010013618101234467
123,661,0.7210493253012086,0.7138795432839754,-0.007169782017233173
123,662,0.7085511193713667,0.6971120268047903,-0.011439092566576381
123,663,0.7110034498069115,0.7089327190704477,-0.0020707307364637995
123,664,0.7128837752712114,0.7121136612192162,-0.0007701140519952299
123,665,0.722267992579844,0.6995693955908646,-0.022698596988979358
123,666,0.703295298730432,0.6927715087847824,-0.010523789945649509
123,667,0.7007640824342489,0.698342192474731,-0.0024218899595179755
123,668,0.7169973001192982,0.7112078895590936,-0.005789410560204544
123,669,0.7072263538133505,0.7042822486599413,-0.00294410515340926
123,670,0.7137426907139028,0.7095059929294596,-0.004236697784443244
123,671,0.7074508027883027,0.704119375930909,-0.003331426857393738
123,672,0.7111827780605529,0.6997200058011125,-0.011462772259440368
123,673,0.7185392824855614,0.7070463885191066,-0.011492893966454809
123,674,0.7077541801687084,0.7017518413097041,-0.006002338859004253
123,675,0.7148829144036132,0.6999374499479241,-0.014945464455689117
123,676,0.718869502957212,0.705089742611267,-0.013779760345944969
123,677,0.7181813636845227,0.7117642611921295,-0.006417102492393134
123,678,0.7069639297362722,0.702621887348414,-0.00434204238785818
123,679,0.7206261158503966,0.7187824279636066,-0.001843687886790013
123,680,0.7225510106194858,0.7155991943535229,-0.006951816265962862
123,681,0.7110624305953147,0.7112559649533031,0.0001935343579884119
123,682,0.6932353559867075,0.6843777842634297,-0.008857571723277835
123,683,0.7187734907196882,0.7010855442173154,-0.01768794650237282
123,684,0.7079356056687263,0.6917903274451027,-0.01614527822362355
123,685,0.7148171990267014,0.7121179439324652,-0.002699255094236186
123,686,0.7211395275540284,0.7084113801052041,-0.012728147448824334
123,687,0.6894157915770435,0.6911348523632823,0.0017190607862388463
123,688,0.7003285392908309,0.7011468311784899,0.0008182918876589174
123,689,0.7024046969334444,0.702099401026435,-0.00030529590700945075
123,690,0.7077162957455652,0.7089400316202609,0.0012237358746957083
123,691,0.7052267293891793,0.7086019536760966,0.0033752242869172777
123,692,0.7039522074940354,0.7083533330251628,0.00440112553112737
123,693,0.706202088887364,0.7013875913579226,-0.004814497529441408
123,694,0.7155849708077331,0.7054078651508995,-0.010177105656833607
123,695,0.7039373544642198,0.7074048627767164,0.0034675083124966477
123,696,0.7148006295060527,0.7089393222555298,-0.005861307250522918
123,697,0.7153466263876593,0.7151168232887983,-0.00022980309886100336
123,698,0.7192297393373324,0.697512752292098,-0.021716987045234393
123,699,0.7144243040899847,0.7157983726570069,0.0013740685670221575
123,700,0.706237819310183,0.7012631041749444,-0.0049747151352386165
123,701,0.7127241041109877,0.7038330726826858,-0.008891031428301943
123,702,0.7103779147744687,0.702694185609472,-0.0076837291649966
123,703,0.7012629093903759,0.702615642481012,0.0013527330906361046
123,704,0.7036892070793381,0.7034523495047945,-0.0002368575745436141
123,705,0.7099148450559352,0.7116179043069543,0.0017030592510191012
123,706,0.6980480466823943,0.6927350497703295,-0.005312996912064771
123,707,0.7218026224709932,0.7067797256873918,-0.01502289678360147
123,708,0.7075143834737476,0.7056986255110731,-0.0018157579626745246
123,709,0.7139204642271157,0.7105382201743142,-0.0033822440528015196
123,710,0.7172943980587189,0.7064508915961311,-0.010843506462587804
123,711,0.7221642895605445,0.7175669725056701,-0.004597317054874317
123,712,0.709178989231621,0.7091669219059739,-1.2067325647180382e-05
123,713,0.7141020512023938,0.7057008188893645,-0.00840123231302925
123,714,0.7105152495621856,0.7021013445501256,-0.008413905012059963
123,715,0.7067160272252351,0.7010314896123631,-0.00568453761287202
123,716,0.7180266412468466,0.7130536528671488,-0.004972988379697729
123,717,0.7036545531454674,0.6989665509429045,-0.004688002202562935
123,718,0.7037951442828148,0.7007879306332436,-0.0030072136495711277
123,719,0.7118885906409216,0.7121821001337372,0.00029350949281559124
123,720,0.698519068882046,0.7051351458280419,0.0066160769459959745
123,721,0.717082470945273,0.7061101002152836,-0.010972370729989356
123,722,0.7115131185485375,0.7106477863870585,-0.0008653321614789933
123,723,0.698986261122029,0.6955044347966782,-0.0034818263253507675
123,724,0.7182128289814325,0.7213902364285999,0.003177407447167435
123,725,0.7112893219035565,0.6993979292060841,-0.011891392697472414
123,726,0.7080919635677849,0.702692452019163,-0.005399511548621949
123,727,0.7169874218463341,0.7142656098144855,-0.002721812031848625
123,728,0.6972271643397869,0.6922685667026882,-0.004958597637098716
123,729,0.7154345698017602,0.7039938943089996,-0.011440675492760621
123,730,0.7057051064284531,0.7008268457016003,-0.004878260726852823
123,731,0.7135944557224403,0.7071989611401062,-0.006395494582334127
123,732,0.7052708359761586,0.6932669567573939,-0.012003879218764668
123,733,0.6984372763771103,0.7004605458059044,0.002023269428794161
123,734,0.7132050356046198,0.7165523332301498,0.003347297625529988
123,735,0.708494161778521,0.705470092862683,-0.003024068915837952
123,736,0.711879795403123,0.7092966373797672,-0.002583158023355736
123,737,0.7111411103197968,0.7080700121089238,-0.0030710982108729246
123,738,0.7144679257224529,0.7133274278182686,-0.0011404979041842456
123,739,0.7211518447609391,0.7134320525068242,-0.007719792254114899
123,740,0.7106406591167326,0.7072835697238637,-0.0033570893928688283
123,741,0.6988329856374625,0.6986211752672089,-0.00021181037025364002
123,742,0.7174792205427164,0.7010613092278293,-0.016417911314887124
123,743,0.693852525013657,0.6904030551477617,-0.003449469865895338
123,744,0.7027853679572585,0.6992049664567634,-0.0035804015004951006
123,745,0.7112370528985843,0.703019214475695,-0.008217838422889256
123,746,0.7103073317553263,0.7072842402391233,-0.003023091516203058
123,747,0.7032753320257011,0.6972362668105856,-0.006039065215115547
123,748,0.7109554022095821,0.7052816510756894,-0.005673751133892679
123,749,0.7113434344155063,0.7017893697216635,-0.00955406469384279
123,750,0.7122167791979206,0.7115866526016524,-0.0006301265962681546
123,751,0.7067797645369096,0.6972637763945418,-0.00951598814236776
123,752,0.7120560225926473,0.7060473010725289,-0.006008721520118443
123,753,0.7062390254500661,0.7039243169942354,-0.002314708455830705
123,754,0.7176057659123241,0.705392205022979,-0.01221356088934511
123,755,0.7130046759342714,0.7024187016609608,-0.01058597427331065
123,756,0.7036256841143151,0.704487848919122,0.0008621648048068309
123,757,0.7149741677714073,0.7117773659077957,-0.003196801863611598
123,758,0.7048342305664661,0.7069274745888363,0.002093244022370211
123,759,0.7027553883383482,0.6940209571193445,-0.008734431219003636
123,760,0.6985039959808099,0.7014005174066444,0.0028965214258345195
123,761,0.7065641541206713,0.6990822952446498,-0.0074818588760214855
123,762,0.7062025580500148,0.6962197845543927,-0.009982773495622044
123,763,0.7117145340753668,0.7008316091826939,-0.01088292489267284
123,764,0.7094479366790624,0.692155560555137,-0.017292376123925313
123,765,0.7094240884936593,0.6990645051818334,-0.01035958331182596
123,766,0.7092572864624613,0.7087900197059211,-0.00046726675654018557
123,767,0.6992149203091997,0.6909031336643016,-0.008311786644898178
123,768,0.7077858923553304,0.7082642084570256,0.00047831610169524197
123,769,0.7053950142193625,0.6998490040329648,-0.005546010186397665
123,770,0.6963092811787752,0.6955536587961462,-0.0007556223826290509
123,771,0.7121319839547459,0.7075429368455597,-0.004589047109186173
123,772,0.7153873693043187,0.7145151920524155,-0.000872177251903139
123,773,0.709796917498032,0.7017520292951136,-0.008044888202918377
123,774,0.7144785259699278,0.7123360738707962,-0.002142452099131553
123,775,0.7111727359609522,0.6973581969285472,-0.013814539032405038
123,776,0.7188947275134765,0.7162464054495136,-0.002648322063962927
123,777,0.7239915863686,0.7143939065839622,-0.00959767978463777
123,778,0.7032100163581517,0.7035625526962472,0.00035253633809551044
123,779,0.6985925144344484,0.6945322044976362,-0.0040603099368121676
123,780,0.7206413385279107,0.7054199732547877,-0.015221365273123011
123,781,0.7136591509572557,0.7052762443771297,-0.008382906580126082
123,782,0.706842591155441,0.7012720771120409,-0.005570514043400143
123,783,0.7006845291481281,0.7037344964438241,0.0030499672956960655
123,784,0.7143046835244975,0.7093108664376614,-0.004993817086836105
123,785,0.6965212344358042,0.6919497060809034,-0.004571528354900711
123,786,0.7107227004658327,0.703953150454188,-0.006769550011644698
123,787,0.716106674838855,0.7101174895927191,-0.005989185246135897
123,788,0.7157092601376699,0.7065448023010512,-0.009164457836618678
123,789,0.7115186573497628,0.7146838497836621,0.003165192433899233
123,790,0.7189468307161836,0.7153606978107898,-0.0035861329053937796
123,791,0.712822190020654,0.7012315776872535,-0.011590612333400419
123,792,0.7078895071438278,0.696911180367733,-0.010978326776094782
123,793,0.7132614453067894,0.7109910055779103,-0.002270439728879081
123,794,0.7175029230608974,0.7127654198706024,-0.004737503190294978
123,795,0.7085729588681121,0.7000400618939207,-0.008532896974191462
123,796,0.7201725353425737,0.7059312397653481,-0.014241295577225643
123,797,0.7097778495405809,0.711160233642781,0.0013823841022001515
123,798,0.7065688927196063,0.6968849667726562,-0.009683925946950112
123,799,0.7123873748051679,0.7068260018385919,-0.005561372966575995
123,800,0.6943626893167726,0.6913553943771493,-0.0030072949396232618
123,801,0.7063572389409014,0.7028423809478519,-0.003514857993049514
123,802,0.7079460263763406,0.7087412040187226,0.0007951776423820167
123,803,0.7109084350571214,0.695280267093561,-0.01562816796356037
123,804,0.7100151495800748,0.7075895536560133,-0.002425595924061552
123,805,0.7142146922446808,0.7104354941951527,-0.0037791980495280875
123,806,0.7084718478360061,0.7002751905131985,-0.00819665732280761
123,807,0.7052755309278402,0.6976894402240983,-0.007586090703741943
123,808,0.72211753683922,0.7134099594780337,-0.008707577361186325
123,809,0.7086452948504954,0.7003116939293001,-0.008333600921195283
123,810,0.7179939879838921,0.6994292569668847,-0.018564731017007396
123,811,0.706047350751763,0.7074527741375344,0.0014054233857714316
123,812,0.7098493596025525,0.7018694432844774,-0.007979916318075042
123,813,0.7151497789272256,0.7116155840081962,-0.0035341949190293986
123,814,0.7089615070472037,0.7045282157193817,-0.004433291327821998
123,815,0.7044526748130383,0.6972193632235957,-0.007233311589442626
123,816,0.7052280439448808,0.7001541742997635,-0.005073869645117357
123,817,0.7219267635999846,0.7230265899247841,0.0010998263247994355
123,818,0.708964125752567,0.7045875924790896,-0.004376533273477312
123,819,0.7042492894998791,0.7009879723773383,-0.003261317122540741
123,820,0.7057849789628143,0.7121479470632736,0.006362968100459221
123,821,0.6962660419944293,0.698929291362683,0.002663249368253684
123,822,0.7083207466363388,0.7016654564632616,-0.0066552901730772
123,823,0.7239392186414795,0.7149681820463225,-0.008971036595156967
123,824,0.7022564340456882,0.7089923617164993,0.006735927670811104
123,825,0.7139473271711505,0.7081563352724141,-0.005790991898736442
123,826,0.7086911856181856,0.6999205308604819,-0.008770654757703666
123,827,0.7208568169588063,0.7157999521775891,-0.005056864781217252
123,828,0.7151430030847523,0.712751924849409,-0.002391078235343347
123,829,0.715277167903785,0.7034924941660423,-0.011784673737742724
123,830,0.7154201797559058,0.7020513993490505,-0.013368780406855296
123,831,0.7089401956353298,0.700659472587118,-0.008280723048211813
123,832,0.6950171077173983,0.6933184124675127,-0.00169869524988564
123,833,0.7125103904608695,0.713947641254498,0.0014372507936285528
123,834,0.7139225652312591,0.7082396875395457,-0.005682877691713384
123,835,0.7102864583730489,0.7024579220418624,-0.00782853633118652
123,836,0.7176065827661491,0.7101658260449426,-0.007440756721206476
123,837,0.706563503544372,0.6964044997451171,-0.01015900379925494
123,838,0.6990074836657856,0.6925920296966578,-0.006415453969127793
123,839,0.706062260737387,0.7043104309225332,-0.001751829814853778
123,840,0.7107063639788103,0.70030297504422,-0.010403388934590252
123,841,0.7070322909192284,0.705321682950097,-0.0017106079691313614
123,842,0.7167787940844136,0.7106703512656357,-0.0061084428187778705
123,843,0.6996766906842332,0.6915263329280322,-0.008150357756200988
123,844,0.7095127678046604,0.7110408830548592,0.0015281152501988027
123,845,0.7084793190672957,0.7145418365960241,0.006062517528728439
123,846,0.7086176126668975,0.706407790638339,-0.0022098220285584613
123,847,0.7129241428034118,0.7077282291078665,-0.0051959136955452845
123,848,0.6991402735239289,0.6953754387546908,-0.003764834769238168
123,849,0.7008176625397409,0.701245981721323,0.00042831918158214854
123,850,0.7078383014802891,0.7041718727436135,-0.0036664287366756643
123,851,0.7249447313089505,0.7164004078237347,-0.008544323485215832
123,852,0.7036013566223721,0.711123051602461,0.007521694980088922
123,853,0.7100537627350649,0.7008670238960292,-0.009186738839035757
123,854,0.70600831911013,0.6996605844531913,-0.006347734656938608
123,855,0.7054512862592368,0.7006475575935113,-0.004803728665725537
123,856,0.724205509080358,0.7129399311522975,-0.011265577928060488
123,857,0.7093800040510553,0.7039027500970105,-0.005477253954044747
123,858,0.7167826647861925,0.7151951059897645,-0.0015875587964279125
123,859,0.7142221305099751,0.7019309306368231,-0.01229119987315197
123,860,0.7090114793247444,0.7045746657786154,-0.004436813546129015
123,861,0.71267444623482,0.7082419586750393,-0.004432487559780762
123,862,0.717064786719696,0.7130756889581898,-0.003989097761506133
123,863,0.7177635423107036,0.7092978637590327,-0.008465678551670908
123,864,0.7190400731267385,0.7104492450361078,-0.008590828090630609
123,865,0.7090577605440259,0.6992836009796397,-0.009774159564386209
123,866,0.7085155380368273,0.6971023551504538,-0.011413182886373496
123,867,0.7113638758735172,0.7006669100193819,-0.010696965854135376
123,868,0.7020589512798043,0.7044137164365052,0.0023547651567008554
123,869,0.7093204453015655,0.6994620347170563,-0.009858410584509203
123,870,0.7063193064049242,0.7080680542756976,0.0017487478707733928
123,871,0.7070165381158261,0.7050789792199667,-0.001937558895859448
123,872,0.7076160022604794,0.700551030177504,-0.007064972082975407
123,873,0.7137963456913796,0.7003553022612335,-0.013441043430146071
123,874,0.7042545465023824,0.7029123313475709,-0.001342215154811477
123,875,0.7123692278589484,0.7063456857908204,-0.006023542068128052
123,876,0.7137859147641656,0.7037560609398242,-0.010029853824341406
123,877,0.7163459085111235,0.7066582815658353,-0.00968762694528813
123,878,0.7123731964582924,0.6993570713494115,-0.01301612510888095
123,879,0.7139221856171731,0.6990269277363882,-0.01489525788078494
123,880,0.7180556883477709,0.7097147386737248,-0.008340949674046083
123,881,0.7088799667808403,0.7147645017074434,0.005884534926603124
123,882,0.6964520721794496,0.7041023955590408,0.007650323379591151
123,883,0.709067263579404,0.7016122476395261,-0.0074550159398778515
123,884,0.7084104189365648,0.7109362027798427,0.002525783843277951
123,885,0.7060096454293892,0.7089470780523035,0.002937432622914349
123,886,0.7052153343540122,0.6998234557827594,-0.005391878571252784
123,887,0.7181967561699869,0.7143991986980739,-0.0037975574719130156
123,888,0.7152937068004266,0.7071548680653061,-0.008138838735120446
123,889,0.6956897933409458,0.6950450863588233,-0.0006447069821224893
123,890,0.7155302851972725,0.7100507319865705,-0.005479553210701926
123,891,0.7117974949048993,0.7086493995577654,-0.0031480953471338946
123,892,0.701439400203409,0.7025705599635799,0.0011311597601708634
123,893,0.7230252829603667,0.7087157568052748,-0.014309526155091956
123,894,0.7129088127681182,0.7061642321048553,-0.006744580663262889
123,895,0.7103123393229858,0.7060852569037099,-0.004227082419275829
123,896,0.7060246726141164,0.7018124666714673,-0.004212205942649039
123,897,0.710105747527946,0.7025041599305042,-0.0076015875974417835
123,898,0.699000639806501,0.6946365715043717,-0.004364068302129209
123,899,0.7092072221858565,0.7010738152045782,-0.00813340698127829
123,900,0.6953200418141624,0.6901510104914236,-0.005169031322738826
123,901,0.7178244570049417,0.7102386355426493,-0.007585821462292364
123,902,0.715884093470432,0.713150812509866,-0.00273328096056602
123,903,0.6956826979612467,0.7052969450803687,0.009614247119121955
123,904,0.7150805847801489,0.7044407679640978,-0.010639816816051084
123,905,0.7144541785474618,0.709767025058579,-0.004687153488882823
123,906,0.7041274901764913,0.7027843479746994,-0.0013431422017919914
123,907,0.6935438284810044,0.699689278698389,0.006145450217384663
123,908,0.7096888005666484,0.6940879817443142,-0.015600818822334217
123,909,0.7117249748814856,0.7019888729567811,-0.009736101924704421
123,910,0.710306544071691,0.698477473893631,-0.011829070178060008
123,911,0.7253978641282406,0.7113424615069925,-0.014055402621248048
123,912,0.7050718623407127,0.7041693088471779,-0.0009025534935348523
123,913,0.7066387034692779,0.6948395726996244,-0.011799130769653554
123,914,0.7101476100890967,0.7096968255267828,-0.000450784562313844
123,915,0.6962302184372751,0.7030895383378482,0.006859319900573091
123,916,0.7046201218894678,0.6948048132446845,-0.009815308644783305
123,917,0.713367861226218,0.7124711964929242,-0.0008966647332937505
123,918,0.7136832235430621,0.7031625230387857,-0.010520700504276448
123,919,0.705736573095645,0.703503202604854,-0.0022333704907909757
123,920,0.7160314259068861,0.7159031886182754,-0.0001282372886106664
123,921,0.7098172036791632,0.7074540900519437,-0.0023631136272195263
123,922,0.7058225150722643,0.6963958894536105,-0.009426625618653817
123,923,0.7104791791267482,0.7058275121984958,-0.004651666928252363
123,924,0.7153227639845101,0.7052172756094792,-0.010105488375030891
123,925,0.7210782518579595,0.7115869516112405,-0.009491300246718959
123,926,0.7037561871750321,0.6972840720230549,-0.006472115151977209
123,927,0.7066205176604847,0.702932619100731,-0.0036878985597537106
123,928,0.7194851397369262,0.7141908973936516,-0.00529424234327458
123,929,0.7266627758515835,0.7133652197543665,-0.013297556097216945
123,930,0.702977273039268,0.700145424883319,-0.002831848155949057
123,931,0.7089950452711612,0.7146028323829319,0.005607787111770679
123,932,0.7303909011472695,0.7092499114481685,-0.021140989699100943
123,933,0.6965584639111632,0.6954113346990329,-0.0011471292121302268
123,934,0.7106076318012897,0.6980574373406994,-0.012550194460590358
123,935,0.7218910926499826,0.7121685403881214,-0.00972255226186125
123,936,0.7142805702869409,0.70636756721639,-0.007913003070550872
123,937,0.7067390693450619,0.7130879661326339,0.006348896787572
123,938,0.698178171191812,0.7037458922616185,0.005567721069806519
123,939,0.7183741512139056,0.7180246015988541,-0.0003495496150515143
123,940,0.7142954487439988,0.706371366550343,-0.007924082193655702
123,941,0.7232533630742937,0.7122477540623537,-0.01100560901193992
123,942,0.7091401710455052,0.7069983655824635,-0.002141805463041657
123,943,0.7025626383051985,0.6947909511689278,-0.007771687136270744
123,944,0.7135255385625279,0.706433695534681,-0.0070918430278468225
123,945,0.699476869629168,0.702824154771216,0.003347285142047962
123,946,0.7001769710930537,0.6974122231940174,-0.002764747899036246
123,947,0.7139557380883506,0.7043323375850437,-0.0096234005033069
123,948,0.7009123026678497,0.7100198584629267,0.00910755579507705
123,949,0.6911821775888595,0.695966074815067,0.004783897226207534
123,950,0.7097049869004138,0.7110623628436371,0.0013573759432232713
123,951,0.7037187911162837,0.7065839389176275,0.002865147801343837
123,952,0.7061693591750795,0.7040283628326487,-0.002140996342430812
123,953,0.715558487744846,0.7119751993794061,-0.003583288365439863
123,954,0.7062180900894401,0.7047904002643838,-0.0014276898250563663
123,955,0.7043342769374834,0.7070546504114905,0.0027203734740071095
123,956,0.7164447917209955,0.7145794304097752,-0.0018653613112202816
123,957,0.7099247696823987,0.6995301362658468,-0.01039463341655189
123,958,0.6955275607919849,0.7053981712651847,0.009870610473199815
123,959,0.7225087604277334,0.7167984498406007,-0.005710310587132672
123,960,0.720266622903984,0.7186467381234067,-0.0016198847805772854
123,961,0.7146181855233058,0.7006585322971663,-0.013959653226139457
123,962,0.7187664552431725,0.7145735822149961,-0.0041928730281763915
123,963,0.7094916814029069,0.7068341597099022,-0.002657521693004705
123,964,0.7165590627550902,0.6981766296215308,-0.01838243313355936
123,965,0.7150349642686088,0.7035302037688332,-0.011504760499775557
123,966,0.704090867515933,0.7020307365070051,-0.002060131008927879
123,967,0.7017512359743907,0.6907545397203001,-0.01099669625409061
123,968,0.7042115253481527,0.6926546943061879,-0.01155683104196481
123,969,0.7120740809513759,0.7078162265020294,-0.004257854449346565
123,970,0.7091700149126392,0.7023461912089073,-0.006823823703731913
123,971,0.7037985841481418,0.6996752408050901,-0.004123343343051644
123,972,0.7094012847334685,0.6996429104945953,-0.009758374238873269
123,973,0.7077648118487472,0.6979415484617912,-0.009823263386955938
123,974,0.7158205362536834,0.7063773829812416,-0.009443153272441718
123,975,0.7082060574121847,0.7051775842680116,-0.003028473144173094
123,976,0.7060087574464073,0.7035825813045233,-0.0024261761418840067
123,977,0.7064614425241954,0.7109593285023705,0.004497885978175131
123,978,0.725834773427068,0.7130287688417178,-0.012806004585350195
123,979,0.7086224910068988,0.7056220654272402,-0.0030004255796586277
123,980,0.7153630104043887,0.7088089297761082,-0.006554080628280445
123,981,0.7126265099130213,0.7037474213234008,-0.008879088589620499
123,982,0.7112490161120751,0.6981951024354422,-0.013053913676632889
123,983,0.7096641774132599,0.7070418992131541,-0.0026222782001058542
123,984,0.7079319196536424,0.700921734509744,-0.007010185143898395
123,985,0.7056213028578698,0.6976614956315317,-0.007959807226338156
123,986,0.701352987428866,0.700816916708464,-0.0005360707204019599
123,987,0.693955934162839,0.7076943041876229,0.013738370024783952
123,988,0.7138853542607474,0.7076546152427753,-0.006230739017972109
123,989,0.7159691542411721,0.7075724466314635,-0.008396707609708676
123,990,0.7090999642683482,0.702527359099971,-0.00657260516837721
123,991,0.7117693324198981,0.7075576028386668,-0.004211729581231394
123,992,0.7062824043648526,0.69875363170113,-0.007528772663722538
123,993,0.706280347073602,0.7036041267031798,-0.0026762203704221443
123,994,0.6980912995700002,0.6899093605000434,-0.00818193906995679
123,995,0.7154549825125678,0.7122243988485275,-0.0032305836640402763
123,996,0.707514258363205,0.7080651018076642,0.0005508434444592147
123,997,0.719729433250327,0.7095407630556924,-0.010188670194634653
123,998,0.7034771414536505,0.7030252109512676,-0.00045193050238290233
123,999,0.6939628482848081,0.6976423642682719,0.0036795159834637214
123,1000,0.7056623875355854,0.7058098757860913,0.00014748825050592274
123,1001,0.7135499685615292,0.7069334425445818,-0.006616526016947399
123,1002,0.718790850306364,0.7070803692272964,-0.01171048107906758
123,1003,0.7081402944290587,0.6967018052625865,-0.011438489166472166
123,1004,0.7114924774744491,0.7147134923691348,0.0032210148946857364
123,1005,0.7181822137723086,0.7108063039339916,-0.007375909838317041
123,1006,0.7034925740132338,0.7045219104411634,0.0010293364279295725
123,1007,0.7017406225598786,0.694097355599421,-0.007643266960457584
123,1008,0.7171368460788321,0.7120522740235355,-0.0050845720552965545
123,1009,0.7228986916656877,0.7182342470420299,-0.004664444623657782
123,1010,0.7118931632881715,0.7103742106761844,-0.00151895261198709
123,1011,0.6997846085481267,0.7016087985778228,0.0018241900296960267
123,1012,0.7130078388297264,0.7161900594641927,0.0031822206344662707
123,1013,0.7079693979555609,0.6989611524776654,-0.009008245477895471
123,1014,0.7135023826268156,0.7153864718447573,0.001884089217941698
123,1015,0.7071450703946822,0.713456791393563,0.0063117209988807765
123,1016,0.7100140068414359,0.703665745505573,-0.006348261335862859
123,1017,0.7084270470440015,0.7004661917013518,-0.007960855342649675
123,1018,0.712593825824204,0.7106615949045191,-0.001932230919684974
123,1019,0.7256406439917162,0.7160438465469876,-0.009596797444728633
123,1020,0.7096763532297203,0.7020752195270064,-0.00760113370271398
123,1021,0.7244979814595933,0.70913332235162,-0.015364659107973355
123,1022,0.6997671043282081,0.6932722299652387,-0.006494874362969361
123,1023,0.7237110832416418,0.7183277144641507,-0.0053833687774911265
123,1024,0.7028304292692491,0.6959642460269961,-0.006866183242252966
123,1025,0.7172158582757511,0.7121953537196037,-0.005020504556147332
123,1026,0.7106595196485912,0.7092276620658121,-0.0014318575827790836
123,1027,0.7067156441464397,0.7010521149767108,-0.005663529169728898
123,1028,0.7071506265739845,0.6985660535448,-0.008584573029184583
123,1029,0.7176629088939137,0.7143748025264152,-0.0032881063674985445
123,1030,0.6985051364067523,0.6893620711243457,-0.009143065282406604
123,1031,0.7181515081000729,0.7179538593667409,-0.00019764873333194544
123,1032,0.7122783363713506,0.7072815654103398,-0.00499677096101081
123,1033,0.7076454954282388,0.7081585791403426,0.0005130837121037901
123,1034,0.7056278884007521,0.7050298111908129,-0.0005980772099392073
123,1035,0.706281084785065,0.6981982774213418,-0.008082807363723243
123,1036,0.7010864508209302,0.7025350530337673,0.0014486022128370468
123,1037,0.7114461352948003,0.7059225668480195,-0.005523568446780813
123,1038,0.6968720578703312,0.6914926367421439,-0.005379421128187345
123,1039,0.7011623154969736,0.6999712545224499,-0.0011910609745237055
123,1040,0.7095637401545173,0.7005047537718334,-0.009058986382683876
123,1041,0.7069602199841634,0.6991925227089282,-0.007767697275235186
123,1042,0.7184639131587757,0.7080362030457855,-0.010427710112990152
123,1043,0.7176267574313567,0.7076622641944457,-0.009964493236911065
123,1044,0.704518293946497,0.7011409157481338,-0.0033773781983632567
123,1045,0.6974986896611242,0.7016969406801596,0.004198251019035482
123,1046,0.6965324024467141,0.6959197294552634,-0.0006126729914507356
123,1047,0.7175521694446516,0.715720413093069,-0.001831756351582614
123,1048,0.7142816202419676,0.7126699465680528,-0.001611673673914793
123,1049,0.7061658754289957,0.7025374026737456,-0.003628472755250023
123,1050,0.702766389477584,0.7036803202358485,0.000913930758264514
123,1051,0.7090048385056069,0.7136023901824113,0.004597551676804423
123,1052,0.718880618886684,0.7078747775610499,-0.011005841325634091
123,1053,0.7098273464203336,0.7063772186058268,-0.0034501278145068204
123,1054,0.6997608702814906,0.6935870983252017,-0.006173771956288876
123,1055,0.7073621147538436,0.7001260395722736,-0.00723607518156999
123,1056,0.7112482049547195,0.7074297309000839,-0.0038184740546356455
123,1057,0.7063081885214515,0.696404184742241,-0.009904003779210524
123,1058,0.6994842693466272,0.7081252873381146,0.00864101799148742
123,1059,0.7156481328590063,0.7076219762175759,-0.00802615664143036
123,1060,0.706063215606498,0.7071165753278448,0.0010533597213467916
123,1061,0.7001364728924122,0.7035926370156087,0.0034561641231964924
123,1062,0.7194888069532335,0.7136314818635343,-0.005857325089699161
123,1063,0.7107864681149795,0.7014717391496038,-0.009314728965375663
123,1064,0.7154979496653522,0.7127685986705071,-0.002729350994845059
123,1065,0.6958636380837402,0.6952652553962917,-0.0005983826874484954
123,1066,0.7209442943724458,0.7133696545712399,-0.0075746398012058735
123,1067,0.7147391073561628,0.7065986431503734,-0.0081404642057894
123,1068,0.715658778703479,0.7032444072218114,-0.012414371481667685
123,1069,0.7041828574489415,0.7029245718066033,-0.0012582856423382083
123,1070,0.7014037292096509,0.6898710058079631,-0.011532723401687761
123,1071,0.7157245707414663,0.709280647403463,-0.006443923338003366
123,1072,0.7116851973688281,0.7034153606079783,-0.008269836760849802
123,1073,0.7181577350350584,0.7098133298414345,-0.008344405193623894
123,1074,0.7116428316921573,0.7020565397592484,-0.00958629193290883
123,1075,0.7105565781621559,0.7047102481373653,-0.005846330024790625
123,1076,0.7172323864800363,0.7011764352261021,-0.01605595125393422
123,1077,0.692779378882761,0.6976371066132828,0.004857727730521844
123,1078,0.7077559556087238,0.7032340846624955,-0.004521870946228357
123,1079,0.7202251055466702,0.7149559614164567,-0.00526914413021351
123,1080,0.7085577348746583,0.6987333953681876,-0.00982433950647077
123,1081,0.7172077450215666,0.7070279055269717,-0.010179839494594889
123,1082,0.6909567402838056,0.6948333421998223,0.0038766019160166865
123,1083,0.7153071002192475,0.7029556129379624,-0.0123514872812851
123,1084,0.7036304475757743,0.6996661070523316,-0.003964340523442744
123,1085,0.7057566811029758,0.697830115593128,-0.007926565509847827
123,1086,0.7102341708959005,0.7104381906422478,0.000204019746347317
123,1087,0.7228095433735096,0.7090719554075453,-0.013737587965964249
123,1088,0.6965741650754015,0.6924404220198366,-0.004133743055564909
123,1089,0.7028122901911253,0.6951378948371341,-0.007674395353991281
123,1090,0.7043912018314284,0.7096710288460932,0.005279827014664784
123,1091,0.6985465364173407,0.686645350584991,-0.01190118583234967
123,1092,0.7080778062537523,0.7088963293690758,0.0008185231153234884
123,1093,0.702138067665189,0.7018707692713839,-0.00026729839380512654
123,1094,0.7142413191823479,0.7082003579215584,-0.006040961260789457
123,1095,0.714775924111402,0.7227158515607042,0.007939927449302164
123,1096,0.7027921270636956,0.7000015197948575,-0.0027906072688381744
123,1097,0.7018225904288746,0.6992902257324718,-0.0025323646964028335
123,1098,0.7086048659732131,0.7041593226953804,-0.004445543277832753
123,1099,0.7094706254858503,0.7077092869296701,-0.0017613385561802142
123,1100,0.7074061609019251,0.6946879747537366,-0.012718186148188537
123,1101,0.7107646294398533,0.7067769506177508,-0.003987678822102492
123,1102,0.71703346908353,0.7080744116614646,-0.008959057422065486
123,1103,0.7108524134824522,0.7072407468761133,-0.003611666606338937
123,1104,0.7031664794177246,0.7056865966276871,0.0025201172099624802
123,1105,0.7122962057313208,0.6983554111950845,-0.013940794536236312
123,1106,0.7121338031722173,0.695489773625786,-0.016644029546431294
123,1107,0.6957179612840682,0.6900583698573517,-0.005659591426716459
123,1108,0.703343020662083,0.6977574675491521,-0.005585553112930852
123,1109,0.7194713561776274,0.7080180698766281,-0.011453286300999288
123,1110,0.719179639368955,0.7070562939324904,-0.01212334543646465
123,1111,0.7061973428165895,0.7043323414926219,-0.0018650013239676078
123,1112,0.7084745191142852,0.6969931201050743,-0.011481399009210858
123,1113,0.7094237309559122,0.7036485689073763,-0.005775162048535898
123,1114,0.7170470437208669,0.6959100971174499,-0.02113694660341703
123,1115,0.7143670382216447,0.7131455043310446,-0.0012215338906000905
123,1116,0.7067738840087054,0.7013351077784458,-0.005438776230259679
123,1117,0.7018441551502169,0.7010259625972393,-0.000818192552977659
123,1118,0.7163278177117556,0.7166938080730876,0.0003659903613320026
123,1119,0.7090345840941469,0.7027181694547464,-0.006316414639400469
123,1120,0.7093699114324437,0.6995813712062147,-0.009788540226228992
123,1121,0.7184325197119503,0.7126181951195604,-0.005814324592389952
123,1122,0.715382638781739,0.7042619058143373,-0.01112073296740168
123,1123,0.7213874979640127,0.7091797892797548,-0.012207708684257912
123,1124,0.713935231668047,0.7039495987099903,-0.009985632958056656
123,1125,0.7098109359553578,0.7015940331803008,-0.008216902775057044
123,1126,0.7094937094143682,0.7069386564379974,-0.0025550529763708196
123,1127,0.7019838346098616,0.6972109705634834,-0.004772864046378222
123,1128,0.7079719874160151,0.7075299452549618,-0.00044204216105325767
123,1129,0.7213528521828705,0.7220252345186465,0.000672382335776045
123,1130,0.7259612638386568,0.7119259580884207,-0.014035305750236038
123,1131,0.7066006194219896,0.7011407842375533,-0.005459835184436268
123,1132,0.6954702655606134,0.6912903647711995,-0.004179900789413882
123,1133,0.6974228184572997,0.6946029664061009,-0.0028198520511988345
123,1134,0.7220111087869328,0.7166198708955331,-0.005391237891399614
123,1135,0.7020394173242163,0.7078233155135427,0.005783898189326453
123,1136,0.7135782054171517,0.7115487014328874,-0.0020295039842642693
123,1137,0.7024399671868956,0.6942186797621672,-0.008221287424728385
123,1138,0.7106780565606255,0.7020121649596698,-0.008665891600955766
123,1139,0.7092199937858306,0.7084833061677626,-0.0007366876180679993
123,1140,0.6988911303966234,0.6912261866445025,-0.007664943752120901
123,1141,0.7169941329864562,0.7121170022852834,-0.004877130701172794
123,1142,0.7188077085324294,0.7033557488953665,-0.015451959637062918
123,1143,0.7179487251507067,0.7174392639849168,-0.0005094611657899817
123,1144,0.7129376543956008,0.709519851144764,-0.0034178032508367373
123,1145,0.7023226647603158,0.7093835193321602,0.007060854571844355
123,1146,0.7147520570835146,0.70079150019758,-0.013960556885934672
123,1147,0.7127635606193463,0.7061404062564919,-0.006623154362854433
123,1148,0.7111431140197316,0.7094162333850121,-0.0017268806347194854
123,1149,0.7219765232835231,0.7127357389671334,-0.00924078431638975
123,1150,0.704135068937209,0.7002630841891374,-0.0038719847480715996
123,1151,0.7303023318305767,0.7098162762958522,-0.02048605553472449
123,1152,0.7005161080779071,0.6970703521557553,-0.003445755922151794
123,1153,0.718419680968991,0.7115559956392089,-0.006863685329782099
123,1154,0.7037316030793953,0.69633746822784,-0.007394134851555267
123,1155,0.7085476604505133,0.7032647715943345,-0.00528288885617878
123,1156,0.7004072405483024,0.691289618003128,-0.009117622545174342
123,1157,0.7252489150957455,0.7111472956787325,-0.014101619417013045
123,1158,0.7121551974742322,0.7090447854293436,-0.0031104120448885997
123,1159,0.7249718308859447,0.7141843516870647,-0.010787479198880012
123,1160,0.7204421318565335,0.7156837326941256,-0.004758399162407945
123,1161,0.7143419700209909,0.7025245538004923,-0.011817416220498589
123,1162,0.6917252830836171,0.6916268470503881,-9.843603322901018e-05
123,1163,0.6992280150473515,0.7012650063995942,0.0020369913522426675
123,1164,0.7071457558743618,0.7077726744331337,0.0006269185587719495
123,1165,0.7189748248216896,0.7066663128396905,-0.012308511981999115
123,1166,0.7087617441761845,0.6933321441796829,-0.01542959999650162
123,1167,0.7104469891914147,0.7015009643770669,-0.008946024814347808
123,1168,0.7094974394599457,0.7149221706403992,0.0054247311804535014
123,1169,0.7128205468712955,0.7103881470251848,-0.0024323998461106555
123,1170,0.7031995855117847,0.6976404972385706,-0.005559088273214163
123,1171,0.7163144923026643,0.7018386261824701,-0.014475866120194247
123,1172,0.7021295742665014,0.6964207348416369,-0.0057088394248644425
123,1173,0.7165380563242485,0.7102216148818545,-0.006316441442393961
123,1174,0.7166756375771637,0.7101094762969189,-0.006566161280244787
123,1175,0.7074267414298273,0.7036190595444739,-0.003807681885353409
123,1176,0.7157308843400771,0.7038957190205473,-0.011835165319529883
123,1177,0.7139943766030323,0.7180209104338564,0.004026533830824075
123,1178,0.7013546827506699,0.7022630182553959,0.0009083355047260211
123,1179,0.7111326116633612,0.7051290759015155,-0.006003535761845646
123,1180,0.7098218050630228,0.7112106428621492,0.0013888377991263523
123,1181,0.704501630377079,0.7094464380760439,0.0049448076989648815
123,1182,0.7135072970739187,0.7079713634504259,-0.005535933623492806
123,1183,0.7230950254648638,0.713513330607044,-0.00958169485781979
123,1184,0.7058535284026459,0.6998633321706262,-0.005990196232019684
123,1185,0.6978791768614941,0.6913885131193268,-0.006490663742167335
123,1186,0.7129585982031786,0.698905801087734,-0.014052797115444604
123,1187,0.7153000912208881,0.7106915576438451,-0.00460853357704305
123,1188,0.7107128562635364,0.6968695125583357,-0.013843343705200684
123,1189,0.7083787117466286,0.7009872230767831,-0.007391488669845514
123,1190,0.704485045163814,0.7009862998176963,-0.0034987453461177154
123,1191,0.700663891140472,0.6968305636090855,-0.0038333275313865434
123,1192,0.7139025533118556,0.7083462347562408,-0.005556318555614781
123,1193,0.717432226889512,0.705621260178702,-0.011810966710810056
123,1194,0.7136033508685269,0.7087755710045811,-0.00482777986394578
123,1195,0.7143803598371776,0.703226444664941,-0.011153915172236628
123,1196,0.719414918786208,0.7129700275888824,-0.0064448911973256084
123,1197,0.71204980640533,0.7120544185588346,4.612153504557348e-06
123,1198,0.7140456838219633,0.7100613520666872,-0.003984331755276127
123,1199,0.7147097846988624,0.7075370786585338,-0.0071727060403286025
123,1200,0.7105490813285155,0.7100705174955394,-0.0004785638329760644
123,1201,0.7172567663169149,0.710306458033783,-0.006950308283131923
123,1202,0.7088053545402215,0.6940376018499377,-0.014767752690283853
123,1203,0.7149714031805405,0.7100383529604583,-0.00493305022008228
123,1204,0.701385586028962,0.7027765534317219,0.0013909674027599017
123,1205,0.7095866774876499,0.6983592100155157,-0.011227467472134212
123,1206,0.7170181441907579,0.7142154481679747,-0.0028026960227832687
123,1207,0.7059546639763852,0.7078184683967923,0.0018638044204071225
123,1208,0.7174122777233124,0.709307743043843,-0.008104534679469366
123,1209,0.7146199541648423,0.7063005420881936,-0.008319412076648658
123,1210,0.6970051952674643,0.6979188888537227,0.0009136935862583684
123,1211,0.7212618066499821,0.7043070015711275,-0.016954805078854607
123,1212,0.7086521799995998,0.703509497321225,-0.00514268267837481
123,1213,0.7130526932999546,0.7063165913046012,-0.00673610199535335
123,1214,0.7045320246140885,0.7024704486292803,-0.0020615759848081616
123,1215,0.7068026868399885,0.7083862081501195,0.0015835213101310641
123,1216,0.6985744010792907,0.7053194587940078,0.006745057714717118
123,1217,0.7159775909277815,0.7058234164145623,-0.010154174513219205
123,1218,0.7059745564119968,0.699649050876841,-0.006325505535155762
123,1219,0.6989571167771537,0.6958654773126759,-0.003091639464477769
123,1220,0.7074008441672008,0.7099471845589969,0.0025463403917960203
123,1221,0.7022468363539425,0.6987339971247173,-0.003512839229225184
123,1222,0.7156929433317784,0.7127802746867182,-0.0029126686450601236
123,1223,0.7032399466366175,0.7059653832949517,0.002725436658334246
123,1224,0.7081802862195448,0.7012290492961779,-0.006951236923366855
123,1225,0.7026193923550328,0.6984068291964941,-0.004212563158538685
123,1226,0.7034074301808961,0.700211591861748,-0.0031958383191481587
123,1227,0.7140709610797632,0.7128043149309237,-0.0012666461488395342
123,1228,0.7059856506966784,0.6960508932483935,-0.00993475744828487
123,1229,0.7020840335937945,0.6958236160575743,-0.0062604175362201975
123,1230,0.7070662836195354,0.7008315030258385,-0.006234780593696865
123,1231,0.7055397968169892,0.699862855862917,-0.005676940954072229
123,1232,0.7042706502039222,0.7026602357956501,-0.0016104144082721428
123,1233,0.7168061423557259,0.713944810782023,-0.002861331573702941
123,1234,0.7074796102689912,0.7062716940136722,-0.0012079162553190192
123,1235,0.7253986939165081,0.7237073802261625,-0.001691313690345586
123,1236,0.7234715447649172,0.7146399778671467,-0.008831566897770426
123,1237,0.7102801334980022,0.704328453374421,-0.005951680123581271
123,1238,0.7046558234536799,0.7069308477017966,0.0022750242481166527
123,1239,0.7113407610225465,0.7073804662952817,-0.003960294727264779
123,1240,0.7067035366688839,0.7051578434923719,-0.0015456931765119863
123,1241,0.7074382788245309,0.7065249004701067,-0.0009133783544241769
123,1242,0.7062472812713161,0.7057665420675955,-0.00048073920372060375
123,1243,0.7036480947289285,0.6940046083837054,-0.009643486345223162
123,1244,0.7017399339238463,0.7034654917790344,0.0017255578551881312
123,1245,0.7122242524993597,0.7055017314391846,-0.006722521060175124
123,1246,0.7105715688208143,0.7038264940410808,-0.0067450747797335175
123,1247,0.7031361860212789,0.7034831486483754,0.00034696262709643655
123,1248,0.7083161249016358,0.7075036142174393,-0.0008125106841964103
123,1249,0.7032720039247431,0.7058676496396696,0.002595645714926542
123,1250,0.7065342041190573,0.6956050434989833,-0.010929160620073985
123,1251,0.7092143210288023,0.706717603906903,-0.002496717121899361
123,1252,0.6999834338913915,0.6984197985235517,-0.0015636353678397663
123,1253,0.7112399843375876,0.7034807871416462,-0.007759197195941425
123,1254,0.7017949020315912,0.7047881212555963,0.0029932192240050837
123,1255,0.7195923573213907,0.7211289936295859,0.0015366363081952272
123,1256,0.721876663941762,0.7124428760909767,-0.009433787850785302
123,1257,0.7096749980388916,0.701209008706616,-0.008465989332275603
123,1258,0.7027242406212899,0.7068149211371804,0.004090680515890455
123,1259,0.7121288739604443,0.7088676207779016,-0.003261253182542778
123,1260,0.6996538956713392,0.6951079688489102,-0.004545926822428936
123,1261,0.7106443551246076,0.7134182432325418,0.0027738881079342192
123,1262,0.712408256251257,0.7135834131551176,0.001175156903860608
123,1263,0.7135740271966916,0.7059639619746712,-0.007610065222020457
123,1264,0.7114212967680644,0.7090239178667977,-0.002397378901266678
123,1265,0.7105090580767606,0.6971386033923179,-0.013370454684442645
123,1266,0.7048716298216156,0.7010755654953352,-0.003796064326280324
123,1267,0.7043857219971827,0.7037309614614841,-0.0006547605356986841
123,1268,0.7063229388830843,0.710523693190692,0.00420075430760769
123,1269,0.7206096062311359,0.7139535495429694,-0.0066560566881664895
123,1270,0.6970519189103013,0.6928560401675177,-0.004195878742783599
123,1271,0.7067127822045693,0.6972219051495722,-0.009490877054997182
123,1272,0.7223024213307271,0.7143528780941863,-0.007949543236540735
123,1273,0.7092082583802222,0.7133226604110008,0.004114402030778619
123,1274,0.7124083188220482,0.7075216974584018,-0.004886621363646482
123,1275,0.6983262495237805,0.6982447267717631,-8.152275201744885e-05
123,1276,0.7141670251432397,0.7041738957576944,-0.009993129385545307
123,1277,0.7128276333299615,0.7118759614719059,-0.0009516718580555583
123,1278,0.715385484725197,0.7111272551716513,-0.0042582295535457115
123,1279,0.7214245763067633,0.7203763289630837,-0.001048247343679587
123,1280,0.6981592809833164,0.6919269797466913,-0.006232301236625104
123,1281,0.7169599414899446,0.7134516563186382,-0.0035082851713064134
123,1282,0.7084519659022437,0.7026244904795366,-0.005827475422707118
123,1283,0.7173464015078845,0.7145662714057053,-0.002780130102179257
123,1284,0.6986274829040182,0.6980399501304412,-0.0005875327735770375
123,1285,0.711274262893095,0.7138519118439899,0.002577648950894851
123,1286,0.7146579926735593,0.6980785291705205,-0.01657946350303885
123,1287,0.7126074907749169,0.7099349075865808,-0.002672583188336075
123,1288,0.7065483173964688,0.7070740910616624,0.000525773665193574
123,1289,0.7217243225727551,0.7173586930925022,-0.004365629480252875
123,1290,0.7132203369561427,0.7087396458741738,-0.004480691081968913
123,1291,0.712656611706183,0.6983654759295745,-0.014291135776608455
123,1292,0.7144193812056879,0.7040331361181761,-0.010386245087511847
123,1293,0.7151434663033447,0.7033836989386777,-0.011759767364666995
123,1294,0.7075318018986901,0.7029207031651103,-0.004611098733579788
123,1295,0.7134966907246647,0.713743014119715,0.000246323395050263
123,1296,0.7050664129147679,0.7016142807622423,-0.0034521321525256
123,1297,0.7085406512746102,0.6969363693627479,-0.011604281911862246
123,1298,0.7028316822948799,0.6938068756625442,-0.009024806632335736
123,1299,0.7101224834727566,0.7028905185651991,-0.007231964907557509
123,1300,0.6981349657744421,0.6937846155143745,-0.004350350260067581
123,1301,0.707658556899298,0.6985413009556722,-0.00911725594362578
123,1302,0.6984646441737796,0.6980777392877944,-0.00038690488598525086
123,1303,0.7117760135403229,0.7120875856938758,0.0003115721535528193
123,1304,0.7205380977827576,0.718595474109454,-0.0019426236733035562
123,1305,0.7033267460601792,0.7048730933956954,0.0015463473355161739
123,1306,0.7090397708437908,0.7004985173844577,-0.008541253459333098
123,1307,0.7280956534477478,0.7124285415536009,-0.015667111894146935
123,1308,0.7046084810452886,0.7053014963799249,0.0006930153346362822
123,1309,0.7143954590203092,0.7073931136160504,-0.007002345404258814
123,1310,0.7097504608577689,0.7140716451372209,0.0043211842794519395
123,1311,0.7034425871180774,0.7048737544305292,0.0014311673124518531
123,1312,0.7153312879403586,0.707603739921393,-0.00772754801896558
123,1313,0.7133213719748336,0.7117233335681943,-0.0015980384066393016
123,1314,0.6957553718105047,0.686157830718473,-0.009597541092031703
123,1315,0.7031763960848691,0.7039486129473929,0.0007722168625237114
123,1316,0.7102739554940976,0.7000922694252534,-0.010181686068844176
123,1317,0.7185881805233545,0.71200051410064,-0.0065876664227144666
123,1318,0.69900038571216,0.701713975118829,0.0027135894066689925
123,1319,0.6953935996282383,0.6942101814675162,-0.001183418160722094
123,1320,0.707903210073483,0.6999679663804255,-0.007935243693057537
123,1321,0.6981186834854868,0.6969887213462026,-0.0011299621392841797
123,1322,0.7168673593007935,0.7196780711130804,0.00281071181228687
123,1323,0.711469332811023,0.7018837300984064,-0.009585602712616548
123,1324,0.7180988921355835,0.7022436106055989,-0.01585528152998461
123,1325,0.7212432764923471,0.719341522379431,-0.0019017541129160431
123,1326,0.7024351101783946,0.7005847420363092,-0.0018503681420853901
123,1327,0.7121857522617506,0.708863539328656,-0.003322212933094648
123,1328,0.7096954270594624,0.7000207007011972,-0.009674726358265273
123,1329,0.7152969722851572,0.7084674389955311,-0.0068295332896261
123,1330,0.7043714187437798,0.6967118507222354,-0.007659568021544438
123,1331,0.7192349509031273,0.7165175719461261,-0.002717378957001193
123,1332,0.7087187481042103,0.6982037726765199,-0.01051497542769042
123,1333,0.7083862153391202,0.6985519681915352,-0.009834247147584962
123,1334,0.7181198555939977,0.7140541449153596,-0.004065710678638146
123,1335,0.7097902739040952,0.7040268910536703,-0.005763382850424881
123,1336,0.7150856679995607,0.7067368813669392,-0.008348786632621508
123,1337,0.6988663479473882,0.7006883116840912,0.0018219637367029584
123,1338,0.7108297532275725,0.7017264476582186,-0.009103305569353903
123,1339,0.7188535753760821,0.7070352125327062,-0.011818362843375896
123,1340,0.7185896422601415,0.7010960421179075,-0.017493600142234
123,1341,0.7180682299879997,0.7165327972729671,-0.0015354327150325364
123,1342,0.7074249752560383,0.6971958944395052,-0.010229080816533065
123,1343,0.7044763012235107,0.7067153443001895,0.0022390430766787706
123,1344,0.7164997294699513,0.7109999902675261,-0.005499739202425191
123,1345,0.6999942476712273,0.6972215609258591,-0.002772686745368236
123,1346,0.7117991346800656,0.7047570389074528,-0.007042095772612833
123,1347,0.7147936174350609,0.7103498355167114,-0.0044437819183494875
123,1348,0.7172748048903426,0.7005440162457475,-0.016730788644595096
123,1349,0.7221608088486229,0.712927490758943,-0.009233318089679865
123,1350,0.7095050739257637,0.7063473079228408,-0.003157766002922835
123,1351,0.7185076604077254,0.7102088206712189,-0.00829883973650647
123,1352,0.7051945347717199,0.7003917538440714,-0.00480278092764852
123,1353,0.7039888270915972,0.6988075482552564,-0.005181278836340786
123,1354,0.7073331483566287,0.7029742100755878,-0.004358938281040947
123,1355,0.7075804993622723,0.7067178738054215,-0.0008626255568507935
123,1356,0.7039412670435281,0.7072149013526114,0.0032736343090833397
123,1357,0.7111238973764205,0.7020763337018792,-0.009047563674541292
123,1358,0.7035051599776828,0.7055956666048301,0.0020905066271472705
123,1359,0.7142015136718591,0.7046548693653059,-0.009546644306553276
123,1360,0.7173793557022875,0.7103179222459557,-0.0070614334563318115
123,1361,0.7086565851998059,0.7014326747882449,-0.0072239104115610075
123,1362,0.7250608511136242,0.7255909442047959,0.0005300930911716906
123,1363,0.7051709453607165,0.7037352958536403,-0.0014356495070761977
123,1364,0.7033060283032585,0.7077208497771197,0.004414821473861186
123,1365,0.7217588672972692,0.7066190640473275,-0.015139803249941686
123,1366,0.6971609551075676,0.6917235345885844,-0.005437420518983216
123,1367,0.702797202915862,0.6941005482652347,-0.0086966546506273
123,1368,0.6910547972568627,0.6865340823896462,-0.004520714867216502
123,1369,0.6960943923028196,0.6967598592512193,0.0006654669483997511
123,1370,0.7243121277208315,0.7127422937054251,-0.011569834015406455
123,1371,0.7096411910382932,0.7111438996673324,0.0015027086290392289
123,1372,0.7014022559371125,0.7003371670751597,-0.0010650888619527787
123,1373,0.7138050220971524,0.7181351053497458,0.004330083252593431
123,1374,0.7056096660911849,0.7112999182011956,0.0056902521100107295
123,1375,0.7090930830038571,0.7006756899076729,-0.008417393096184167
123,1376,0.7139960796570624,0.7156613453711292,0.001665265714066888
123,1377,0.7156307510895299,0.7106747572745596,-0.00495599381497025
123,1378,0.7036032184474823,0.7026620216840918,-0.0009411967633905505
123,1379,0.6953879575730297,0.6952788063138167,-0.00010915125921306945
123,1380,0.7303484136124023,0.7159660069743451,-0.014382406638057232
123,1381,0.7158858580710723,0.7081847011272775,-0.007701156943794807
123,1382,0.7035314064384433,0.6962490349127655,-0.007282371525677789
123,1383,0.7024810432270668,0.7037630968147739,0.001282053587707055
123,1384,0.714064303353618,0.6999660123567594,-0.014098290996858664
123,1385,0.7038859998200606,0.6938653874297342,-0.010020612390326367
123,1386,0.7081675392405854,0.7094387258920986,0.0012711866515131565
123,1387,0.7173146910407188,0.7133928372641822,-0.0039218537765365324
123,1388,0.7159391239647916,0.703121215478727,-0.012817908486064677
123,1389,0.709766763036569,0.7013501861690818,-0.008416576867487202
123,1390,0.7024888840367223,0.6989306290669077,-0.003558254969814545
123,1391,0.7160612481202212,0.7115175075333264,-0.004543740586894773
123,1392,0.7161230796152116,0.7218233737076066,0.005700294092395031
123,1393,0.7140486837173691,0.7057833726284923,-0.008265311088876737
123,1394,0.7076183299070808,0.6979967989851876,-0.009621530921893218
123,1395,0.6997040867910179,0.7009312779414285,0.0012271911504105892
123,1396,0.7114070215167394,0.702277391440023,-0.00912963007671641
123,1397,0.7033844515756942,0.6931908511886706,-0.01019360038702355
123,1398,0.6971893958170132,0.6889818669553587,-0.008207528861654545
123,1399,0.7082666316841957,0.7051805651643119,-0.0030860665198837456
123,1400,0.7067916593252728,0.703295331920105,-0.0034963274051678095
123,1401,0.7083268139162383,0.7065272370754219,-0.0017995768408164414
123,1402,0.717768228366408,0.7131217807381491,-0.004646447628258832
123,1403,0.7171615776168803,0.7025397845234267,-0.014621793093453572
123,1404,0.7138529139849422,0.7085747307508172,-0.005278183234124989
123,1405,0.7068493401605378,0.7080506642803309,0.0012013241197931235
123,1406,0.7034340304557091,0.6934945228606663,-0.009939507595042807
123,1407,0.7135413735323614,0.707896635998988,-0.005644737533373356
123,1408,0.7154888400696897,0.707465920568602,-0.008022919501087689
123,1409,0.6994842761028478,0.7045179503914223,0.005033674288574486
123,1410,0.7103590283241104,0.713770406330819,0.003411378006708654
123,1411,0.7131111560088413,0.7046716330545565,-0.00843952295428485
123,1412,0.7150273597267452,0.7029804447438411,-0.012046914982904111
123,1413,0.7234480971134458,0.722577527088889,-0.000870570024556816
123,1414,0.7079649034250444,0.7030416213499253,-0.004923282075119051
123,1415,0.7079991855878425,0.7036144042910155,-0.004384781296826956
123,1416,0.7222164786361082,0.7093607740462323,-0.012855704589875838
123,1417,0.7111639425342688,0.7106969226921332,-0.00046701984213559644
123,1418,0.718821909451377,0.7081915117395955,-0.010630397711781536
123,1419,0.7036748024118173,0.7040599290874288,0.00038512667561141356
123,1420,0.7246126462972604,0.7168054421082783,-0.007807204188982064
123,1421,0.7235665697981124,0.7117362233339458,-0.011830346464166586
123,1422,0.7025285022076835,0.6938261280191818,-0.008702374188501727
123,1423,0.6972509496970569,0.7059507758612287,0.008699826164171753
123,1424,0.7119241822185642,0.7127010104116334,0.0007768281930691234
123,1425,0.7097312450478344,0.7030278769284347,-0.006703368119399644
123,1426,0.7110718006227776,0.7005362508153927,-0.010535549807384914
123,1427,0.7103297045268586,0.7128955272734533,0.0025658227465946704
123,1428,0.721169688997787,0.7072136197070099,-0.013956069290777084
123,1429,0.7128533970078483,0.7073719098860679,-0.005481487121780426
123,1430,0.695270740490784,0.699158910052354,0.0038881695615700096
123,1431,0.7174474066070645,0.7160009849694627,-0.0014464216376017802
123,1432,0.6968243477747531,0.7011733744488082,0.004349026674055123
123,1433,0.7181477545245045,0.7137284565175053,-0.0044192980069992505
123,1434,0.7258878302270291,0.7160870554114482,-0.009800774815580837
123,1435,0.7047447929645119,0.7024809768591123,-0.0022638161053996075
123,1436,0.713810151767198,0.7072842383786155,-0.006525913388582438
123,1437,0.7006778873808975,0.7026656878111908,0.0019878004302932295
123,1438,0.71519034572329,0.7166177284316837,0.0014273827083937096
123,1439,0.7088005235932262,0.7003569988579181,-0.008443524735308072
123,1440,0.6915628798936841,0.6893938980340077,-0.0021689818596764
123,1441,0.7045291517650221,0.6946162680779923,-0.009912883687029805
123,1442,0.7098836750239426,0.7072298938148933,-0.002653781209049244
123,1443,0.7049204185242873,0.6997236276565628,-0.00519679086772451
123,1444,0.7166742276507054,0.7045079176052192,-0.012166310045486184
123,1445,0.7091417928831943,0.7090230491469423,-0.00011874373625209156
123,1446,0.6914428502398976,0.694439442859156,0.0029965926192584424
123,1447,0.7246691718479534,0.7074796539652921,-0.01718951788266132
123,1448,0.6967240538810333,0.7011116856163473,0.004387631735313979
123,1449,0.7048233608595401,0.6982014106960577,-0.006621950163482437
123,1450,0.7197477552074025,0.7020815792608714,-0.017666175946531082
123,1451,0.7092208147583525,0.6968533204369233,-0.012367494321429251
123,1452,0.7113934833141042,0.6968119828551709,-0.01458150045893336
123,1453,0.7033143372723765,0.704685370991048,0.0013710337186715327
123,1454,0.7139685074509762,0.7104813700328452,-0.0034871374181310033
123,1455,0.7053048252448015,0.7039982510014638,-0.0013065742433376881
123,1456,0.7148562200076023,0.7045092121568546,-0.010347007850747714
123,1457,0.7096887767731637,0.7142278819920892,0.004539105218925532
123,1458,0.7065440720811905,0.7009273887303278,-0.005616683350862739
123,1459,0.708752085062835,0.7156676426189847,0.0069155575561496985
123,1460,0.7166453934448735,0.7064789134410134,-0.010166480003860112
123,1461,0.7137312353700349,0.7123449524961187,-0.001386282873916178
123,1462,0.7078712006770799,0.7126481016731969,0.0047769009961170505
123,1463,0.717351519943734,0.7219339460097081,0.004582426065974032
123,1464,0.7116751402416045,0.7065362099674003,-0.005138930274204201
123,1465,0.7167185303466104,0.7020428397405569,-0.014675690606053449
123,1466,0.7130243768112533,0.7073693397289643,-0.005655037082288983
123,1467,0.7008846805648778,0.7022893465447391,0.0014046659798612193
123,1468,0.71142032029442,0.7024421633715296,-0.00897815692289039
123,1469,0.7142597146041645,0.7102599991818102,-0.003999715422354333
123,1470,0.7068035360291233,0.703576796912808,-0.0032267391163153247
123,1471,0.7227607667439389,0.7201605328673706,-0.0026002338765682698
123,1472,0.6983528705637962,0.6899474146500019,-0.00840545591379438
123,1473,0.7023929277246097,0.6935515114502665,-0.008841416274343206
123,1474,0.704073327226606,0.7039731088459981,-0.00010021838060791932
123,1475,0.7110573180364237,0.7076795848878024,-0.0033777331486213313
123,1476,0.6987139003663947,0.6947844248132145,-0.0039294755531802394
123,1477,0.724420167457607,0.7171769949334021,-0.007243172524204811
123,1478,0.723800637773909,0.7093485940077635,-0.014452043766145506
123,1479,0.7106518315304741,0.7017026371095381,-0.008949194420936002
123,1480,0.7127173972866765,0.7073547959639042,-0.005362601322772331
123,1481,0.7063525235084291,0.695765159601462,-0.010587363906967129
123,1482,0.7095082909338883,0.700223446111905,-0.009284844821983329
123,1483,0.7135949926707121,0.7054061114353003,-0.008188881235411838
123,1484,0.7147710208212557,0.7059088827187516,-0.008862138102504025
123,1485,0.7108776333329491,0.7164772059551376,0.0055995726221885755
123,1486,0.7115531018915282,0.7155503425371859,0.0039972406456576515
123,1487,0.7053921586129177,0.7039161472966807,-0.0014760113162369803
123,1488,0.7167285292835228,0.7165269030456651,-0.0002016262378576883
123,1489,0.7070937486520794,0.7009019991426274,-0.006191749509452005
123,1490,0.7109195235498609,0.7072383259437327,-0.0036811976061281726
123,1491,0.7112824493243814,0.7041263644604285,-0.007156084863952916
123,1492,0.7087678798834331,0.6974112964546957,-0.011356583428737466
123,1493,0.7261024012273358,0.7145332344624187,-0.01156916676491715
123,1494,0.7187232146180557,0.7169520410651238,-0.0017711735529318817
123,1495,0.7037229048570546,0.6937669896871178,-0.009955915169936769
123,1496,0.7096676135469362,0.7055956201840239,-0.004071993362912307
123,1497,0.7167770511251268,0.7080858773208614,-0.008691173804265429
123,1498,0.7036446870451636,0.6977580884580006,-0.0058865985871630055
123,1499,0.7078640174142097,0.6958345341134232,-0.012029483300786459
123,1500,0.7224695530607118,0.7132330013176887,-0.00923655174302307
123,1501,0.697355336732295,0.7022401394154416,0.004884802683146616
123,1502,0.7189517717946025,0.7021357280270968,-0.016816043767505673
123,1503,0.7091414803249576,0.7095496917886995,0.0004082114637419254
123,1504,0.7064938228892409,0.7076929569336345,0.001199134044393646
123,1505,0.7154938470334774,0.7135013720186449,-0.001992475014832462
123,1506,0.7154548072494706,0.7036116603867559,-0.011843146862714704
123,1507,0.7144230410826176,0.7178463125351584,0.0034232714525408436
123,1508,0.7210279983897663,0.7085083463262912,-0.01251965206347505
123,1509,0.7058391573679352,0.7034076562172913,-0.0024315011506439443
123,1510,0.711639897775012,0.6991106157491596,-0.012529282025852462
123,1511,0.7065999399893659,0.7013740327018617,-0.005225907287504161
123,1512,0.7119635142993168,0.7119391443980709,-2.4369901245879788e-05
123,1513,0.7218291995185007,0.7134097668298152,-0.008419432688685502
123,1514,0.710285565160242,0.7103312584994945,4.5693339252528276e-05
123,1515,0.702501572979004,0.6911320270719982,-0.011369545907005785
123,1516,0.7132969572980407,0.713571138475899,0.00027418117785837914
123,1517,0.7071244999777269,0.7076890323384493,0.0005645323607224029
123,1518,0.708903788651772,0.7079631811207819,-0.0009406075309900119
123,1519,0.7055594267586263,0.7029056362548957,-0.002653790503730602
123,1520,0.7083749596877794,0.6975162242427595,-0.010858735445019918
123,1521,0.7139757404611625,0.7044717905571567,-0.009503949904005826
123,1522,0.7188070006970309,0.7074899270083062,-0.0113170736887247
123,1523,0.708793400361015,0.6976148551291388,-0.011178545231876225
123,1524,0.7086584289001314,0.7097317554743084,0.0010733265741770248
123,1525,0.7217216077825253,0.7106510351768269,-0.011070572605698326
123,1526,0.7190781157390421,0.7148360409786885,-0.0042420747603536535
123,1527,0.6956955319046828,0.6846895578915546,-0.011005974013128195
123,1528,0.7152828754293323,0.7030282011992384,-0.012254674230093965
123,1529,0.7084998879105838,0.7107991994753386,0.0022993115647548246
123,1530,0.7093799277409673,0.7083795275388556,-0.0010004002021116731
123,1531,0.7123778890876693,0.7075322753987145,-0.004845613688954753
123,1532,0.7215851126938433,0.7200462200109923,-0.0015388926828510119
123,1533,0.7050327896707405,0.6982472835912348,-0.0067855060795056765
123,1534,0.7112648076120036,0.7108326505580649,-0.00043215705393873094
123,1535,0.7032069637021419,0.7002985383171381,-0.002908425385003799
123,1536,0.7151705606605039,0.7070779464590988,-0.008092614201405057
123,1537,0.7107116189567891,0.705512075604261,-0.0051995433525281465
123,1538,0.7126975485157683,0.7017357076051419,-0.010961840910626353
123,1539,0.7262481749724952,0.7183432743198035,-0.007904900652691671
123,1540,0.7092226050834602,0.6989908924514598,-0.0102317126320004
123,1541,0.7015627949389099,0.6868355079376204,-0.014727287001289557
123,1542,0.7123461629830181,0.7066507192724276,-0.005695443710590498
123,1543,0.7199610190899959,0.7037385476202007,-0.016222471469795163
123,1544,0.7187717216700009,0.7129851453239163,-0.005786576346084593
123,1545,0.70896981082218,0.7039976613898044,-0.004972149432375672
123,1546,0.7082177329041519,0.7026152812656067,-0.005602451638545225
123,1547,0.7144943978867584,0.7025424754868814,-0.011951922399876969
123,1548,0.7148549775499984,0.7109746957643119,-0.0038802817856864458
123,1549,0.7158841289865588,0.7076240744472191,-0.008260054539339756
123,1550,0.7099426539192504,0.6988195722759183,-0.011123081643332089
123,1551,0.7164822058983804,0.7036073128275974,-0.012874893070783044
123,1552,0.7083279392271089,0.6993474583553922,-0.008980480871716656
123,1553,0.7010437278408164,0.6916541060062071,-0.00938962183460923
123,1554,0.7094351012500315,0.7082313794381627,-0.0012037218118687854
123,1555,0.7124381960054166,0.7090459157935036,-0.003392280211912957
123,1556,0.7086818437229594,0.7036342532042834,-0.005047590518675982
123,1557,0.7175844590275557,0.7147246669114736,-0.002859792116082116
123,1558,0.6996547304821068,0.6968393372094639,-0.0028153932726429076
123,1559,0.7086388461605109,0.7009529552880869,-0.007685890872423995
123,1560,0.7028152257310977,0.7021214500057787,-0.0006937757253189236
123,1561,0.7067142211189633,0.7012594349243078,-0.005454786194655559
123,1562,0.7146520915952492,0.7098618927461722,-0.004790198849077054
123,1563,0.7141611588981975,0.7113240891394533,-0.002837069758744204
123,1564,0.7180706620445956,0.7071570831249336,-0.010913578919661937
123,1565,0.714788827295793,0.708096289884796,-0.006692537410996957
123,1566,0.7076653318635214,0.7012732932029644,-0.006392038660557042
123,1567,0.7021947985624957,0.7016800295473455,-0.0005147690151501294
123,1568,0.6955980062636833,0.691380096328098,-0.00421790993558524
123,1569,0.7202779853408228,0.7124194170443507,-0.007858568296472024
123,1570,0.7089354614737549,0.709784146400326,0.0008486849265711971
123,1571,0.7107937800677668,0.6995277551451681,-0.01126602492259876
123,1572,0.7026682680935422,0.6981936660183292,-0.004474602075212997
123,1573,0.7005869806292218,0.6961529090372518,-0.004434071591969957
123,1574,0.70868546428254,0.7094631789598078,0.0007777146772678378
123,1575,0.7121239715907497,0.7049249036745748,-0.007199067916174862
123,1576,0.7125089654974255,0.7042361432860447,-0.008272822211380815
123,1577,0.7035505813280181,0.7002099974379004,-0.00334058389011771
123,1578,0.7080886107727823,0.7092507598209488,0.001162149048166472
123,1579,0.7052658267043852,0.7071184574527762,0.0018526307483910376
123,1580,0.7101304438382504,0.6952250705510812,-0.014905373287169232
123,1581,0.7010348235178431,0.6971013725672375,-0.003933450950605599
123,1582,0.7096907250182548,0.7094806107636396,-0.0002101142546152568
123,1583,0.711175496300937,0.7051385047889132,-0.006036991512023859
123,1584,0.7077179920582485,0.7026770576284811,-0.005040934429767385
123,1585,0.7037272967223234,0.7002959560550874,-0.003431340667235938
123,1586,0.7139951548943553,0.7013367725102508,-0.012658382384104439
123,1587,0.6998155729754032,0.698873931867027,-0.0009416411083762455
123,1588,0.7151434952334484,0.7099239571019079,-0.005219538131540524
123,1589,0.7099775158766042,0.7066878650713527,-0.003289650805251454
123,1590,0.7098076741926054,0.7055327056984075,-0.004274968494197839
123,1591,0.7059992189072253,0.7073552370640854,0.0013560181568601504
123,1592,0.706889779365132,0.7074977869724733,0.0006080076073413654
123,1593,0.7255593688249642,0.7195864619095624,-0.0059729069154017544
123,1594,0.7163923065061273,0.7052290564123384,-0.011163250093788935
123,1595,0.7141108732767807,0.7064719622977222,-0.007638910979058444
123,1596,0.7085808967685607,0.6989606774124222,-0.009620219356138549
123,1597,0.7085705247970917,0.7036771658447378,-0.004893358952353877
123,1598,0.7101593910475074,0.7129843621882201,0.002824971140712784
123,1599,0.7138131025772245,0.7062033605731304,-0.007609742004094144
123,1600,0.7141400088473122,0.7038821646809654,-0.010257844166346786
123,1601,0.706532317396504,0.7024650294946251,-0.004067287901878935
123,1602,0.7032200249870789,0.6924674019569645,-0.010752623030114372
123,1603,0.7101110910846546,0.7012709395296595,-0.00884015155499518
123,1604,0.7144953369251544,0.7128297731406783,-0.0016655637844761317
123,1605,0.7098982598918846,0.7062152963756492,-0.003682963516235427
123,1606,0.7034944045495379,0.6921330919828745,-0.011361312566663395
123,1607,0.7120983235559755,0.7046433246394869,-0.007454998916488598
123,1608,0.6959335272507108,0.6892593803505556,-0.00667414690015522
123,1609,0.6989273945019272,0.6956674113109507,-0.0032599831909765342
123,1610,0.7115036797579444,0.7040112466023433,-0.007492433155601108
123,1611,0.7121725452789791,0.7088453517471638,-0.00332719353181532
123,1612,0.7087137108865569,0.7015392074230162,-0.007174503463540649
123,1613,0.7098816323478757,0.7105285835952037,0.0006469512473279426
123,1614,0.7048023562387116,0.7017339756592846,-0.0030683805794269325
123,1615,0.7034194436498419,0.6890635094840776,-0.014355934165764306
123,1616,0.7082865549908712,0.6932237430987507,-0.015062811892120553
123,1617,0.7242071422592251,0.7161495407416376,-0.008057601517587498
123,1618,0.7111078967391509,0.7117212972768092,0.0006134005376583485
123,1619,0.7067252211606723,0.6960319040423495,-0.010693317118322776
123,1620,0.7116854328934625,0.7051692600406455,-0.006516172852817026
123,1621,0.7149202480908584,0.705137092912614,-0.009783155178244463
123,1622,0.7143042041006058,0.6974866421841022,-0.01681756191650363
123,1623,0.6954040923682853,0.6990254833915294,0.0036213910232441027
123,1624,0.7209665250259522,0.7089895535540447,-0.01197697147190746
123,1625,0.7153833438517541,0.7130801832175756,-0.0023031606341784583
123,1626,0.7127159588225136,0.7037073594582559,-0.009008599364257686
123,1627,0.7123860677550378,0.7078197730626861,-0.004566294692351702
123,1628,0.7107323972885273,0.7107422026246872,9.805336159907085e-06
123,1629,0.7120797237177535,0.7176591161845783,0.005579392466824817
123,1630,0.7128132662623289,0.7086845790088532,-0.004128687253475705
123,1631,0.7074100424328507,0.7008196607598978,-0.006590381672952894
123,1632,0.708810033637524,0.7046287800612386,-0.004181253576285404
123,1633,0.7152825485987742,0.7053619795454773,-0.009920569053296857
123,1634,0.7089658403824456,0.705125433217913,-0.0038404071645326
123,1635,0.7175819155844276,0.7172202119803532,-0.0003617036040743926
123,1636,0.7039910390382117,0.6916545008448785,-0.012336538193333246
123,1637,0.7072300753838903,0.7053011075014894,-0.0019289678824008227
123,1638,0.7058306460405833,0.6994810335018211,-0.006349612538762206
123,1639,0.6991447933502861,0.6956248678210193,-0.003519925529266832
123,1640,0.7109486640435811,0.7089884080454777,-0.001960255998103455
123,1641,0.7090333932721608,0.7030387026661767,-0.00599469060598401
123,1642,0.7140086094164768,0.7140866374765547,7.802806007783936e-05
123,1643,0.7134292535450817,0.7130943173386042,-0.00033493620647750966
123,1644,0.7048242787385366,0.7010850240198754,-0.0037392547186612113
123,1645,0.7127657924776638,0.7060706703046595,-0.006695122173004275
123,1646,0.7133559048376562,0.7150120579686459,0.001656153130989657
123,1647,0.7078688401809383,0.7038631423685286,-0.00400569781240967
123,1648,0.7065272623022547,0.6995260631654465,-0.007001199136808189
123,1649,0.7123842423720709,0.7027382849068442,-0.009645957465226673
123,1650,0.6997064603206056,0.6960250273240612,-0.0036814329965443315
123,1651,0.7106217394790713,0.702442400385926,-0.008179339093145277
123,1652,0.7156817426148991,0.703800101200214,-0.011881641414685173
123,1653,0.7190030149225537,0.7185914393424734,-0.0004115755800803145
123,1654,0.7057830393145399,0.7057773563279444,-5.682986595534345e-06
123,1655,0.7043473452452105,0.6909762342147102,-0.01337111103050026
123,1656,0.6993378286945005,0.6958657545555187,-0.003472074138981762
123,1657,0.7199678776754617,0.7162412023026998,-0.003726675372761834
123,1658,0.699863215801363,0.6991785041087698,-0.0006847116925932095
123,1659,0.7131194021191427,0.7073238240338718,-0.005795578085270869
123,1660,0.7063902776347937,0.6930309268583348,-0.01335935077645889
123,1661,0.7139115602357116,0.7146068219222972,0.0006952616865856243
123,1662,0.7093061470300961,0.7083980073703195,-0.0009081396597765412
123,1663,0.6991832108365288,0.7066690216551912,0.007485810818662397
123,1664,0.7118457428369012,0.7032099597299004,-0.00863578310700075
123,1665,0.7135453016388209,0.7136098531436428,6.455150482187477e-05
123,1666,0.6996528019848072,0.6942064704927872,-0.005446331492020007
123,1667,0.6928651274675303,0.7003935913925873,0.007528463925057016
123,1668,0.6997083425825672,0.6959558578735723,-0.0037524847089949187
123,1669,0.7025394200046607,0.7013521506829468,-0.0011872693217139796
123,1670,0.7310188010532674,0.723701564212965,-0.007317236840302388
123,1671,0.7220744296348713,0.7049960513706391,-0.017078378264232197
123,1672,0.7027716070832991,0.6928447076931996,-0.009926899390099497
123,1673,0.7085540759041771,0.7028281594220251,-0.005725916482151927
123,1674,0.7109866911289533,0.7106760573626305,-0.0003106337663227876
123,1675,0.7043137648033558,0.697801098261021,-0.006512666542334844
123,1676,0.7023386673532996,0.6945713760351594,-0.007767291318140246
123,1677,0.7079315112109394,0.6998799999162482,-0.008051511294691283
123,1678,0.7084919396028926,0.704052617053295,-0.0044393225495975575
123,1679,0.7115206627768296,0.7193882472552011,0.007867584478371548
123,1680,0.7100308391615363,0.704034236460076,-0.005996602701460296
123,1681,0.7178725707321969,0.7115520045821033,-0.006320566150093576
123,1682,0.7117016648147136,0.6997215895877471,-0.011980075226966536
123,1683,0.7195658820977006,0.7129958017948156,-0.006570080302884973
123,1684,0.7084672967716356,0.7174145521246823,0.008947255353046746
123,1685,0.6960226176041384,0.6883674197418479,-0.007655197862290519
123,1686,0.7176825098056352,0.7095639208035414,-0.008118589002093834
123,1687,0.6979865863976668,0.6849637110944254,-0.01302287530324131
123,1688,0.7145100986097774,0.7128419430001679,-0.001668155609609534
123,1689,0.7139898931855524,0.7054829115081429,-0.008506981677409486
123,1690,0.7011719013877105,0.7032293242103911,0.0020574228226806213
123,1691,0.7055714547229458,0.6998178388641028,-0.005753615858843042
123,1692,0.6969741783945776,0.6971544941487418,0.0001803157541641065
123,1693,0.6959837132025262,0.688087016242291,-0.007896696960235206
123,1694,0.7084153746510162,0.6974974315726221,-0.01091794307839411
123,1695,0.7116071355810352,0.7047548709771512,-0.006852264603883995
123,1696,0.7165818034534396,0.7137829712366559,-0.0027988322167836754
123,1697,0.7196239461100804,0.7133762761597087,-0.006247669950371737
123,1698,0.7071256920066094,0.7098636486657632,0.002737956659153884
123,1699,0.7055986237318135,0.6988214481644357,-0.00677717556737778
123,1700,0.704375330438221,0.6961215839528822,-0.008253746485338831
123,1701,0.716269152446482,0.7070418155192795,-0.009227336927202567
123,1702,0.7054771051766857,0.697852477995045,-0.007624627181640697
123,1703,0.7098185749975032,0.7061374911909413,-0.0036810838065619578
123,1704,0.7021971997237417,0.6988418174002071,-0.003355382323534606
123,1705,0.7018748340693126,0.6984269470412061,-0.0034478870281065
123,1706,0.7073639483470207,0.7140842277373063,0.006720279390285633
123,1707,0.6896388693448627,0.6904135592731522,0.0007746899282894404
123,1708,0.7080717164026169,0.7002026484459203,-0.007869067956696618
123,1709,0.7037777666405726,0.6990376766577882,-0.004740089982784412
123,1710,0.7105004172218892,0.7047464814703062,-0.005753935751583006
123,1711,0.7156365720993607,0.7154194621070236,-0.00021710999233715
123,1712,0.7079398327286629,0.703296003091771,-0.004643829636891916
123,1713,0.699281759717248,0.6945057420163978,-0.0047760177008502325
123,1714,0.7064453476336026,0.7062828368296847,-0.0001625108039178258
123,1715,0.7108812427179623,0.7172048364480369,0.006323593730074628
123,1716,0.7063575915283824,0.6995522490606958,-0.006805342467686604
123,1717,0.7175732487246542,0.7078989546608563,-0.009674294063797939
123,1718,0.7193893420068301,0.7131334446560467,-0.006255897350783468
123,1719,0.7123734192839745,0.699169282779658,-0.01320413650431651
123,1720,0.7077639781087501,0.7085352353065935,0.0007712571978433225
123,1721,0.7104099999679836,0.7136792816596238,0.0032692816916402023
123,1722,0.6937651521789766,0.6960530992089411,0.0022879470299644877
123,1723,0.7034026234523806,0.6946568211588992,-0.00874580229348143
123,1724,0.7020934978743494,0.7046263156350985,0.0025328177607490954
123,1725,0.710466449639233,0.7025627819745536,-0.007903667664679426
123,1726,0.7005434781240492,0.6941154715582136,-0.006428006565835531
123,1727,0.695033537974723,0.693281680508427,-0.0017518574662960251
123,1728,0.6988594289232305,0.6952840412063641,-0.003575387716866385
123,1729,0.7255408656044016,0.7072996909108454,-0.018241174693556128
123,1730,0.7026554564936087,0.7106273361021103,0.007971879608501542
123,1731,0.7166932945426933,0.7105748640096553,-0.006118430533037955
123,1732,0.715108143275703,0.6987212084639021,-0.01638693481180098
123,1733,0.7081533211139146,0.6944462145109528,-0.013707106602961816
123,1734,0.7019099394966635,0.7038320644749693,0.0019221249783057948
123,1735,0.7121018068410087,0.707316927154888,-0.004784879686120624
123,1736,0.7131215313917808,0.7065268135175268,-0.00659471787425403
123,1737,0.7075456396376846,0.6977034864565204,-0.009842153181164215
123,1738,0.7160536259084831,0.713300940258279,-0.0027526856502041452
123,1739,0.6951011290308238,0.6929028731341053,-0.002198255896718515
123,1740,0.7015517621881596,0.7027917848297723,0.0012400226416127147
123,1741,0.7144566501488483,0.7036047876647666,-0.010851862484081654
123,1742,0.7157828173846484,0.7044113648779806,-0.011371452506667823
123,1743,0.7059823226451153,0.702879003644417,-0.003103319000698268
123,1744,0.7142570370914432,0.7088258058869661,-0.005431231204477083
123,1745,0.722239391871905,0.7131795724764124,-0.009059819395492608
123,1746,0.7068881745438627,0.7100679753410597,0.003179800797197041
123,1747,0.689904421007306,0.6929774058020086,0.003072984794702638
123,1748,0.70960083639271,0.71053750497224,0.0009366685795300089
123,1749,0.7033032399715835,0.7037954699704461,0.0004922299988625589
123,1750,0.6961560352444977,0.6920055183521358,-0.0041505168923619
123,1751,0.7151016541415778,0.7130117623666135,-0.0020898917749643253
123,1752,0.710213353149737,0.7042610151787763,-0.0059523379709607305
123,1753,0.7124337530174913,0.7031910243109053,-0.009242728706586045
123,1754,0.7027115227000462,0.7077375369456321,0.005026014245585908
123,1755,0.7033186163253664,0.7006326830005776,-0.002685933324788836
123,1756,0.7055354167034105,0.7034619359339486,-0.0020734807694618995
123,1757,0.703661064710554,0.7017099827755227,-0.0019510819350313513
123,1758,0.7162085232801245,0.7202808973015808,0.004072374021456326
123,1759,0.7101099112671336,0.707194873424015,-0.0029150378431186397
123,1760,0.716479842781523,0.7154361548988695,-0.0010436878826535212
123,1761,0.7020534661174427,0.7057125552420734,0.0036590891246307544
123,1762,0.7253599149356655,0.7109533875510652,-0.014406527384600354
123,1763,0.7079337794695486,0.6992750722109418,-0.008658707258606846
123,1764,0.7126554004529129,0.6958322654609006,-0.016823134992012267
123,1765,0.7116860577898709,0.7033991461129564,-0.008286911676914532
123,1766,0.7245499290503404,0.7077355328880162,-0.016814396162324274
123,1767,0.7078380744789522,0.6931788478888611,-0.014659226590091112
123,1768,0.7046368152413232,0.699122902785024,-0.005513912456299175
123,1769,0.7187190722775543,0.7078426394542077,-0.010876432823346605
123,1770,0.707100851254499,0.6982028831313405,-0.008897968123158462
123,1771,0.7074905263983685,0.6998169743988878,-0.007673551999480721
123,1772,0.7000939162846934,0.6996701554750508,-0.00042376080964257046
123,1773,0.7086076071603283,0.6940246046491062,-0.014583002511222132
123,1774,0.7079375313289502,0.7018086081009132,-0.006128923228037042
123,1775,0.7048287335172212,0.6955750099972328,-0.009253723519988433
123,1776,0.7070242147097173,0.7055495267276699,-0.001474687982047418
123,1777,0.7074697056024812,0.7045659001283447,-0.0029038054741364894
123,1778,0.6987123369756512,0.7070012151026289,0.008288878126977761
123,1779,0.7136243832928535,0.7109364830913532,-0.0026879002015003373
123,1780,0.7087059218999873,0.7103399557692872,0.0016340338692999445
123,1781,0.7060945796809133,0.7090171625704422,0.0029225828895289574
123,1782,0.7102332328345006,0.7065591533385476,-0.0036740794959529977
123,1783,0.7086462379333467,0.7044611515704031,-0.004185086362943569
123,1784,0.7132423703682476,0.7074180275162736,-0.005824342851973974
123,1785,0.7135064313134631,0.7079129725333162,-0.005593458780146943
123,1786,0.699957169232998,0.7023140502683776,0.0023568810353795655
123,1787,0.719246812816682,0.715395238172227,-0.003851574644454958
123,1788,0.7222579946940211,0.7212439800122248,-0.0010140146817962936
123,1789,0.6989245398003696,0.7027643220670033,0.003839782266633729
123,1790,0.6979977079410371,0.6944113625770604,-0.0035863453639767284
123,1791,0.7050979445608532,0.7075626486323043,0.0024647040714511625
123,1792,0.7087130739753211,0.7110784159575524,0.0023653419822312616
123,1793,0.7055338159257203,0.6955258825492218,-0.010007933376498523
123,1794,0.7088229155677566,0.6953461987065561,-0.013476716861200444
123,1795,0.7125664477349102,0.7045446564271419,-0.008021791307768256
123,1796,0.7070345214575185,0.6978693901009657,-0.009165131356552836
123,1797,0.7038410002882977,0.6982999655794138,-0.005541034708883896
123,1798,0.7086372269153239,0.705627568414533,-0.003009658500790935
123,1799,0.6994946448962027,0.6942533231733445,-0.005241321722858183
123,1800,0.7184855317856215,0.7131267566626698,-0.005358775122951687
123,1801,0.7165284252437132,0.7130267862970061,-0.003501638946707075
123,1802,0.6954901323447036,0.6929485411443568,-0.0025415912003468044
123,1803,0.7222336710878221,0.7151931376244395,-0.0070405334633826255
123,1804,0.6949021597485523,0.6911749089335799,-0.0037272508149723826
123,1805,0.7121980540768325,0.7019448339209078,-0.01025322015592467
123,1806,0.706073974345204,0.7091195224060447,0.003045548060840675
123,1807,0.7094610219172586,0.7157814698038173,0.006320447886558722
123,1808,0.7071938953959098,0.7006098547789508,-0.006584040616959053
123,1809,0.711090073593482,0.7109025857255349,-0.00018748786794708927
123,1810,0.7125307678027628,0.6990821390982145,-0.013448628704548327
123,1811,0.7196309422478722,0.7116186853426181,-0.00801225690525409
123,1812,0.7177838336398616,0.7101451914898611,-0.007638642150000541
123,1813,0.7059259847824273,0.7139400420722734,0.008014057289846055
123,1814,0.7077642561892448,0.7030939782087291,-0.004670277980515669
123,1815,0.7124694400361666,0.7099079022943071,-0.002561537741859521
123,1816,0.721913008421548,0.7093962766910127,-0.012516731730535358
123,1817,0.7093413008575742,0.7026979102613773,-0.006643390596196896
123,1818,0.7178330016929262,0.7149598929446035,-0.0028731087483226947
123,1819,0.7133863523888069,0.7103598249375607,-0.003026527451246208
123,1820,0.7059257984169561,0.7035007102776782,-0.0024250881392778867
123,1821,0.7062534858871178,0.7113951058979806,0.005141620010862824
123,1822,0.7303027560284086,0.7161014458702775,-0.014201310158131086
123,1823,0.7127614646217295,0.7068602063080553,-0.0059012583136741625
123,1824,0.7178810313111158,0.7141124271324739,-0.003768604178641888
123,1825,0.7130607048109217,0.7098994145122905,-0.003161290298631103
123,1826,0.7071959571940318,0.703045827717748,-0.004150129476283793
123,1827,0.7070235105741933,0.7076270502723412,0.0006035396981478591
123,1828,0.7191575564333951,0.7093411417677565,-0.00981641466563854
123,1829,0.7051327552936713,0.703243149923529,-0.0018896053701422666
123,1830,0.6975948522652006,0.7010641528890695,0.003469300623868965
123,1831,0.7188958162873194,0.7161701769893964,-0.0027256392979229105
123,1832,0.7079723443292489,0.7141696414126231,0.006197297083374131
123,1833,0.7155764821715815,0.714893058633124,-0.0006834235384575171
123,1834,0.7121645735097712,0.7083554908573961,-0.0038090826523751176
123,1835,0.6998628917825576,0.6989496289260735,-0.0009132628564840761
123,1836,0.7098217667748479,0.714360373996104,0.004538607221256097
123,1837,0.7072472669866268,0.703304740244654,-0.003942526741972818
123,1838,0.7120139975819688,0.7103140432199435,-0.0016999543620253021
123,1839,0.7024575896769742,0.6970410528507021,-0.005416536826272189
123,1840,0.703089639354675,0.692330546695876,-0.01075909265879893
123,1841,0.7165747110605418,0.7204809834455567,0.003906272385014842
123,1842,0.7146509714790672,0.7092478787927773,-0.005403092686289912
123,1843,0.7092495831594847,0.7074822283610129,-0.0017673547984717874
123,1844,0.7124013814448322,0.7067985112148223,-0.0056028702300099376
123,1845,0.7168829322396846,0.7145126948654904,-0.002370237374194173
123,1846,0.7101611311691622,0.7034681268124866,-0.006693004356675636
123,1847,0.7128912778747896,0.7012201662314962,-0.011671111643293375
123,1848,0.7084755019020819,0.7081484447299131,-0.0003270571721687432
123,1849,0.7167675418083063,0.7124541195413029,-0.004313422267003375
123,1850,0.6994737356447797,0.6943481648474066,-0.00512557079737308
123,1851,0.7107681612499521,0.6945361519753614,-0.016232009274590675
123,1852,0.7169410854589238,0.7072641547894074,-0.00967693066951636
123,1853,0.7145094190623076,0.7142359605910187,-0.000273458471288901
123,1854,0.721792289769629,0.7090407460630743,-0.012751543706554624
123,1855,0.7080496778345247,0.711751565646496,0.0037018878119713383
123,1856,0.7131711012423387,0.7073109944860165,-0.005860106756322203
123,1857,0.7328172166952676,0.720546492332218,-0.012270724363049546
123,1858,0.7056450300207484,0.6994996661964579,-0.0061453638242905395
123,1859,0.7017931684668152,0.7074959542271809,0.005702785760365758
123,1860,0.7034777349073953,0.6974670640428307,-0.006010670864564638
123,1861,0.7088755010451593,0.7049833107496415,-0.0038921902955177945
123,1862,0.7108763238167958,0.7115412913709933,0.0006649675541975375
123,1863,0.7118874662631285,0.7119687112628045,8.124499967598897e-05
123,1864,0.7001414740848582,0.6987443922937584,-0.0013970817910997635
123,1865,0.7134624949401345,0.711680025280058,-0.0017824696600764467
123,1866,0.7239758827447983,0.712967600991389,-0.011008281753409288
123,1867,0.7109967349200211,0.7044693239783664,-0.006527410941654765
123,1868,0.7151538357489327,0.7093931747685723,-0.0057606609803603215
123,1869,0.7115971072904035,0.706813155023221,-0.004783952267182534
123,1870,0.713639735058193,0.7085538458315709,-0.00508588922662212
123,1871,0.7167771869671185,0.7050843921057799,-0.011692794861338562
123,1872,0.7157793700656208,0.7138896959374363,-0.0018896741281844154
123,1873,0.7008585952858312,0.696418528108238,-0.004440067177593154
123,1874,0.7131904307618786,0.7058023998180315,-0.0073880309438471015
123,1875,0.7062853975583242,0.6959568858543608,-0.010328511703963428
123,1876,0.7140252453890261,0.7048976835624934,-0.009127561826532737
123,1877,0.7069180274711486,0.6984061601605553,-0.00851186731059328
123,1878,0.7071831092546694,0.7051991563215312,-0.0019839529331382444
123,1879,0.707792809451208,0.7085210094083613,0.0007281999571532305
123,1880,0.6980913425142601,0.6999893380878149,0.001897995573554856
123,1881,0.716137597374892,0.7093332769086177,-0.006804320466274327
123,1882,0.7140645266910017,0.7029217527653155,-0.011142773925686189
123,1883,0.7016754469414723,0.6930903067635363,-0.00858514017793599
123,1884,0.7030848681138799,0.7024633213003025,-0.0006215468135774005
123,1885,0.7033617663100897,0.7024946503984304,-0.000867115911659333
123,1886,0.7134119285771461,0.7112080038828588,-0.002203924694287318
123,1887,0.7120583963015886,0.7029582710515125,-0.009100125250076085
123,1888,0.711826398812643,0.7059203365670643,-0.005906062245578658
123,1889,0.7079356647874324,0.6909360794921651,-0.01699958529526735
123,1890,0.7094687556220605,0.6978651502554116,-0.01160360536664884
123,1891,0.7020541810077076,0.6965860067424243,-0.005468174265283232
123,1892,0.7082685007694098,0.6964548808344418,-0.01181361993496799
123,1893,0.7216731704066578,0.7134403703142195,-0.00823280009243832
123,1894,0.7159100807252788,0.7165417397404306,0.0006316590151517198
123,1895,0.7071135646752866,0.6965830489126156,-0.010530515762671055
123,1896,0.7000424858573733,0.6968332386761729,-0.003209247181200414
123,1897,0.7148669269133572,0.7023392431415059,-0.012527683771851317
123,1898,0.7071440847267483,0.6891675694931543,-0.017976515233594004
123,1899,0.7144770859997933,0.720536043663797,0.006058957664003661
123,1900,0.7113072634513176,0.710189992767547,-0.0011172706837705437
123,1901,0.7039014271489217,0.7046174947651143,0.0007160676161925839
123,1902,0.7222704435945497,0.7089558761901273,-0.013314567404422384
123,1903,0.7128517942635746,0.7010052812036041,-0.011846513059970532
123,1904,0.7100574082816746,0.7044914186187914,-0.005565989662883242
123,1905,0.7102571709595538,0.6990130136682516,-0.011244157291302126
123,1906,0.7123253310957256,0.7028256530375481,-0.00949967805817753
123,1907,0.7058090035931515,0.6919640172398933,-0.013844986353258149
123,1908,0.6989386939487376,0.7027793021275848,0.003840608178847127
123,1909,0.7106834797842321,0.709805230893323,-0.0008782488909090391
123,1910,0.7146443219025429,0.7086626069228796,-0.005981714979663266
123,1911,0.7041837704817735,0.7047777790156391,0.0005940085338655976
123,1912,0.7159344970757355,0.708544235056874,-0.007390262018861504
123,1913,0.714855197055026,0.7096107150421397,-0.005244482012886298
123,1914,0.7039684403077304,0.6906363650774122,-0.013332075230318208
123,1915,0.7006327614425685,0.6979967643075868,-0.002635997134981638
123,1916,0.6969238384573029,0.6924650062622032,-0.004458832195099682
123,1917,0.7085451923123214,0.705569309378236,-0.00297588293408535
123,1918,0.7173719608072451,0.7094613950125546,-0.007910565794690516
123,1919,0.7083316641937916,0.7057060124833643,-0.002625651710427279
123,1920,0.7065688229755115,0.7079297772660804,0.0013609542905689276
123,1921,0.7183013897331589,0.7125540319588658,-0.005747357774293138
123,1922,0.706579530710082,0.6970369787520376,-0.00954255195804432
123,1923,0.707907657042099,0.7047221119879528,-0.003185545054146255
123,1924,0.7093545385072731,0.7051612675670706,-0.004193270940202498
123,1925,0.704218429312111,0.697654755787231,-0.006563673524879965
123,1926,0.7104199280168912,0.7066015465252066,-0.0038183814916846748
123,1927,0.7174788738703362,0.7100008671349498,-0.007478006735386344
123,1928,0.7217442150574596,0.7190349916446928,-0.0027092234127668036
123,1929,0.703485214937119,0.7028195764247398,-0.0006656385123792186
123,1930,0.7057529914404981,0.6964916077561347,-0.009261383684363356
123,1931,0.7120229527609012,0.7046369539261201,-0.007385998834781082
123,1932,0.7058235462433664,0.6981115605247842,-0.007711985718582226
123,1933,0.7069440493860499,0.7023726297079187,-0.004571419678131239
123,1934,0.6985495221367046,0.6991263063457053,0.000576784209000647
123,1935,0.7042993455102687,0.6863689647022555,-0.017930380808013235
123,1936,0.7140951188415836,0.7071568798541823,-0.006938238987401313
123,1937,0.6988190244831365,0.6899696620996141,-0.008849362383522408
123,1938,0.7122072315007246,0.7066206651754448,-0.005586566325279874
123,1939,0.7187668887705766,0.7108771125273676,-0.007889776243208968
123,1940,0.7051742526985272,0.6993240302716406,-0.005850222426886598
123,1941,0.7117133763384433,0.7084363463134169,-0.0032770300250264395
123,1942,0.7126522007036415,0.7128999442819748,0.0002477435783332371
123,1943,0.7129527141050178,0.7083069546631762,-0.004645759441841646
123,1944,0.6997425765465527,0.6925599743555759,-0.007182602190976772
123,1945,0.7090814107332053,0.7130543320031769,0.003972921269971619
123,1946,0.7098899275154188,0.7091086560798265,-0.0007812714355922568
123,1947,0.7046396678611709,0.7020616922488256,-0.0025779756123452957
123,1948,0.707677834009613,0.714653541873661,0.0069757078640479975
123,1949,0.7039768265920214,0.7026419989949566,-0.001334827597064825
123,1950,0.7075949205948295,0.7021266944886966,-0.005468226106132956
123,1951,0.7360504425841558,0.7259900169216544,-0.010060425662501316
123,1952,0.7034421067806,0.6925222568244411,-0.010919849956158911
123,1953,0.7020883515336398,0.701525164948294,-0.0005631865853458207
123,1954,0.7149350600022886,0.7038037877675805,-0.011131272234708112
123,1955,0.6957951742603967,0.7051186012180493,0.009323426957652536
123,1956,0.719367923796967,0.7079535820475731,-0.01141434174939393
123,1957,0.7068119266556632,0.6989611348356035,-0.007850791820059655
123,1958,0.7066940500628398,0.704960267121097,-0.0017337829417427564
123,1959,0.7069334129691565,0.6982226128381641,-0.008710800130992347
123,1960,0.7180889916180857,0.7096098112066332,-0.008479180411452458
123,1961,0.7077227449803912,0.7051632141881057,-0.002559530792285547
123,1962,0.7133738299372316,0.7100588870648997,-0.0033149428723319163
123,1963,0.7175917350627937,0.7097140113329121,-0.007877723729881603
123,1964,0.7036807976539468,0.7014178215112759,-0.0022629761426709027
123,1965,0.7128023831492121,0.7086443724916625,-0.004158010657549616
123,1966,0.7073070185379751,0.700905796090699,-0.006401222447276034
123,1967,0.7173524543880789,0.7098542665064272,-0.007498187881651686
123,1968,0.7096389420119713,0.7091749521943354,-0.0004639898176359569
123,1969,0.7178854685917427,0.6999482005201947,-0.01793726807154805
123,1970,0.7165072266797474,0.7124449737191889,-0.00406225296055851
123,1971,0.7112941937274078,0.7016875008455361,-0.009606692881871659
123,1972,0.7114999157667888,0.7047653297566288,-0.006734586010160082
123,1973,0.7108356928542087,0.7005831356509584,-0.010252557203250245
123,1974,0.6942320416344141,0.6943854007511869,0.0001533591167728332
123,1975,0.6966466540398779,0.6973820306887941,0.0007353766489162084
123,1976,0.6993559039096368,0.6891989032154481,-0.010157000694188678
123,1977,0.6984361870315879,0.6982291939424446,-0.0002069930891432925
123,1978,0.7060023104705273,0.7042760390382694,-0.0017262714322578976
123,1979,0.7051021599587184,0.7016367875506305,-0.0034653724080878634
123,1980,0.7021125678916735,0.6982017556943747,-0.00391081219729883
123,1981,0.7094868360493723,0.6998268908666792,-0.009659945182693197
123,1982,0.7174017864054977,0.7103840998497565,-0.007017686555741198
123,1983,0.7192072782243267,0.711097808839549,-0.008109469384777745
123,1984,0.7001980330811096,0.7000436171451572,-0.00015441593595244552
123,1985,0.7144698663760469,0.7180313952289443,0.0035615288528974
123,1986,0.7110213946998388,0.7016299043303009,-0.009391490369537903
123,1987,0.7258596860551182,0.724256717861939,-0.0016029681931791773
123,1988,0.7097008025091074,0.7069035280426945,-0.002797274466412869
123,1989,0.7060648958574908,0.7063912823245313,0.0003263864670405292
123,1990,0.7125661203166823,0.7168304659927688,0.004264345676086467
123,1991,0.7166973787746487,0.7092053984384876,-0.007491980336161053
123,1992,0.7104006051989455,0.7074074317461296,-0.0029931734528159115
123,1993,0.7099221515757576,0.704183828746591,-0.005738322829166531
123,1994,0.7207287397483442,0.7148877539880453,-0.0058409857602989
123,1995,0.7085548689410139,0.7142683563202084,0.005713487379194415
123,1996,0.7097350478198915,0.6985237031499438,-0.011211344669947665
123,1997,0.7035325039863398,0.703890412959423,0.0003579089730831875
123,1998,0.71671407337636,0.7098622359267699,-0.006851837449590059
123,1999,0.7113053207554951,0.6993308835064938,-0.01197443724900138
123,2000,0.7106098763613674,0.6971484111937449,-0.013461465167622477
123,2001,0.7046339255035607,0.695915347578257,-0.008718577925303728
123,2002,0.7052224672248173,0.7036180527364826,-0.0016044144883347045
123,2003,0.7135991777166242,0.7096466191702554,-0.0039525585463687785
123,2004,0.7072201757360631,0.6984326115512083,-0.008787564184854824
123,2005,0.7111868663390799,0.7104786951162596,-0.0007081712228202974
123,2006,0.7145654860934205,0.7062883029963012,-0.008277183097119334
123,2007,0.7091672397120503,0.7090471211837106,-0.00012011852833970771
123,2008,0.7186359738429047,0.7044778729026415,-0.014158100940263152
123,2009,0.6967732063424313,0.6863680963190627,-0.010405110023368636
123,2010,0.7211642118386044,0.7144294885269596,-0.006734723311644708
123,2011,0.7127142388591432,0.7068912481733572,-0.005822990685785956
123,2012,0.6949700317260752,0.6920263306139045,-0.0029437011121706824
123,2013,0.719643869422739,0.7139341892653643,-0.005709680157374608
123,2014,0.7093076833480877,0.6990767654270627,-0.01023091792102504
123,2015,0.7158464384150229,0.7171556973435941,0.0013092589285711442
123,2016,0.7094014078772177,0.7065804746045912,-0.002820933272626558
123,2017,0.7235648003818511,0.7167224396595725,-0.006842360722278618
123,2018,0.7161711148995942,0.7145819671568714,-0.0015891477427227851
123,2019,0.7096798232884698,0.7104358421930286,0.0007560189045587862
123,2020,0.7037988639432571,0.7027455930134423,-0.0010532709298147758
123,2021,0.7194038123010527,0.7104176592492091,-0.008986153051843582
123,2022,0.7167226926816501,0.7151937739966949,-0.001528918684955194
123,2023,0.7190447576362184,0.7137659379375226,-0.005278819698695814
123,2024,0.714412097642712,0.7061588725660128,-0.008253225076699122
123,2025,0.7088067620409184,0.7050012598294981,-0.0038055022114202863
123,2026,0.7022100596205589,0.6956342338911345,-0.006575825729424389
123,2027,0.7175077730170578,0.7038290893875032,-0.0136786836295546
123,2028,0.7164524068486744,0.7067656947788381,-0.00968671206983629
123,2029,0.7129265025494493,0.7057249369666634,-0.0072015655827859515
123,2030,0.7182568811122503,0.7037539010228431,-0.014502980089407203
123,2031,0.7068804251769923,0.7024399158887179,-0.004440509288274441
123,2032,0.7029072338962538,0.7063773475427524,0.0034701136464986293
123,2033,0.7070019562138881,0.7037596375325602,-0.0032423186813278493
123,2034,0.7119469719518814,0.7089400299441211,-0.003006942007760305
123,2035,0.7129864825835927,0.7023413005918853,-0.010645181991707386
123,2036,0.7187569796799836,0.7092283008771374,-0.009528678802846247
123,2037,0.7024896470839929,0.7014074307626114,-0.0010822163213815017
123,2038,0.7082948315627311,0.6951821031351673,-0.013112728427563836
123,2039,0.7135360664665705,0.7172708777840088,0.003734811317438247
123,2040,0.7147219852847417,0.708303881023991,-0.006418104260750734
123,2041,0.7066331185940316,0.7032630008128685,-0.003370117781163029
123,2042,0.7121758376750948,0.7019339905785827,-0.010241847096512102
123,2043,0.7135896630615449,0.7112233685761025,-0.002366294485442455
123,2044,0.711332319245091,0.7118106470945911,0.000478327849500082
123,2045,0.7159065374713887,0.7159576228645931,5.108539320441974e-05
123,2046,0.7109655698847381,0.7044063125997242,-0.006559257285013942
123,2047,0.7119111959112043,0.6899415878363404,-0.021969608074863922
123,2048,0.7123709315683973,0.7034034471713486,-0.008967484397048642
123,2049,0.7149777985508892,0.7102354984366822,-0.004742300114206954
123,2050,0.7040413018249798,0.7082319297272888,0.004190627902308952
123,2051,0.6879448660397262,0.6890833114739563,0.0011384454342301398
123,2052,0.6985692968102322,0.7023598411949882,0.0037905443847560116
123,2053,0.7112319909343341,0.7172699573154941,0.006037966381160054
123,2054,0.7017488424914875,0.6880954014294308,-0.013653441062056682
123,2055,0.6997156400311736,0.7052563714506936,0.005540731419520051
123,2056,0.7148576247199694,0.698711280447827,-0.016146344272142343
123,2057,0.6926567640791955,0.6872130263060358,-0.0054437377731597625
123,2058,0.7081703736944133,0.7109380447608611,0.002767671066447819
123,2059,0.7030877785458491,0.6996504820761937,-0.0034372964696554043
123,2060,0.713611373039257,0.7029053677639581,-0.010706005275298969
123,2061,0.7144850406963491,0.7081757327788754,-0.00630930791747375
123,2062,0.7037979093966281,0.7084719442226973,0.004674034826069207
123,2063,0.7094352672761218,0.7087818732316689,-0.0006533940444529707
123,2064,0.7110663127545027,0.7090999157882071,-0.001966396966295636
123,2065,0.7101871122021642,0.708018306884571,-0.0021688053175932254
123,2066,0.714313705487229,0.709625777502948,-0.004687927984280971
123,2067,0.7074045641819153,0.7125697508738179,0.005165186691902579
123,2068,0.7124556938666422,0.7095765818155777,-0.002879112051064503
123,2069,0.7028512159160223,0.6914261020993091,-0.011425113816713184
123,2070,0.7016501153619351,0.6969087021955663,-0.00474141316636878
123,2071,0.7107324670011167,0.7055937406743215,-0.00513872632679524
123,2072,0.7007697155955074,0.6947366925083938,-0.00603302308711362
123,2073,0.6953987592077484,0.7011339408028089,0.005735181595060479
123,2074,0.7089350109400181,0.7074651987871876,-0.0014698121528304853
123,2075,0.721821569707366,0.7132787053600012,-0.008542864347364842
123,2076,0.7222181387930119,0.7082518976556991,-0.013966241137312818
123,2077,0.7136197214195408,0.706134998618311,-0.007484722801229804
123,2078,0.7100784624753798,0.6957866214408599,-0.014291841034519859
123,2079,0.6988361198400322,0.6893861561116529,-0.009449963728379362
123,2080,0.7048714566341215,0.6986011704274624,-0.006270286206659148
123,2081,0.7188896113407464,0.714555618258425,-0.004333993082321408
123,2082,0.7151518230475544,0.7062340639185453,-0.008917759129009162
123,2083,0.7001317430378227,0.7016069120349171,0.0014751689970944337
123,2084,0.7200746426067535,0.7063906240457245,-0.013684018561028966
123,2085,0.7078714296739801,0.7017435213262235,-0.006127908347756561
123,2086,0.703198559864321,0.6971430129746122,-0.006055546889708774
123,2087,0.711883582241308,0.7136701929457352,0.001786610704427205
123,2088,0.7127248851777368,0.7132351465261517,0.0005102613484149199
123,2089,0.7017164583708431,0.6909797698944022,-0.010736688476440825
123,2090,0.70972078551546,0.6960161066023024,-0.01370467891315763
123,2091,0.7130244855510405,0.7003280506949456,-0.01269643485609484
123,2092,0.6994947990040452,0.694417377709316,-0.005077421294729212
123,2093,0.7143916104415046,0.7097547892430878,-0.004636821198416796
123,2094,0.7077928765808159,0.7114520755722595,0.003659198991443624
123,2095,0.707109389516565,0.7013587667658441,-0.005750622750720913
123,2096,0.7144180587701516,0.7090810561667704,-0.0053370026033812135
123,2097,0.715783606702916,0.705336963178285,-0.010446643524630983
123,2098,0.7061989354414373,0.706580976773989,0.000382041332551708
123,2099,0.7034839177322965,0.6996746291174449,-0.003809288614851525
123,2100,0.7199473745422825,0.7216875418243308,0.0017401672820482883
123,2101,0.7284249013609756,0.7177068304003095,-0.010718070960666126
123,2102,0.7032706504056299,0.7023312636826591,-0.0009393867229707809
123,2103,0.7003225383801259,0.7005773631943666,0.0002548248142406617
123,2104,0.7024124798687829,0.6929471040766939,-0.009465375792088948
123,2105,0.7029621216464182,0.7029046518173544,-5.746982906384979e-05
123,2106,0.7036361771890776,0.6989593485224788,-0.004676828666598798
123,2107,0.707368740198718,0.7061833216588509,-0.0011854185398670891
123,2108,0.7175145269000587,0.708135008085242,-0.00937951881481669
123,2109,0.7144651365503,0.7053926530059644,-0.009072483544335541
123,2110,0.7169652359765705,0.7188776372809246,0.0019124013043541055
123,2111,0.7194532400105077,0.7158541178648714,-0.003599122145636291
123,2112,0.7120548859267638,0.7090028521050635,-0.003052033821700273
123,2113,0.6958944613803546,0.7005617488181718,0.004667287437817191
123,2114,0.7088516505707407,0.7022814120092218,-0.0065702385615189485
123,2115,0.7143198734834917,0.7146619730343766,0.0003420995508849334
123,2116,0.6975153347867992,0.6972594155772123,-0.00025591920958689673
123,2117,0.7235991753932413,0.7109126776576788,-0.012686497735562408
123,2118,0.7041142857339471,0.7024653826019323,-0.0016489031320148229
123,2119,0.7183603175636057,0.715750257411594,-0.002610060152011706
123,2120,0.7077159475605566,0.7003561048033143,-0.007359842757242219
123,2121,0.7165544931417492,0.7128512415153561,-0.003703251626393178
123,2122,0.7245225706825769,0.7189153722492061,-0.005607198433370764
123,2123,0.6953381778750493,0.6806370605397414,-0.014701117335307878
123,2124,0.7242387715771914,0.7192994898153366,-0.0049392817618547635
123,2125,0.696619007067262,0.7033004454887987,0.0066814384215366784
123,2126,0.7066060135847647,0.7007749331083568,-0.005831080476407902
123,2127,0.7150468648939203,0.7028103794887943,-0.012236485405126007
123,2128,0.7120763146208777,0.704384166838518,-0.007692147782359715
123,2129,0.7093952115822189,0.708443851939901,-0.0009513596423178505
123,2130,0.70636091189502,0.706601415575668,0.00024050368064798544
123,2131,0.7164184683028865,0.7160889085215102,-0.0003295597813762763
123,2132,0.71121118467813,0.7078222797665438,-0.003388904911586277
123,2133,0.7112892045930919,0.7064844755588426,-0.004804729034249222
123,2134,0.71048407097005,0.7006101169753705,-0.009873953994679496
123,2135,0.7204612112597695,0.7158796947879003,-0.004581516471869218
123,2136,0.7062596439226865,0.7018615922899352,-0.00439805163275131
123,2137,0.7068341644221596,0.7002542139700698,-0.006579950452089811
123,2138,0.7110556374908341,0.7047618829542688,-0.0062937545365653325
123,2139,0.7147613096275756,0.6983315755468447,-0.016429734080730896
123,2140,0.7202093926563247,0.7103197596153505,-0.009889633040974122
123,2141,0.7036019105335953,0.7026698514447679,-0.0009320590888274305
123,2142,0.7242252261423487,0.7154878621771339,-0.00873736396521485
123,2143,0.7091343902787108,0.7085205681972597,-0.0006138220814511097
123,2144,0.706719798465826,0.6980517075979025,-0.008668090867923528
123,2145,0.710785466897255,0.7053466683253367,-0.005438798571918313
123,2146,0.699494109642623,0.6918442950048954,-0.0076498146377276255
123,2147,0.6988081830440247,0.6982835867168677,-0.0005245963271569565
123,2148,0.6957121106965982,0.6962249808512166,0.0005128701546184278
123,2149,0.7227585122141366,0.7181991693210363,-0.004559342893100227
123,2150,0.716101752856283,0.7054033194551783,-0.010698433401104657
123,2151,0.7108319796708862,0.7106102876669871,-0.00022169200389909882
123,2152,0.7207052742643524,0.7131190145636609,-0.007586259700691489
123,2153,0.6970683962111885,0.7009369890425797,0.003868592831391182
123,2154,0.7161079369633607,0.6986736523245621,-0.01743428463879859
123,2155,0.710011239172491,0.708627689414689,-0.0013835497578019718
123,2156,0.7065618539268601,0.6969247634293376,-0.009637090497522482
123,2157,0.7106759491840018,0.7040845224639978,-0.006591426720004012
123,2158,0.7122771596536656,0.7089698723184454,-0.0033072873352201215
123,2159,0.6993990005018973,0.6992683011537119,-0.00013069934818543683
123,2160,0.7081025536283134,0.704144426273047,-0.003958127355266461
123,2161,0.6954949179827654,0.6987023584601042,0.0032074404773387855
123,2162,0.7123218088351777,0.6967313399582895,-0.015590468876888197
123,2163,0.6999633179975593,0.6944666011037234,-0.005496716893835907
123,2164,0.7035035344055108,0.6957623378010513,-0.007741196604459488
123,2165,0.716404848172689,0.7068321411236429,-0.009572707049046114
123,2166,0.7121292803998833,0.7055892944927946,-0.006539985907088708
123,2167,0.7099767551406125,0.700359692649932,-0.009617062490680506
123,2168,0.717936307550564,0.71366268542706,-0.004273622123504017
123,2169,0.7170599936676927,0.705075984776704,-0.011984008890988718
123,2170,0.7131416796800598,0.7129350730636077,-0.00020660661645210965
123,2171,0.7191135568568384,0.7048141222043665,-0.014299434652471965
123,2172,0.7111183838617906,0.7058948059005359,-0.005223577961254722
123,2173,0.7181115897222526,0.7130963214101471,-0.005015268312105525
123,2174,0.7122910119838295,0.7065429403907338,-0.005748071593095649
123,2175,0.7159176835638862,0.7028787424594756,-0.013038941104410617
123,2176,0.7066446088199149,0.7029079972597869,-0.003736611560127945
123,2177,0.7062853678450264,0.7010298926106017,-0.005255475234424711
123,2178,0.7018693794400583,0.6999338317676311,-0.001935547672427207
123,2179,0.7032134784846147,0.7001237303956369,-0.003089748088977773
123,2180,0.703265832815583,0.6921011941778914,-0.01116463863769157
123,2181,0.7115385099179984,0.7014424384157546,-0.010096071502243786
123,2182,0.7115346316560893,0.7004964622385197,-0.011038169417569632
123,2183,0.7190574797826926,0.7183358450132071,-0.0007216347694855019
123,2184,0.7149215462934732,0.7085078289469162,-0.006413717346556935
123,2185,0.7167662571336277,0.709732390396465,-0.007033866737162775
123,2186,0.6996501009108373,0.6932447854764562,-0.006405315434381165
123,2187,0.7058834104567364,0.7037188491578567,-0.0021645612988797636
123,2188,0.7076216832857845,0.7096135899963336,0.001991906710549163
123,2189,0.714460219928208,0.7073753086514543,-0.007084911276753703
123,2190,0.6994662721985225,0.7062121184183583,0.0067458462198357605
123,2191,0.6964474999727857,0.7021578241609066,0.005710324188120897
123,2192,0.7111763245279961,0.7078020419165382,-0.0033742826114578905
123,2193,0.7068695815569203,0.701678923821025,-0.005190657735895221
123,2194,0.7194369600197787,0.7101647772648502,-0.009272182754928582
123,2195,0.702809829607711,0.7041236972068632,0.0013138675991521964
123,2196,0.7115170435658815,0.709647999862597,-0.0018690437032845564
123,2197,0.7089869387151702,0.7084318717268322,-0.00055506698833796
123,2198,0.709296081560719,0.7054358418496764,-0.0038602397110425457
123,2199,0.722704791785147,0.7154936513080037,-0.00721114047714333
123,2200,0.7131146082752531,0.7069125145686999,-0.0062020937065532245
123,2201,0.707956938156497,0.699807712689466,-0.008149225467031007
123,2202,0.717406933759811,0.7071342963286639,-0.010272637431147147
123,2203,0.7137342468391563,0.7046992328834331,-0.009035013955723259
123,2204,0.7062445209832777,0.7021136566948105,-0.0041308642884672064
123,2205,0.712921847385015,0.6977829506878438,-0.015138896697171167
123,2206,0.71379063230696,0.7020909856077968,-0.011699646699163235
123,2207,0.7089761667589126,0.7053546311697059,-0.003621535589206748
123,2208,0.7009360297099756,0.6947318884565504,-0.006204141253425166
123,2209,0.7271964348767219,0.7096236017962373,-0.01757283308048463
123,2210,0.7087732263735961,0.7063204090758284,-0.0024528172977676954
123,2211,0.7076241247895373,0.6982645546300731,-0.009359570159464203
123,2212,0.7126908327119953,0.705211994686329,-0.00747883802566629
123,2213,0.7001275135602494,0.6961084971229008,-0.004019016437348588
123,2214,0.705001954693329,0.7024132562667644,-0.0025886984265646173
123,2215,0.7091329932965633,0.7066548155241867,-0.0024781777723765774
123,2216,0.7017666275890913,0.7024944912367717,0.0007278636476804046
123,2217,0.7095226368003184,0.7078216394241452,-0.00170099737617313
123,2218,0.7186596265223386,0.7092969557240837,-0.009362670798254924
123,2219,0.7096633930064322,0.7057974511970413,-0.003865941809390927
123,2220,0.7105141841743313,0.7002971395244133,-0.010217044649918017
123,2221,0.7265243474037055,0.7184100356156566,-0.008114311788048889
123,2222,0.7089900506434431,0.7002184005510625,-0.008771650092380567
123,2223,0.7108711713030442,0.6944794725179905,-0.016391698785053754
123,2224,0.7131872711081764,0.7114246926402985,-0.0017625784678778622
123,2225,0.7210521324579693,0.7179285348441933,-0.003123597613776008
123,2226,0.7069201771749476,0.7107815437678159,0.003861366592868287
123,2227,0.7144645837951796,0.7061897050733978,-0.008274878721781787
123,2228,0.710626941895497,0.7007895675347521,-0.009837374360744944
123,2229,0.7092560382011552,0.7013245324684746,-0.007931505732680644
123,2230,0.6962114697221645,0.7046258021883449,0.008414332466180396
123,2231,0.7133925274984945,0.7085275114239076,-0.004865016074586892
123,2232,0.717683886884925,0.7057569292240558,-0.011926957660869264
123,2233,0.706552397392787,0.706879499076488,0.00032710168370098103
123,2234,0.7113806933139946,0.7040188614369055,-0.007361831877089053
123,2235,0.7141288621278836,0.7151434927919611,0.001014630664077476
123,2236,0.7314210824590139,0.7196556422935713,-0.011765440165442675
123,2237,0.7132147924999221,0.7051127089681144,-0.008102083531807747
123,2238,0.7100753640001671,0.7022084161808875,-0.007866947819279657
123,2239,0.7099914001032841,0.71212181168594,0.0021304115826559222
123,2240,0.7076611521741532,0.7051304763928893,-0.002530675781263869
123,2241,0.7087110528778364,0.6987218474697445,-0.009989205408091895
123,2242,0.7068201440835188,0.7111041554295539,0.004284011346035066
123,2243,0.7134430454691134,0.7073871467253632,-0.006055898743750232
123,2244,0.7101127997450525,0.7055231743010091,-0.004589625444043399
123,2245,0.7288190208328615,0.7132258715756421,-0.01559314925721944
123,2246,0.7039771108279833,0.6987497929398432,-0.005227317888140126
123,2247,0.7083095010822766,0.7045149872038441,-0.0037945138784325483
123,2248,0.7085346568662667,0.7039780014479332,-0.0045566554183334995
123,2249,0.6979133950770756,0.6979499044329931,3.650935591748006e-05
123,2250,0.7145609315283903,0.709635920494146,-0.004925011034244253
123,2251,0.7091900909679628,0.7183345475611067,0.00914445659314389
123,2252,0.7113998338873673,0.7072883931989244,-0.0041114406884428245
123,2253,0.7153404271541945,0.7038561847486349,-0.011484242405559675
123,2254,0.7067275970301168,0.7073145548389631,0.0005869578088463223
123,2255,0.7103504716098547,0.7037838573702151,-0.006566614239639557
123,2256,0.7146881234931383,0.7139478486794224,-0.0007402748137158577
123,2257,0.6955794229316059,0.7012698743747015,0.0056904514430955455
123,2258,0.7027816515037815,0.7028639331424443,8.22816386628622e-05
123,2259,0.7131344950242433,0.7000783533411759,-0.013056141683067457
123,2260,0.7223679157860429,0.7128528015174859,-0.009515114268557001
123,2261,0.6946850296180732,0.6993392061043769,0.004654176486303729
123,2262,0.7154206500981735,0.7140696822408549,-0.0013509678573185857
123,2263,0.7183857863499836,0.7140878273790872,-0.004297958970896465
123,2264,0.7082785616253335,0.7045907007203757,-0.0036878609049578737
123,2265,0.7066845450582686,0.7105225582892621,0.003838013230993531
123,2266,0.7124242214984824,0.704135398979657,-0.008288822518825345
123,2267,0.7133390078386955,0.7061897582750504,-0.007149249563645155
123,2268,0.690057086932172,0.6956327599856862,0.005575673053514141
123,2269,0.7091997345754137,0.7062793478309288,-0.002920386744484915
123,2270,0.7071290428472332,0.7095525295450062,0.0024234866977730363
123,2271,0.7023053056005881,0.6902553999590328,-0.01204990564155528
123,2272,0.7073116404791525,0.6990580261733733,-0.0082536143057792
123,2273,0.7216551687947859,0.716749240523172,-0.004905928271613846
123,2274,0.6974709651421678,0.696971910623665,-0.0004990545185027395
123,2275,0.7098183316027782,0.7025444215572008,-0.007273910045577425
123,2276,0.6986108509442996,0.7089638108838479,0.010352959939548212
123,2277,0.7099576903682718,0.7072870892386889,-0.00267060112958295
123,2278,0.7127961005965697,0.7144741828075378,0.0016780822109681015
123,2279,0.7144897489248162,0.7011595842519669,-0.01333016467284931
123,2280,0.7049417654043288,0.6964445200787996,-0.008497245325529201
123,2281,0.7150993264561891,0.7057096229771771,-0.009389703479012024
123,2282,0.7060294942773269,0.7024816751218332,-0.0035478191554936256
123,2283,0.7114724504648899,0.7080084110252891,-0.00346403943960083
123,2284,0.7096938331046161,0.7106369670675171,0.0009431339629010216
123,2285,0.7042775981755796,0.709192185776989,0.0049145876014093925
123,2286,0.7148548758011279,0.7170224503739584,0.002167574572830455
123,2287,0.7056914931885891,0.6972848008125575,-0.008406692376031644
123,2288,0.7068312741976799,0.7026151610924134,-0.0042161131052664835
123,2289,0.7133591488059213,0.7067218591952301,-0.0066372896106912105
123,2290,0.7142340169705939,0.7077378588870334,-0.0064961580835604105
123,2291,0.6962779569758322,0.6914658976118195,-0.004812059364012633
123,2292,0.7088327953801474,0.7026624752076582,-0.0061703201724891965
123,2293,0.7079716677066944,0.7060490840684792,-0.0019225836382151806
123,2294,0.7117210219027623,0.7076126907811566,-0.004108331121605691
123,2295,0.7161669092369221,0.7106523133893307,-0.005514595847591397
123,2296,0.7188587009728609,0.7160960562597035,-0.0027626447131573473
123,2297,0.6969178281072773,0.6941917351863682,-0.0027260929209090845
123,2298,0.7100548739445384,0.7070080380241933,-0.003046835920345048
123,2299,0.7030887195525277,0.71060370279531,0.007514983242782325
123,2300,0.7044806893367933,0.7028397292622505,-0.001640960074542841
123,2301,0.7178272334950531,0.7155117922803942,-0.0023154412146588754
123,2302,0.7096322836551296,0.7062277179861033,-0.0034045656690263604
123,2303,0.7219195323024339,0.7154475395253463,-0.006471992777087543
123,2304,0.7079750250545538,0.7091338748223874,0.0011588497678336473
123,2305,0.7170371261262429,0.7080214800807971,-0.009015646045445802
123,2306,0.7045936529663994,0.6983313720693475,-0.006262280897051942
123,2307,0.7183951695057426,0.7143334930543594,-0.004061676451383112
123,2308,0.6960960713863329,0.69356828306343,-0.002527788322902902
123,2309,0.702625758313707,0.6965706345565921,-0.006055123757114922
123,2310,0.7154163619444736,0.7101095446710403,-0.005306817273433295
123,2311,0.7137215235949399,0.7125494409230386,-0.0011720826719012756
123,2312,0.7225931456142941,0.709462710795783,-0.013130434818511061
123,2313,0.7011731912775254,0.7004366684866615,-0.0007365227908638916
123,2314,0.7047814731070758,0.6997835410525024,-0.00499793205457344
123,2315,0.6913058980517199,0.6798282087506106,-0.011477689301109373
123,2316,0.7176376522156598,0.7032075748766253,-0.014430077339034453
123,2317,0.7036559006509757,0.6975240246826531,-0.006131875968322653
123,2318,0.7055931708511876,0.698927299275066,-0.006665871576121529
123,2319,0.7121889726090374,0.7023233807536235,-0.009865591855413802
123,2320,0.7220732389559893,0.7031810225321662,-0.018892216423823105
123,2321,0.7093282622493143,0.7123517054692354,0.003023443219921096
123,2322,0.7211145323330215,0.7119878648274854,-0.009126667505536035
123,2323,0.7105790907197511,0.7101775139433799,-0.00040157677637120415
123,2324,0.7060019894317979,0.6992734016010635,-0.006728587830734378
123,2325,0.7039678626984416,0.705740172514185,0.0017723098157433892
123,2326,0.7097043675093732,0.7049610805624331,-0.00474328694694004
123,2327,0.7015026491519238,0.7065968767745525,0.0050942276226286776
123,2328,0.7061394137777596,0.707130740208956,0.000991326431196482
123,2329,0.7181696348791302,0.7142182163028831,-0.003951418576247145
123,2330,0.7109943945312418,0.7130048785787186,0.002010484047476835
123,2331,0.7147285131497195,0.703297660230803,-0.011430852918916545
123,2332,0.7162347811855571,0.7107950730421704,-0.005439708143386679
123,2333,0.7065663911391273,0.7009901333645285,-0.005576257774598803
123,2334,0.7063517293749665,0.7048482715338262,-0.0015034578411402544
123,2335,0.7027485845894443,0.7031060789294299,0.00035749433998555347
123,2336,0.705647845123797,0.6990059754497862,-0.006641869674010814
123,2337,0.7123191842328509,0.7158977862188296,0.003578601985978702
123,2338,0.7133610698322955,0.7105524883296968,-0.0028085815025987726
123,2339,0.7166757067707181,0.7098603742881423,-0.00681533248257582
123,2340,0.7102613086790587,0.7014972602376444,-0.008764048441414318
123,2341,0.7158821372545774,0.7089010355784658,-0.006981101676111545
123,2342,0.7239270914407436,0.7209947572021871,-0.0029323342385565443
123,2343,0.7014903915187597,0.7002687430133729,-0.001221648505386752
123,2344,0.7055745612937507,0.7035312743871591,-0.0020432869065916126
123,2345,0.7176537156000702,0.7091292627760897,-0.00852445282398051
123,2346,0.712793505737699,0.7083530889205047,-0.004440416817194204
123,2347,0.7176051063609507,0.7038382841608377,-0.013766822200112938
123,2348,0.7032016598838384,0.7001640939097991,-0.003037565974039369
123,2349,0.7038756056921176,0.6968916282263036,-0.0069839774658140286
123,2350,0.7251299559249385,0.7160538617971953,-0.009076094127743128
123,2351,0.7043728358067496,0.6966609671345652,-0.00771186867218443
123,2352,0.7068147485616016,0.7064674679835677,-0.0003472805780339039
123,2353,0.7141186529269303,0.7054828953698964,-0.00863575755703394
123,2354,0.6974979348484625,0.6978938113828479,0.000395876534385442
123,2355,0.7150917984013124,0.7145464629282419,-0.0005453354730705628
123,2356,0.7057797956434081,0.705034131986864,-0.0007456636565440489
123,2357,0.7122330864666502,0.7087450001163818,-0.0034880863502684267
123,2358,0.7109868912695969,0.7021285464107311,-0.00885834485886583
123,2359,0.7122698055610898,0.7129272993186313,0.0006574937575415385
123,2360,0.7177481076851729,0.7128776511674053,-0.0048704565177676296
123,2361,0.714065829323529,0.6989776011896043,-0.015088228133924741
123,2362,0.7161088123289038,0.7074788147261837,-0.008629997602720096
123,2363,0.7206760900504705,0.7119413235367316,-0.008734766513738945
123,2364,0.7156059601994917,0.7092741815166168,-0.006331778682874933
123,2365,0.7198981273802135,0.7158557895524993,-0.0040423378277142374
123,2366,0.6975136324473712,0.6951567304765067,-0.0023569019708644667
123,2367,0.7029646062626947,0.6998909760128336,-0.003073630249861181
123,2368,0.7190700993319636,0.7118730827595052,-0.0071970165724584145
123,2369,0.7051077949067079,0.693002823046316,-0.012104971860391944
123,2370,0.7166114726872116,0.7106078610631683,-0.006003611624043281
123,2371,0.7101630477301841,0.700999636652118,-0.009163411078066175
123,2372,0.7019921438860909,0.7064812787480039,0.004489134861913047
123,2373,0.7274590883581331,0.7005597943605242,-0.02689929399760893
123,2374,0.7100735343354331,0.6951471646616894,-0.014926369673743722
123,2375,0.7274540117004085,0.7285027236944264,0.0010487119940179035
123,2376,0.7170739054668434,0.7097273552450454,-0.007346550221797976
123,2377,0.7023749975840243,0.6943574253679029,-0.008017572216121427
123,2378,0.726414520418891,0.7213221269156318,-0.005092393503259185
123,2379,0.7171854605856688,0.7142729057783808,-0.002912554807288026
123,2380,0.7190667304788751,0.7103368931437095,-0.008729837335165636
123,2381,0.7072845709520741,0.7017149887857723,-0.0055695821663017675
123,2382,0.7153953384183805,0.7107918695949438,-0.004603468823436763
123,2383,0.7081627892383167,0.7085162458932769,0.00035345665496022693
123,2384,0.699058932812151,0.697496847339656,-0.001562085472495034
123,2385,0.7158787707334879,0.7074990945731344,-0.00837967616035351
123,2386,0.7175712754934376,0.7096926812888296,-0.007878594204608014
123,2387,0.7138745153166388,0.7132036235282326,-0.0006708917884061805
123,2388,0.713684127162416,0.706954353349981,-0.006729773812435003
123,2389,0.7018860882249396,0.6965120971071019,-0.005373991117837651
123,2390,0.7089956780788289,0.6990160049251513,-0.009979673153677648
123,2391,0.7167049159477992,0.7087151927335247,-0.007989723214274491
123,2392,0.7091947660781224,0.71131943537601,0.0021246692978875714
123,2393,0.7045307550040665,0.7018819596697417,-0.002648795334324827
123,2394,0.7127611051619555,0.7128789274361058,0.00011782227415035873
123,2395,0.7073593858373399,0.7043580505097993,-0.003001335327540655
123,2396,0.7134769248731464,0.706719425789853,-0.006757499083293372
123,2397,0.7275699694733926,0.7221267957872741,-0.005443173686118463
123,2398,0.6950173742570728,0.6971478682676344,0.0021304940105616454
123,2399,0.7144420814470005,0.7032137747347447,-0.011228306712255831
123,2400,0.7136013444988636,0.709311869641382,-0.0042894748574815456
123,2401,0.7099216660974126,0.7106978902432319,0.0007762241458193486
123,2402,0.7193639578071596,0.7076379115618928,-0.011726046245266741
123,2403,0.7134230369718342,0.7116924117842931,-0.0017306251875410794
123,2404,0.7060526259949976,0.7046804286614206,-0.0013721973335770743
123,2405,0.7032301228699456,0.6952959701298798,-0.007934152740065814
123,2406,0.7147863808920982,0.7156815034634869,0.0008951225713886846
123,2407,0.7047366182993624,0.7064473517210275,0.001710733421665056
123,2408,0.7135874057512648,0.707022269416639,-0.006565136334625743
123,2409,0.7092281690218605,0.7076986139231762,-0.0015295550986842432
123,2410,0.7058861680021333,0.6983980059219655,-0.007488162080167782
123,2411,0.7193875181286014,0.7103960156236371,-0.008991502504964277
123,2412,0.7272388473958367,0.7200779493888563,-0.007160898006980387
123,2413,0.7098358837256442,0.7079648863619545,-0.0018709973636896748
123,2414,0.7020716820925705,0.6969728997593758,-0.005098782333194718
123,2415,0.7215131356831852,0.711018110243126,-0.010495025440059202
123,2416,0.7159674021781959,0.6988348137660348,-0.01713258841216103
123,2417,0.7100203052849243,0.7067346331336686,-0.0032856721512557474
123,2418,0.711399126612009,0.7098717812978578,-0.0015273453141512183
123,2419,0.6977268948870271,0.6956366283082303,-0.002090266578796851
123,2420,0.7137248250142696,0.703785263293754,-0.009939561720515577
123,2421,0.7082585437105829,0.6981546507666628,-0.010103892943920112
123,2422,0.7189332611654102,0.7198038143299171,0.0008705531645069042
123,2423,0.7005179659000003,0.6951790795392485,-0.005338886360751749
123,2424,0.72232961816007,0.7142867042173038,-0.008042913942766239
123,2425,0.7121604540235729,0.7106068861551449,-0.0015535678684279741
123,2426,0.7077684703679905,0.7018458975399784,-0.005922572828012118
123,2427,0.7069598003618667,0.6924767768346924,-0.014483023527174232
123,2428,0.6993144502276198,0.7010776527857285,0.0017632025581086896
123,2429,0.7116118666560303,0.7029675769820043,-0.008644289674025973
123,2430,0.7079234751199308,0.7021106198943491,-0.005812855225581726
123,2431,0.7038726854083381,0.7106541709436484,0.006781485535310217
123,2432,0.6970929357932736,0.6918309357772431,-0.005262000016030499
123,2433,0.7127005442492511,0.7138762584146694,0.0011757141654182846
123,2434,0.7025564000268725,0.7014264437532334,-0.001129956273639099
123,2435,0.7075244558988676,0.7006879552200747,-0.006836500678792934
123,2436,0.6940541991868537,0.7009979706375378,0.006943771450684033
123,2437,0.7161800977475701,0.7047180873846421,-0.011462010362927932
123,2438,0.7121622421202138,0.7083718229569029,-0.0037904191633109097
123,2439,0.7003855948704609,0.699325676677978,-0.001059918192482967
123,2440,0.701790857120119,0.6956165835732835,-0.006174273546835529
123,2441,0.7065721608171459,0.7006938917846779,-0.00587826903246802
123,2442,0.7151896352570011,0.7001292543169452,-0.015060380940055906
123,2443,0.7204431046116246,0.7086205753656005,-0.011822529246024116
123,2444,0.7199320803110304,0.7068774694113136,-0.013054610899716823
123,2445,0.7003692891447627,0.6909188641274496,-0.00945042501731308
123,2446,0.7061339603345967,0.700851719625355,-0.00528224070924177
123,2447,0.7104992143368821,0.7013996731127012,-0.009099541224180885
123,2448,0.7111268949533045,0.7050361712506961,-0.006090723702608436
123,2449,0.7070167549661261,0.6973769054801859,-0.00963984948594021
123,2450,0.7042623986710355,0.6962340450670413,-0.00802835360399412
123,2451,0.7075519066742126,0.7047508021627362,-0.0028011045114764155
123,2452,0.7214049934211448,0.7111291533814832,-0.010275840039661643
123,2453,0.705445242307575,0.7043974078220958,-0.0010478344854791821
123,2454,0.7139374099417484,0.7104816243206824,-0.0034557856210659654
123,2455,0.715909874053541,0.7062405970136294,-0.009669277039911606
123,2456,0.7198281461425181,0.7089943214290697,-0.010833824713448403
123,2457,0.7018439132462448,0.7000381875695512,-0.0018057256766936813
123,2458,0.6947212740826568,0.6971108418878057,0.0023895678051488733
123,2459,0.7184677481299722,0.7131784645465924,-0.005289283583379767
123,2460,0.6990036863573563,0.6917233315587832,-0.007280354798573141
123,2461,0.7116381494539936,0.7065339091025593,-0.005104240351434308
123,2462,0.7080175672709846,0.703479524701141,-0.004538042569843692
123,2463,0.7142563975583993,0.709122285223487,-0.005134112334912344
123,2464,0.7147956860101582,0.713111422174154,-0.001684263836004174
123,2465,0.7204835600639242,0.7095595528286398,-0.010924007235284416
123,2466,0.7206435184498097,0.70629548235336,-0.014348036096449635
123,2467,0.7239848481799468,0.719263127914611,-0.004721720265335794
123,2468,0.6968540630084333,0.6989986094423973,0.002144546433964001
123,2469,0.7006947917523362,0.7000745166371267,-0.0006202751152094566
123,2470,0.7080015802844725,0.7019660838062473,-0.006035496478225211
123,2471,0.6978650624984652,0.7011731241597372,0.003308061661271955
123,2472,0.7079573768791095,0.6989282034399124,-0.00902917343919718
123,2473,0.7176235337640277,0.7063271208152775,-0.011296412948750167
123,2474,0.717831526043621,0.7075631885406611,-0.010268337502959857
123,2475,0.7016343076064233,0.6961860366453329,-0.005448270961090462
123,2476,0.6987158958161186,0.6980516002907959,-0.0006642955253226557
123,2477,0.713131648602995,0.6935842418255247,-0.019547406777470355
123,2478,0.708082447652791,0.6936321698569305,-0.0144502777958605
123,2479,0.6898755100798437,0.6874244486969423,-0.0024510613829014094
123,2480,0.7165132886153971,0.7137464586182387,-0.002766829997158382
123,2481,0.6980639166218072,0.6957291911876313,-0.0023347254341758994
123,2482,0.7090996048453247,0.7083898429219224,-0.00070976192340233
123,2483,0.6947540196671999,0.6922951227738015,-0.002458896893398399
123,2484,0.711280347432163,0.7048524701721387,-0.006427877260024251
123,2485,0.713311808362679,0.7060372748131505,-0.007274533549528561
123,2486,0.6976218710123799,0.6982886594039377,0.0006667883915577599
123,2487,0.7093109316013401,0.7039384087791731,-0.005372522822166936
123,2488,0.7035104564990975,0.6997069109519171,-0.0038035455471804314
123,2489,0.7073059960649779,0.7011105532772699,-0.006195442787708005
123,2490,0.702047394568621,0.7025513930091158,0.0005039984404948683
123,2491,0.7082251812126725,0.7056635993155445,-0.0025615818971280735
123,2492,0.6949808936258912,0.6971435662306953,0.0021626726048040723
123,2493,0.7096456376683995,0.6992429281934058,-0.010402709474993665
123,2494,0.7272156810213227,0.7173298854043888,-0.009885795616933923
123,2495,0.7137345499863589,0.7147250704409446,0.0009905204545856972
123,2496,0.7101158232132745,0.7057899448292801,-0.0043258783839943415
123,2497,0.7115823468403841,0.7013424861439195,-0.010239860696464653
123,2498,0.728279672085753,0.7146272808039639,-0.013652391281789078
123,2499,0.7072582570798971,0.7004424252858215,-0.006815831794075633
123,2500,0.724916580997885,0.7203627638998152,-0.00455381709806979
123,2501,0.724052804395531,0.707075071732673,-0.01697773266285796
123,2502,0.7049056129414875,0.697579136245424,-0.007326476696063455
123,2503,0.7156562252346436,0.7170788134600798,0.0014225882254362832
123,2504,0.7153180184091166,0.7122235798097816,-0.003094438599335003
123,2505,0.7123795557388446,0.7062288098130884,-0.006150745925756151
123,2506,0.6958219940486268,0.7040280905247497,0.008206096476122915
123,2507,0.7148529298676065,0.7071231197999942,-0.007729810067612308
123,2508,0.7131261503242289,0.704308116834878,-0.00881803348935084
123,2509,0.7124331037701697,0.7046134877836392,-0.00781961598653047
123,2510,0.7246816328723282,0.7158430907645583,-0.008838542107769909
123,2511,0.702998201501961,0.694954474030065,-0.008043727471895967
123,2512,0.7150461730716923,0.7030084260594618,-0.012037747012230482
123,2513,0.7093759417836405,0.720959800271928,0.011583858488287468
123,2514,0.7015080725727441,0.7003962232853856,-0.001111849287358413
123,2515,0.7080809437488697,0.7036407113955996,-0.004440232353270068
123,2516,0.7098361635432473,0.7082326021128444,-0.0016035614304028556
123,2517,0.696188615667201,0.6843952132890844,-0.011793402378116657
123,2518,0.7027944330694327,0.6952838217559578,-0.0075106113134748576
123,2519,0.7042176275439579,0.6965172944240536,-0.007700333119904257
123,2520,0.7160139609682066,0.7071041206172968,-0.008909840350909803
123,2521,0.7083900024827147,0.7035500408943823,-0.004839961588332331
123,2522,0.7047865964804731,0.6966855023625165,-0.008101094117956675
123,2523,0.7062611015029245,0.704161044316878,-0.0021000571860465556
123,2524,0.706166802285803,0.7089639786125257,0.0027971763267227168
123,2525,0.714938189618435,0.7112580743570277,-0.003680115261407324
123,2526,0.7250701090916973,0.714968043027928,-0.010102066063769288
123,2527,0.7163709092706101,0.7042896131392246,-0.012081296131385533
123,2528,0.7128901638445302,0.7030657324939611,-0.009824431350569096
123,2529,0.7037579013068485,0.6939255310333372,-0.009832370273511248
123,2530,0.7149802806680969,0.7179298273209777,0.002949546652880719
123,2531,0.7280596215930794,0.7175869149571629,-0.010472706635916484
123,2532,0.7128417494140136,0.7062878846060896,-0.00655386480792397
123,2533,0.7131309450716554,0.6977491535551714,-0.015381791516484
123,2534,0.7001479574128002,0.692277412402265,-0.00787054501053519
123,2535,0.7146390305581107,0.7127882752687907,-0.0018507552893199941
123,2536,0.7053989013414041,0.6924457647135842,-0.012953136627819939
123,2537,0.7157746536757835,0.7121693972567484,-0.0036052564190350855
123,2538,0.7103416405040912,0.705937673931739,-0.004403966572352203
123,2539,0.7168695173134275,0.7102032927849566,-0.0066662245284708765
123,2540,0.7213327835778244,0.7105107080687038,-0.010822075509120621
123,2541,0.70812891828018,0.7085262716854324,0.0003973534052523764
123,2542,0.7159081174280642,0.724145881439216,0.008237764011151838
123,2543,0.7012960219519182,0.6959090587246012,-0.005386963227317021
123,2544,0.7051654868799373,0.7060929240939726,0.0009274372140353204
123,2545,0.7081943604273326,0.6970821038935813,-0.011112256533751363
123,2546,0.7159060868900392,0.7129435448475727,-0.0029625420424664872
123,2547,0.716457453019326,0.711846726711055,-0.004610726308270974
123,2548,0.7008954144105575,0.7004210540645701,-0.0004743603459873569
123,2549,0.7133216232020465,0.710410684246328,-0.0029109389557184784
123,2550,0.7161580143756461,0.7059044299131355,-0.010253584462510568
123,2551,0.7100465884917168,0.7119672629631142,0.0019206744713974322
123,2552,0.7117083980619854,0.7046372155688307,-0.007071182493154637
123,2553,0.7089049894487309,0.7037616174994801,-0.005143371949250852
123,2554,0.7138028223172352,0.700356341992876,-0.013446480324359245
123,2555,0.7066129843936818,0.7041239139149251,-0.002489070478756683
123,2556,0.7169787003408665,0.7055670074151548,-0.011411692925711758
123,2557,0.7106596329672032,0.7064855872886394,-0.004174045678563831
123,2558,0.7142542661812556,0.7038044179337674,-0.010449848247488291
123,2559,0.7016699112955346,0.7003086723601584,-0.0013612389353762078
123,2560,0.7126695518875599,0.7100658819015518,-0.002603669986008028
123,2561,0.7180878731766377,0.7097688733261698,-0.008318999850467912
123,2562,0.7035805294016977,0.6923196966329942,-0.011260832768703488
123,2563,0.7202572434003754,0.7118386859664032,-0.00841855743397224
123,2564,0.7066953567216965,0.7058592535891623,-0.0008361031325341273
123,2565,0.7119652614266412,0.7138102097881668,0.0018449483615256002
123,2566,0.707897571461686,0.7025507199199981,-0.0053468515416879026
123,2567,0.7037658701411288,0.6999666249471277,-0.0037992451940010996
123,2568,0.7071252731478372,0.7105830388305963,0.0034577656827590175
123,2569,0.702992383648517,0.7075156390499407,0.004523255401423731
123,2570,0.7198586415562755,0.7089043163836297,-0.010954325172645829
123,2571,0.7257096294717857,0.7142168757476102,-0.011492753724175575
123,2572,0.7138803705978212,0.70989972849664,-0.003980642101181209
123,2573,0.6981058636195644,0.6993859881719279,0.0012801245523634819
123,2574,0.7001512742365223,0.6993285717825743,-0.0008227024539479988
123,2575,0.7094835206708761,0.7085354230401939,-0.0009480976306821542
123,2576,0.7157834535721282,0.7067492364530352,-0.009034217119093024
123,2577,0.7105088967168167,0.7084162452563498,-0.0020926514604668878
123,2578,0.716217039195044,0.7041694509991236,-0.012047588195920333
123,2579,0.7028479463196332,0.6907181727853158,-0.012129773534317434
123,2580,0.7106710561182966,0.70608579599498,-0.004585260123316615
123,2581,0.7117151720368755,0.7105198178890926,-0.0011953541477829344
123,2582,0.707941081476708,0.7022453155741196,-0.005695765902588357
123,2583,0.7087475474235279,0.7085727836856779,-0.00017476373784997
123,2584,0.7143126951149301,0.7066283993919151,-0.007684295723014989
123,2585,0.7231046736604659,0.7159029727271533,-0.007201700933312627
123,2586,0.695009580880436,0.685637520220047,-0.009372060660388981
123,2587,0.7147185161687377,0.7137520592744953,-0.0009664568942424623
123,2588,0.7036077430123875,0.697623512965302,-0.0059842300470854815
123,2589,0.7125270376651016,0.7019450353946015,-0.010582002270500102
123,2590,0.7113796093822202,0.7076141829861062,-0.003765426396113991
123,2591,0.7192876447363784,0.7132942632212163,-0.005993381515162155
123,2592,0.713928007583129,0.7081305811825338,-0.005797426400595218
123,2593,0.7115798080943306,0.7145027603833017,0.0029229522889711035
123,2594,0.707795407743647,0.7015823159237403,-0.006213091819906702
123,2595,0.7060396408412177,0.6972594491232674,-0.008780191717950303
123,2596,0.7056235385950119,0.7022646286079031,-0.00335890998710886
123,2597,0.7043719053492963,0.7040600268681195,-0.00031187848117675276
123,2598,0.7130134973692086,0.710343398061047,-0.002670099308161644
123,2599,0.7073878869620931,0.703153275042147,-0.0042346119199461185
123,2600,0.7126792223460241,0.7092610580404488,-0.0034181643055752886
123,2601,0.7052428644182882,0.6926303176154767,-0.012612546802811542
123,2602,0.7139857681523754,0.7140139522638921,2.818411151672695e-05
123,2603,0.712946101124633,0.705352401809729,-0.0075936993149039456
123,2604,0.7190692634782705,0.714974867833107,-0.004094395645163451
123,2605,0.7146739266199786,0.6998511107354575,-0.014822815884521168
123,2606,0.7138589863816629,0.708366284545423,-0.005492701836239844
123,2607,0.7146230686066335,0.7072207054994979,-0.007402363107135601
123,2608,0.7073990724126036,0.7057117852118323,-0.0016872872007712703
123,2609,0.6992615537349034,0.7059473978723708,0.006685844137467423
123,2610,0.7165285603233912,0.7075485630402018,-0.008979997283189434
123,2611,0.6960751368145164,0.6899030968868376,-0.006172039927678785
123,2612,0.7147133182253258,0.7027118713587315,-0.012001446866594323
123,2613,0.709420253036976,0.7017730675722879,-0.007647185464688122
123,2614,0.7129187414162479,0.7012651398186429,-0.011653601597604979
123,2615,0.7163293652521525,0.7110790089137686,-0.005250356338383888
123,2616,0.706147325454235,0.7055890785677484,-0.0005582468864865353
123,2617,0.7126399921448823,0.7123652472082305,-0.0002747449366518051
123,2618,0.7147486453888432,0.7128785074760648,-0.0018701379127783468
123,2619,0.7075569132024927,0.6994262395097075,-0.008130673692785195
123,2620,0.7165071022188481,0.7054222098993437,-0.01108489231950438
123,2621,0.7177321335057427,0.7133831532115231,-0.004348980294219595
123,2622,0.7051007312401931,0.7082432233681899,0.0031424921279967766
123,2623,0.6988113581042058,0.6956135866325959,-0.0031977714716099337
123,2624,0.7165916256772424,0.703177968044413,-0.013413657632829423
123,2625,0.7121505269850849,0.711811842189616,-0.00033868479546883545
123,2626,0.7121282770883114,0.7087457643191823,-0.0033825127691290424
123,2627,0.7189941620234446,0.7107607906169919,-0.008233371406452639
123,2628,0.7140573395306882,0.7089791957949908,-0.005078143735697371
123,2629,0.6994401958703723,0.7002131966278919,0.0007730007575196263
123,2630,0.7098792457191232,0.7048224693439662,-0.005056776375157002
123,2631,0.7124776258751311,0.7101490451944061,-0.0023285806807249454
123,2632,0.7117108968581272,0.7095038412783383,-0.0022070555797888414
123,2633,0.7153588607099992,0.7005838237991724,-0.014775036910826822
123,2634,0.7096504187208643,0.694058456482884,-0.015591962237980317
123,2635,0.7102274058388343,0.7109178620751082,0.0006904562362739508
123,2636,0.7096996141723142,0.7004290455765747,-0.009270568595739492
123,2637,0.720675584187368,0.7054673419693827,-0.015208242217985335
123,2638,0.6880780779851041,0.6893314813741438,0.0012534033890396756
123,2639,0.6979901167764736,0.700857568614436,0.0028674518379624425
123,2640,0.7207727607776009,0.7114585527542495,-0.009314208023351367
123,2641,0.7155374618888571,0.7159896082680637,0.00045214637920654166
123,2642,0.7171896280631318,0.7034788680895004,-0.013710759973631359
123,2643,0.7212993297237082,0.710570141173481,-0.010729188550227198
123,2644,0.7132009420455437,0.7068328600623588,-0.006368081983184948
123,2645,0.7165916097544831,0.7101392134514826,-0.0064523963030005405
123,2646,0.7129793121615435,0.7072973292666862,-0.005681982894857329
123,2647,0.7077033918349978,0.7104266249287756,0.002723233093777866
123,2648,0.696984043911151,0.6964915664180735,-0.0004924774930774589
123,2649,0.7114281184418287,0.718407020645899,0.00697890220407027
123,2650,0.7109253559889362,0.7004252878163875,-0.010500068172548782
123,2651,0.7180209513001098,0.7159279423894039,-0.0020930089107058514
123,2652,0.7146698547195776,0.7013512979903251,-0.013318556729252418
123,2653,0.7069968689230652,0.699169636367145,-0.007827232555920216
123,2654,0.7162021680243624,0.7164200855264407,0.00021791750207822425
123,2655,0.7146687560532705,0.71076650410643,-0.0039022519468404626
123,2656,0.7086183198235076,0.7086227036360515,4.38381254386222e-06
123,2657,0.7062754900538778,0.7006131754895644,-0.005662314564313431
123,2658,0.7103389741422446,0.7083175132793067,-0.0020214608629378628
123,2659,0.7108094066309925,0.7003391407337063,-0.010470265897286168
123,2660,0.7131779958054068,0.7011011427134073,-0.012076853091999462
123,2661,0.696337346146031,0.6960593585109914,-0.00027798763503961155
123,2662,0.6937731703989809,0.6958845347503348,0.0021113643513539504
123,2663,0.7099623190729438,0.706203413662114,-0.0037589054108297937
123,2664,0.7177600542221723,0.7021616993522374,-0.015598354869934883
123,2665,0.7144420531643565,0.7058229432724513,-0.008619109891905175
123,2666,0.7089895251292467,0.702171764048173,-0.006817761081073681
123,2667,0.7116132490674248,0.7080237350865681,-0.003589513980856718
123,2668,0.7266276757191055,0.7094687608291634,-0.017158914889942034
123,2669,0.7232741813780279,0.7084079623750908,-0.014866219002937053
123,2670,0.7147988866341106,0.7078457066675133,-0.006953179966597278
123,2671,0.7151268269705963,0.7030623106452027,-0.012064516325393515
123,2672,0.7004073980172911,0.6985801780176926,-0.0018272199995985616
123,2673,0.7131570092393575,0.7119560973378346,-0.0012009119015229386
123,2674,0.7065961377334959,0.7002813961461871,-0.006314741587308825
123,2675,0.7092971056858299,0.7015034541709555,-0.007793651514874433
123,2676,0.7017787509227149,0.6889881663348549,-0.012790584587859977
123,2677,0.7069591715177078,0.7065294068275954,-0.0004297646901124663
123,2678,0.7063747848417959,0.7091545358582712,0.002779751016475207
123,2679,0.7098535293623383,0.7135994472722674,0.003745917909929175
123,2680,0.7009636420568626,0.7067804375035835,0.005816795446720979
123,2681,0.7064734258879006,0.7000895916858378,-0.006383834202062788
123,2682,0.7101898393975155,0.7027588509196594,-0.00743098847785606
123,2683,0.6995270340676172,0.6912388265319248,-0.008288207535692371
123,2684,0.7111824204264735,0.7068566064079034,-0.004325814018570129
123,2685,0.7170691570594212,0.7068523352912786,-0.010216821768142648
123,2686,0.720028756417903,0.7182093280654831,-0.0018194283524198829
123,2687,0.723366381829066,0.7183013329937568,-0.005065048835309227
123,2688,0.7151236744709633,0.7156512975321867,0.0005276230612234478
123,2689,0.7065598253280103,0.7017176739236152,-0.004842151404395145
123,2690,0.7111418688297586,0.7051423319041209,-0.005999536925637705
123,2691,0.7177626460516316,0.7104445876010896,-0.007318058450542009
123,2692,0.7251772698820707,0.7156950499135109,-0.009482219968559802
123,2693,0.7064451180583085,0.7059123535119776,-0.0005327645463308883
123,2694,0.7122111199433916,0.7013625396386306,-0.01084858030476099
123,2695,0.709261751329991,0.7047743275979443,-0.004487423732046691
123,2696,0.7037368186106154,0.7036163040530377,-0.00012051455757777774
123,2697,0.692110993401421,0.6960955423573627,0.003984548955941691
123,2698,0.7199974380260432,0.709413893130876,-0.010583544895167218
123,2699,0.7119259489983715,0.7103678209069333,-0.0015581280914381823
123,2700,0.7083051617113604,0.6983958497356967,-0.009909311975663693
123,2701,0.7160549288393431,0.7092977325700351,-0.00675719626930793
123,2702,0.7072188855282476,0.7027045664774136,-0.0045143190508339925
123,2703,0.7163139393997177,0.7066982119585918,-0.009615727441125821
123,2704,0.7189177253088387,0.7017847651459173,-0.01713296016292143
123,2705,0.7125337412463258,0.7051883134894632,-0.007345427756862644
123,2706,0.7136301729336614,0.7061188842004925,-0.007511288733168864
123,2707,0.7069729374956593,0.7086170283704591,0.0016440908747998861
123,2708,0.7055169051382376,0.6866444879272144,-0.018872417211023174
123,2709,0.7163267034470143,0.7083686642888246,-0.007958039158189711
123,2710,0.7047254390981694,0.6995015641982066,-0.005223874899962788
123,2711,0.7041602465377266,0.7035479502979656,-0.000612296239761001
123,2712,0.724918190215649,0.7057311492037498,-0.019187041011899164
123,2713,0.6952538358373059,0.6921986404551066,-0.0030551953821993383
123,2714,0.6986831260081594,0.7031196519641838,0.004436525956024395
123,2715,0.7170602145605627,0.7094552358149491,-0.007604978745613611
123,2716,0.701262987052815,0.7095875443319988,0.008324557279183797
123,2717,0.7105602683462421,0.7063158380328638,-0.004244430313378289
123,2718,0.7091675473114532,0.7021679385188686,-0.006999608792584544
123,2719,0.7163930181724625,0.7075464106364304,-0.008846607536032058
123,2720,0.7119129250786564,0.7081359897572501,-0.0037769353214063273
123,2721,0.7142061446198921,0.7063729682205856,-0.007833176399306474
123,2722,0.7117241868729757,0.7122458967237317,0.000521709850756058
123,2723,0.707972461076356,0.7055530716498943,-0.0024193894264616933
123,2724,0.7035321931169821,0.6988654680668005,-0.004666725050181619
123,2725,0.71939267091982,0.7099132898264091,-0.009479381093410844
123,2726,0.7056606165111203,0.6958387152099197,-0.009821901301200642
123,2727,0.7059649899754674,0.6981383612658631,-0.007826628709604266
123,2728,0.7056559001148741,0.7012604871567044,-0.004395412958169698
123,2729,0.7144105400315951,0.7077147286570193,-0.006695811374575755
123,2730,0.7029075224431969,0.706922458156375,0.004014935713178125
123,2731,0.7124761181142318,0.7028371689984314,-0.009638949115800433
123,2732,0.7163407698918773,0.7113587548629146,-0.004982015028962783
123,2733,0.7129971386626505,0.7047871301133327,-0.008210008549317749
123,2734,0.7147905776536903,0.715005243432384,0.0002146657786937789
123,2735,0.7137034236700313,0.7081571520085732,-0.0055462716614580465
123,2736,0.7099436759795557,0.7063555764133846,-0.0035880995661710102
123,2737,0.7149749215007077,0.7112544272805177,-0.0037204942201900515
123,2738,0.7076083556036064,0.6995026991569238,-0.008105656446682596
123,2739,0.7172264287158459,0.7081295492077886,-0.009096879508057265
123,2740,0.7117811211600076,0.7082021299664663,-0.0035789911935413254
123,2741,0.7094262469011536,0.7095627509448461,0.00013650404369247582
123,2742,0.7132366380380963,0.7114172998590531,-0.0018193381790432284
123,2743,0.7134196133269783,0.7086240294047048,-0.0047955839222735275
123,2744,0.7097220209245116,0.7097435359107872,2.1514986275561476e-05
123,2745,0.7027343489333971,0.6921589685048491,-0.010575380428547998
123,2746,0.7112819590412953,0.7018011799181991,-0.009480779123096195
123,2747,0.7038545067043734,0.703943209107028,8.870240265457241e-05
123,2748,0.7043269924176658,0.7055039957497116,0.001177003332045734
123,2749,0.7052849371190052,0.7056616294722741,0.0003766923532688704
123,2750,0.7110311566029353,0.7066700814570301,-0.004361075145905113
123,2751,0.7034729738151806,0.700239455073662,-0.0032335187415185596
123,2752,0.7133840372574859,0.7063113256558062,-0.00707271160167966
123,2753,0.7143964056494977,0.7062547305755262,-0.008141675073971455
123,2754,0.7111285082874181,0.7143256184112892,0.0031971101238710276
123,2755,0.7078345166963866,0.7045914130668576,-0.003243103629529065
123,2756,0.696580397901217,0.6878560949637229,-0.008724302937494044
123,2757,0.7133963199075699,0.7143962536649132,0.0009999337573433076
123,2758,0.7123786469586602,0.6973246325500769,-0.015054014408583227
123,2759,0.7107683839959553,0.7042951254735379,-0.006473258522417424
123,2760,0.7128566264176521,0.7059258655754723,-0.006930760842179806
123,2761,0.7020224416485679,0.7067140889458712,0.004691647297303314
123,2762,0.7018676860745441,0.6910159608964034,-0.010851725178140703
123,2763,0.7060654654424996,0.7073448135393365,0.0012793480968369408
123,2764,0.705407659780334,0.7014160331509366,-0.003991626629397449
123,2765,0.7083634587666858,0.7097963298463645,0.0014328710796787103
123,2766,0.7009133374971197,0.7003739961099669,-0.0005393413871528363
123,2767,0.7085994695562714,0.7026821027750625,-0.00591736678120891
123,2768,0.7171053990446365,0.710821016379809,-0.006284382664827559
123,2769,0.7032645951876799,0.7039902752397116,0.0007256800520316631
123,2770,0.708403383201584,0.7113172911125518,0.0029139079109677946
123,2771,0.7037055509336657,0.6897840261291414,-0.013921524804524354
123,2772,0.7164905178151582,0.7080439348020545,-0.008446583013103637
123,2773,0.7046908515008343,0.7045047430642406,-0.00018610843659372378
123,2774,0.7125575275932994,0.7028762648491398,-0.009681262744159591
123,2775,0.7156267311541725,0.7026715561219548,-0.01295517503221777
123,2776,0.7094360349545555,0.7068427170393601,-0.002593317915195459
123,2777,0.7258053287024021,0.7136838601074686,-0.01212146859493346
123,2778,0.7152246030946929,0.7028591503953161,-0.012365452699376833
123,2779,0.7112383182987543,0.7029897647554322,-0.008248553543322101
123,2780,0.7136069606413501,0.6954491195381829,-0.018157841103167205
123,2781,0.7046264516865337,0.7032294032652431,-0.0013970484212906253
123,2782,0.702978007135711,0.6958479826066701,-0.007130024529040879
123,2783,0.7137661720434405,0.7020639850241228,-0.011702187019317689
123,2784,0.7078214095468112,0.7026276554255513,-0.005193754121259886
123,2785,0.7160133213017787,0.7065858562276225,-0.00942746507415626
123,2786,0.7045075865904982,0.6986206582638079,-0.005886928326690244
123,2787,0.7151615211922674,0.7102841199451537,-0.004877401247113666
123,2788,0.7033996210185143,0.7003155284848979,-0.0030840925336164116
123,2789,0.7136205826101698,0.7115888174263182,-0.0020317651838516193
123,2790,0.7120339725145752,0.7020009346807831,-0.010033037833792169
123,2791,0.715785314106191,0.7085099577111149,-0.007275356395076038
123,2792,0.7147477753479793,0.7061569395346378,-0.008590835813341524
123,2793,0.69909508038052,0.6896646865142118,-0.009430393866308284
123,2794,0.7028155025458824,0.6944007736797244,-0.008414728866158017
123,2795,0.7058452490044826,0.7025092547041509,-0.0033359943003317127
123,2796,0.700115980269355,0.7039447127023974,0.003828732433042492
123,2797,0.7156663650359225,0.7112908546542627,-0.004375510381659842
123,2798,0.6980415640409692,0.6969835674159421,-0.0010579966250270356
123,2799,0.6982658061148967,0.6962771696839438,-0.001988636430952928
123,2800,0.700691615089315,0.6971989693937712,-0.00349264569554375
123,2801,0.6994681894184734,0.6972822653035413,-0.002185924114932125
123,2802,0.7103568612768582,0.703439827851628,-0.006917033425230201
123,2803,0.7099514448764654,0.710014221506609,6.277663014353507e-05
123,2804,0.7079025297792345,0.7047977180003187,-0.0031048117789158614
123,2805,0.7057430694033351,0.7022213682001539,-0.0035217012031811823
123,2806,0.706333623774257,0.707377064322497,0.0010434405482400155
123,2807,0.7213489354402306,0.6995608752121594,-0.021788060228071227
123,2808,0.703660089176867,0.6944022296893093,-0.00925785948755764
123,2809,0.6832789747283532,0.6834063119696937,0.00012733724134050828
123,2810,0.7065148687155459,0.7118352922624529,0.005320423546906983
123,2811,0.7186621728651607,0.7149745952077083,-0.0036875776574523123
123,2812,0.7217004915440933,0.7149012793638463,-0.0067992121802470384
123,2813,0.7207731841684729,0.7100518444644015,-0.010721339704071409
123,2814,0.7074960335691147,0.7087974334618921,0.001301399892777333
123,2815,0.7061738690905686,0.7058858874637608,-0.00028798162680776507
123,2816,0.716712245743707,0.6971449706677617,-0.019567275075945245
123,2817,0.7038150905325846,0.6953561328205693,-0.008458957712015325
123,2818,0.7050559989444674,0.7026162150053944,-0.002439783939072959
123,2819,0.710426145430083,0.7048054222809018,-0.0056207231491811616
123,2820,0.712696753677162,0.7051655571351273,-0.007531196542034713
123,2821,0.713568038311273,0.6983561813041592,-0.015211857007113805
123,2822,0.7024012677379478,0.7095502577829965,0.007148990045048764
123,2823,0.7010824572177446,0.7002951296059885,-0.0007873276117561501
123,2824,0.7152644744390757,0.7118834107177127,-0.0033810637213630423
123,2825,0.7116632396836685,0.7037913941243481,-0.007871845559320412
123,2826,0.7154042531406082,0.7037188803366927,-0.011685372803915461
123,2827,0.7086980685052826,0.7188815256040275,0.010183457098744908
123,2828,0.7028854698091918,0.7034683614311682,0.0005828916219764446
123,2829,0.713649517967647,0.7056019730220735,-0.00804754494557347
123,2830,0.7114312091308048,0.7106066926284411,-0.0008245165023637036
123,2831,0.7131147698644921,0.7017773422612258,-0.011337427603266281
123,2832,0.7037318186673062,0.7068572445473884,0.0031254258800822443
123,2833,0.714374875294387,0.7107718995287883,-0.0036029757655987593
123,2834,0.7133736913208305,0.705397822690434,-0.007975868630396454
123,2835,0.6973249693591584,0.693021455453253,-0.004303513905905443
123,2836,0.710531050059501,0.7063244294488215,-0.004206620610679557
123,2837,0.717160485209916,0.7081657332278894,-0.008994751982026594
123,2838,0.708938740035882,0.6959351640802756,-0.013003575955606417
123,2839,0.7184698610128827,0.7083201959196459,-0.010149665093236782
123,2840,0.7104795679743503,0.710285532530673,-0.00019403544367735392
123,2841,0.7112371203906862,0.7033326191788468,-0.007904501211839388
123,2842,0.7113302866774379,0.7057163132797875,-0.0056139733976504624
123,2843,0.6979460258111791,0.6936135803356418,-0.00433244547553735
123,2844,0.7156892149518693,0.708052262973238,-0.0076369519786313456
123,2845,0.7085927100117841,0.7013901076171474,-0.00720260239463677
123,2846,0.6998979977763105,0.6976463517029865,-0.002251646073323954
123,2847,0.7092980145489678,0.7016505039441485,-0.007647510604819274
123,2848,0.7010597117775355,0.7022401673843734,0.0011804556068379934
123,2849,0.7190514767758152,0.7165947825311609,-0.002456694244654223
123,2850,0.7251236358526767,0.7143420301097191,-0.010781605742957612
123,2851,0.7102583899928256,0.7023585351439126,-0.00789985484891309
123,2852,0.7156750679583441,0.7131211881650233,-0.002553879793320779
123,2853,0.7199633938324148,0.7109466555201918,-0.00901673831222305
123,2854,0.70733156118305,0.7031824689532393,-0.004149092229810636
123,2855,0.7072868046480355,0.7019341627612015,-0.005352641886834042
123,2856,0.7257635230337162,0.7197367556133305,-0.006026767420385659
123,2857,0.7157019467765506,0.7055652598357223,-0.010136686940828366
123,2858,0.7035544800156721,0.7033148773360505,-0.00023960267962164217
123,2859,0.7157979094746194,0.7211701921855489,0.005372282710929488
123,2860,0.7006684199868979,0.6951474679437923,-0.0055209520431055426
123,2861,0.7180808133949727,0.706347609622415,-0.011733203772557599
123,2862,0.7031410919764589,0.6947799905378449,-0.008361101438614016
123,2863,0.7219024129721793,0.7093175034738228,-0.012584909498356445
123,2864,0.7087317035559579,0.70363659254539,-0.005095111010567921
123,2865,0.7078336627019683,0.6938899286612579,-0.013943734040710476
123,2866,0.6978698301369193,0.6986500851575725,0.0007802550206532644
123,2867,0.7040591194296981,0.7097991539942351,0.005740034564536978
123,2868,0.7176634582072497,0.7088949143557239,-0.008768543851525812
123,2869,0.7063442503510304,0.7050302877446679,-0.0013139626063625176
123,2870,0.7181634384369671,0.7132082066564958,-0.004955231780471303
123,2871,0.7077655918382633,0.6967443387066682,-0.011021253131595077
123,2872,0.7040799016711796,0.708621949278776,0.004542047607596356
123,2873,0.7086415487072533,0.6948094288204038,-0.013832119886849514
123,2874,0.7209445260276641,0.7150254209375507,-0.005919105090113397
123,2875,0.7169071716636604,0.7088147731134922,-0.00809239855016819
123,2876,0.7000509047562462,0.6979089704306877,-0.0021419343255585366
123,2877,0.7062316663124522,0.7049272496965351,-0.00130441661591707
123,2878,0.7140098112750449,0.7102266935948304,-0.003783117680214554
123,2879,0.7233040818457388,0.7150661968914753,-0.008237884954263475
123,2880,0.7108817711316274,0.7003536948307509,-0.010528076300876488
123,2881,0.7021571261182465,0.6962611619378908,-0.005895964180355762
123,2882,0.7196303557058527,0.7126353670583211,-0.006994988647531564
123,2883,0.7171460106443799,0.7070883305939418,-0.010057680050438056
123,2884,0.7269804158175377,0.7162624488539475,-0.010717966963590175
123,2885,0.7080188838240654,0.71034499360372,0.0023261097796546393
123,2886,0.7079465762345809,0.705984325933925,-0.001962250300655888
123,2887,0.6988448060895325,0.6979357431128994,-0.0009090629766330682
123,2888,0.7131410340129211,0.7051495374273457,-0.007991496585575408
123,2889,0.7171475265543985,0.7049246600145893,-0.012222866539809196
123,2890,0.7098932779016065,0.7093870059884645,-0.000506271913142009
123,2891,0.7041754421410005,0.6921581325968531,-0.01201730954414737
123,2892,0.7122539720119758,0.6991016491658115,-0.0131523228461643
123,2893,0.7241378573983971,0.7200376792431944,-0.004100178155202694
123,2894,0.7143244333531077,0.7042057530719797,-0.010118680281127945
123,2895,0.7129482018635056,0.7160591212877974,0.003110919424291758
123,2896,0.702636990357758,0.7064306018073712,0.00379361144961321
123,2897,0.7123263383152416,0.7102565916266799,-0.0020697466885617466
123,2898,0.7016567657564945,0.7106551748902246,0.008998409133730068
123,2899,0.7052952748191806,0.7045519745262677,-0.0007433002929129184
123,2900,0.7173265276047385,0.7078462427331906,-0.00948028487154784
123,2901,0.7182883068578545,0.7026188376038852,-0.01566946925396928
123,2902,0.7079491482923765,0.6991216348541449,-0.008827513438231627
123,2903,0.7085241321355109,0.6976878392528515,-0.010836292882659415
123,2904,0.7183680651142204,0.7141442451656932,-0.004223819948527163
123,2905,0.7067280629855862,0.7013342048324291,-0.005393858153157072
123,2906,0.7071653553492252,0.7060720832703751,-0.0010932720788501271
123,2907,0.7056255893085089,0.6990519461808868,-0.0065736431276220975
123,2908,0.7198855335609187,0.7155239852418269,-0.004361548319091746
123,2909,0.7142866317881497,0.7108010632904287,-0.00348556849772097
123,2910,0.7071516850866875,0.7046196661890466,-0.0025320188976408753
123,2911,0.7012751409617302,0.6959266131174653,-0.005348527844264872
123,2912,0.708594234209256,0.7121113649987456,0.0035171307894895643
123,2913,0.7162436666129148,0.7058478801460119,-0.010395786466902979
123,2914,0.7187739512392046,0.7145623013377593,-0.004211649901445291
123,2915,0.7127097096317553,0.7016807027466301,-0.011029006885125203
123,2916,0.7040521581832704,0.6916518160735594,-0.012400342109710971
123,2917,0.703258528469477,0.705648257864115,0.002389729394637996
123,2918,0.7151848132849115,0.7162102580862157,0.0010254448013042872
123,2919,0.70982344590762,0.7072594834130097,-0.002563962494610328
123,2920,0.7177548529563909,0.716829746981648,-0.0009251059747428236
123,2921,0.7053257871652336,0.7027011914899265,-0.002624595675307151
123,2922,0.703553734539107,0.6943934324649224,-0.009160302074184612
123,2923,0.6952942739947434,0.6966815129645492,0.0013872389698057486
123,2924,0.7250339049018822,0.7083610796292106,-0.016672825272671665
123,2925,0.7003166044064093,0.6981691209805293,-0.0021474834258800035
123,2926,0.7207382886245917,0.7135714357522719,-0.007166852872319773
123,2927,0.6974398358647411,0.6877595513647257,-0.009680284500015457
123,2928,0.7069023927983122,0.7010462606920517,-0.00585613210626057
123,2929,0.7091099779734671,0.7039718687877577,-0.005138109185709339
123,2930,0.7248110292980336,0.7130520432303872,-0.01175898606764647
123,2931,0.7079961924223959,0.7090142770132206,0.0010180845908247527
123,2932,0.6931111504044916,0.690853913161326,-0.0022572372431655108
123,2933,0.7052654494674194,0.6937509863216399,-0.01151446314577953
123,2934,0.7033869900066296,0.6984930320414183,-0.004893957965211304
123,2935,0.7095642850848624,0.7110316643985793,0.0014673793137169877
123,2936,0.716231887444643,0.7134814433421217,-0.0027504441025212323
123,2937,0.7062373021050551,0.7090210173781348,0.0027837152730797454
123,2938,0.7146379851403618,0.7098517295609594,-0.0047862555794023764
123,2939,0.7100208359002063,0.7100168466814821,-3.989218724131938e-06
123,2940,0.70377786218514,0.7030787049962417,-0.0006991571888983472
123,2941,0.7189653839845433,0.711736574390747,-0.007228809593796348
123,2942,0.7077431806800604,0.7114507921455223,0.0037076114654619463
123,2943,0.7203379841273567,0.7133946957611592,-0.006943288366197509
123,2944,0.7123052197732034,0.7003015849875258,-0.012003634785677564
123,2945,0.7092742149539445,0.7048428618506403,-0.004431353103304225
123,2946,0.7137707445643844,0.6999214365771285,-0.013849307987255921
123,2947,0.7099413656762613,0.7128642629072754,0.002922897231014132
123,2948,0.712340204377483,0.6993487564009557,-0.012991447976527293
123,2949,0.7194130879827781,0.7167510234715642,-0.0026620645112139796
123,2950,0.7104281079132201,0.7014574177237733,-0.00897069018944674
123,2951,0.707203008486569,0.7053727563019538,-0.0018302521846151887
123,2952,0.6979422641886879,0.7073809974125452,0.009438733223857354
123,2953,0.7148207148727734,0.7074510028731744,-0.007369711999599016
123,2954,0.7105339610074468,0.7181091186693938,0.007575157661946941
123,2955,0.7055510691409488,0.6973015815307988,-0.008249487610149986
123,2956,0.7084618209317624,0.7078208199081442,-0.0006410010236181929
123,2957,0.7006201652732509,0.6939090499307076,-0.006711115342543317
123,2958,0.724165675390146,0.7131937613172038,-0.01097191407294218
123,2959,0.7020325100669296,0.7041326295965155,0.0021001195295858865
123,2960,0.7126996627465604,0.7175018066506632,0.004802143904102829
123,2961,0.7166189598249824,0.7027893887099196,-0.013829571115062778
123,2962,0.7144744897775449,0.7022793317574059,-0.01219515802013904
123,2963,0.7097234436564444,0.7069441963036492,-0.002779247352795111
123,2964,0.7133409370943733,0.7190463204506943,0.005705383356320981
123,2965,0.7082009260346791,0.6975452195644298,-0.010655706470249271
123,2966,0.7099503177357547,0.6996118645258469,-0.010338453209907783
123,2967,0.6953451375762958,0.6902304515501073,-0.005114686026188475
123,2968,0.7218485755574917,0.7176156328439628,-0.00423294271352892
123,2969,0.705651041252197,0.7009309244636758,-0.004720116788521245
123,2970,0.7109836569563042,0.7070205969447367,-0.003963060011567432
123,2971,0.7174196246642455,0.7144378259575694,-0.002981798706676031
123,2972,0.7083949285335299,0.7028434099408873,-0.005551518592642579
123,2973,0.7145356372356155,0.7182571400679507,0.0037215028323351884
123,2974,0.7030635130554382,0.7083971338072956,0.005333620751857393
123,2975,0.7051141193158252,0.701931104231232,-0.003183015084593288
123,2976,0.7142839244876475,0.7137127825427346,-0.0005711419449129229
123,2977,0.703484549603922,0.7006503503761812,-0.0028341992277408634
123,2978,0.7184463357410507,0.7208778603541384,0.00243152461308771
123,2979,0.7070118117572713,0.6969487250371659,-0.010063086720105474
123,2980,0.7185778858292504,0.7117813554427876,-0.0067965303864627735
123,2981,0.7032671887254449,0.6960890586447254,-0.007178130080719547
123,2982,0.7107182680170216,0.7145505449497104,0.0038322769326887274
123,2983,0.707365808997472,0.7039339209673297,-0.0034318880301423826
123,2984,0.7185797767154345,0.7169767576656931,-0.001603019049741361
123,2985,0.7170435304258382,0.7078577203959384,-0.009185810029899821
123,2986,0.6983968986756954,0.7024923798706039,0.004095481194908435
123,2987,0.7108019079435761,0.7163700998804793,0.005568191936903166
123,2988,0.7006800143674958,0.6948150645003577,-0.005864949867138147
123,2989,0.7140967820257412,0.7208844424898353,0.00678766046409407
123,2990,0.7084872200682197,0.713332864121407,0.004845644053187215
123,2991,0.6987767646053764,0.6994694593550956,0.0006926947497192248
123,2992,0.7008598041656513,0.700497279827077,-0.00036252433857431043
123,2993,0.7160747686523885,0.7093375925220742,-0.006737176130314326
123,2994,0.7085810829771798,0.703336402368764,-0.005244680608415764
123,2995,0.7038786834081288,0.6966373392904858,-0.007241344117642989
123,2996,0.693753104362216,0.6935581296569084,-0.00019497470530760452
123,2997,0.7242193805183839,0.7138427184543912,-0.010376662063992681
123,2998,0.7154105025751298,0.7078602325319372,-0.007550270043192642
123,2999,0.7167956881653781,0.713861152526663,-0.002934535638715041
123,3000,0.7087742113971061,0.7013782399873303,-0.00739597140977577
123,3001,0.7134957723041202,0.7029489083716394,-0.010546863932480832
123,3002,0.6955222923738694,0.6937903352768899,-0.0017319570969794862
123,3003,0.708735356287308,0.7057943095799512,-0.0029410467073568425
123,3004,0.7128193963035236,0.7106357264498503,-0.0021836698536733534
123,3005,0.709886173972035,0.7024769611190643,-0.007409212852970692
123,3006,0.7147728754950111,0.7075433483903485,-0.007229527104662625
123,3007,0.7184391343352328,0.7078640258712552,-0.010575108463977578
123,3008,0.7175032568843427,0.706093950178338,-0.011409306706004707
123,3009,0.7125019164640444,0.6989952983594885,-0.01350661810455589
123,3010,0.7137015608379784,0.7054966332202266,-0.008204927617751823
123,3011,0.7142941089957611,0.7094182080518,-0.0048759009439610645
123,3012,0.7121947055189477,0.7078774300552679,-0.0043172754636797706
123,3013,0.7075296029529724,0.7008964272415072,-0.006633175711465156
123,3014,0.722374613472182,0.7138898948959786,-0.008484718576203365
123,3015,0.7097868939954051,0.6969420962805528,-0.012844797714852252
123,3016,0.7170129262486302,0.6984822844691381,-0.018530641779492152
123,3017,0.70020395950565,0.7033019839913561,0.0030980244857061745
123,3018,0.7098802953143857,0.7065198269360891,-0.0033604683782966216
123,3019,0.7133362334375981,0.7056347246862043,-0.00770150875139386
123,3020,0.7062822852837027,0.6991825561309537,-0.007099729152749035
123,3021,0.7055316669805252,0.715580106017548,0.010048439037022794
123,3022,0.71134877310485,0.7058000925752476,-0.0055486805296024455
123,3023,0.7182337161627783,0.7132114337902277,-0.005022282372550646
123,3024,0.7014563644666895,0.6975470797452381,-0.003909284721451356
123,3025,0.7199127280987113,0.7140110206327414,-0.005901707465969963
123,3026,0.7104907635698504,0.7055129304371097,-0.004977833132740694
123,3027,0.7131986927988286,0.707376290934682,-0.00582240186414662
123,3028,0.706972260780014,0.7059992465886957,-0.0009730141913182333
123,3029,0.7042319427314363,0.7060555516521279,0.0018236089206915551
123,3030,0.7165565264857077,0.7144945032411123,-0.002062023244595368
123,3031,0.7174448995993975,0.7156835993618689,-0.001761300237528629
123,3032,0.7166569736167047,0.7157055578919778,-0.0009514157247269006
123,3033,0.7134478782521123,0.710164875497305,-0.003283002754807307
123,3034,0.7128632824762352,0.6999797878727196,-0.012883494603515566
123,3035,0.7091498635233134,0.7112468130925332,0.002096949569219797
123,3036,0.725080385124446,0.7084065076696642,-0.01667387745478177
123,3037,0.7067684994606123,0.7024840611697892,-0.004284438290823034
123,3038,0.7124380836254587,0.7040100289817449,-0.008428054643713767
123,3039,0.7041669225255236,0.7057924037710978,0.0016254812455741563
123,3040,0.7138148367252731,0.7079115844756416,-0.005903252249631508
123,3041,0.7093046098895546,0.7061485637274871,-0.0031560461620674385
123,3042,0.7105002420080527,0.702679843459272,-0.007820398548780694
123,3043,0.7221750317494886,0.7100919631736067,-0.012083068575881928
123,3044,0.6880109894386578,0.6935247162488721,0.005513726810214337
123,3045,0.7210947415893709,0.7109882229599894,-0.0101065186293815
123,3046,0.7174951510729788,0.7154830366301478,-0.0020121144428310034
123,3047,0.7062677779488662,0.7055097548043562,-0.0007580231445100116
123,3048,0.6956155274143512,0.6909779902512717,-0.004637537163079464
123,3049,0.7018261733889618,0.7025984010267752,0.0007722276378133719
123,3050,0.7232476154946592,0.7144559559593439,-0.008791659535315355
123,3051,0.708376331373744,0.7033704056620258,-0.0050059257117182065
123,3052,0.6989626168140353,0.701874237866221,0.0029116210521857866
123,3053,0.7118742102331798,0.7070302550497671,-0.004843955183412629
123,3054,0.721535550852257,0.7171366056238394,-0.00439894522841755
123,3055,0.7153442161313687,0.7009791524578777,-0.014365063673490996
123,3056,0.7061165581805124,0.701342176619701,-0.004774381560811447
123,3057,0.6999242239231218,0.7055346490930074,0.0056104251698856356
123,3058,0.7054816399535473,0.6910293504311826,-0.014452289522364659
123,3059,0.7101551482720699,0.7017128203207734,-0.008442327951296513
123,3060,0.7094635812492669,0.7127988478369677,0.0033352665877007803
123,3061,0.7113610704302185,0.7067095262049602,-0.004651544225258264
123,3062,0.7034674816696636,0.6964881765915507,-0.006979305078112841
123,3063,0.7150865296771218,0.7095634213656385,-0.005523108311483282
123,3064,0.7168648458204826,0.7084183002858861,-0.00844654553459645
123,3065,0.7106699091298314,0.7010840184022835,-0.009585890727547897
123,3066,0.7070761034139383,0.6999863153556676,-0.007089788058270763
123,3067,0.7078012321524099,0.7032681186846461,-0.00453311346776375
123,3068,0.7031970492199751,0.7017036954163649,-0.0014933538036101535
123,3069,0.705303894647338,0.7092027063495542,0.003898811702216176
123,3070,0.7026114543090919,0.7024338459251405,-0.00017760838395142198
123,3071,0.6991275221623015,0.6990505913161622,-7.693084613924484e-05
123,3072,0.7085098489852717,0.7145392889938897,0.006029440008618048
123,3073,0.7241003651979356,0.7152519648214531,-0.00884840037648249
123,3074,0.7123631854877503,0.7167645767669812,0.004401391279230893
123,3075,0.6947117981349213,0.6873576050963797,-0.007354193038541679
123,3076,0.7097208078756598,0.6938453184511963,-0.015875489424463485
123,3077,0.7227741138916202,0.7090141203209572,-0.013759993570662932
123,3078,0.7082913455647004,0.7057109312206813,-0.002580414344019122
123,3079,0.7083987138862874,0.712298495938533,0.003899782052245615
123,3080,0.7100099302369078,0.7024875424560919,-0.007522387780815931
123,3081,0.7111493545859306,0.701926179388361,-0.009223175197569655
123,3082,0.7004952589973437,0.6991345404898475,-0.0013607185074961947
123,3083,0.7051746984861964,0.7017544154268682,-0.0034202830593281774
123,3084,0.7146681308698044,0.7115481385664935,-0.003119992303310948
123,3085,0.7043930940937866,0.7093224513973633,0.004929357303576687
123,3086,0.6974156626981992,0.6933101400910914,-0.0041055226071078366
123,3087,0.7036691640263594,0.7048128067914446,0.0011436427650852732
123,3088,0.7090881459675948,0.6993236871188369,-0.009764458848757984
123,3089,0.7087917787970208,0.7034254763428338,-0.005366302454187011
123,3090,0.7112126158919263,0.7066199650997517,-0.004592650792174635
123,3091,0.713923870082626,0.7079624017426721,-0.005961468339953924
123,3092,0.7128265281466415,0.713632403487843,0.0008058753412014674
123,3093,0.7130461895600364,0.7044691859293419,-0.008577003630694469
123,3094,0.7176423525543427,0.7139007982326515,-0.0037415543216912095
123,3095,0.7129757605819877,0.7030629918048293,-0.00991276877715841
123,3096,0.7060224907641919,0.7056989776193763,-0.00032351314481560145
123,3097,0.7077528107419226,0.7041948314630222,-0.003557979278900447
123,3098,0.7048266107907071,0.6944429538151116,-0.010383656975595512
123,3099,0.7151878770081519,0.7003328337478321,-0.014855043260319833
123,3100,0.7103292835193484,0.718178491758058,0.007849208238709604
123,3101,0.716023836565411,0.705757474980772,-0.010266361584639005
123,3102,0.7106306866452594,0.7041986925303387,-0.0064319941149206805
123,3103,0.7083684846406465,0.712491031152525,0.004122546511878489
123,3104,0.7016089470211313,0.6949633556559216,-0.006645591365209702
123,3105,0.7100647653419123,0.7124619144433297,0.0023971491014174173
123,3106,0.7105032705081036,0.7021149657832967,-0.008388304724806894
123,3107,0.7193407665873167,0.7215858788366554,0.0022451122493386544
123,3108,0.7208850992934527,0.722527452867957,0.0016423535745043738
123,3109,0.7038194971009227,0.7023771662074264,-0.0014423308934963242
123,3110,0.6976112397738039,0.6915804098151366,-0.0060308299586673275
123,3111,0.7010694098017991,0.7043521310365788,0.003282721234779684
123,3112,0.7076087245304687,0.704294465792027,-0.003314258738441711
123,3113,0.7326756724579075,0.7196208201972207,-0.013054852260686811
123,3114,0.7127050057977807,0.705112445226824,-0.007592560570956697
123,3115,0.7161151627758676,0.7076145339188923,-0.008500628856975334
123,3116,0.70930635529655,0.7005920995550927,-0.008714255741457233
123,3117,0.7009366604519215,0.7054931296316554,0.004556469179733957
123,3118,0.7157077818136901,0.7126288900748494,-0.0030788917388406833
123,3119,0.7118519025943514,0.6982070555361715,-0.01364484705817992
123,3120,0.71555401680127,0.7051998385704886,-0.01035417823078133
123,3121,0.7040617260185738,0.7039078507893525,-0.0001538752292212786
123,3122,0.7041022466806921,0.701179219122815,-0.0029230275578771003
123,3123,0.6962660744064875,0.6984713601658072,0.002205285759319775
123,3124,0.7163366702267315,0.7125390829783267,-0.0037975872484048434
123,3125,0.7193587921490234,0.7118305084991003,-0.007528283649923084
123,3126,0.7077015665245213,0.6970352089104175,-0.010666357614103839
123,3127,0.7015003725499906,0.7022695222903252,0.0007691497403345959
123,3128,0.7065950650553643,0.7020681344616657,-0.004526930593698575
123,3129,0.7024206899116487,0.7016265258150718,-0.0007941640965769547
123,3130,0.7140395816517695,0.7090963485878832,-0.004943233063886332
123,3131,0.7063011762255478,0.703153214979248,-0.003147961246299791
123,3132,0.707365627569501,0.7093386254824408,0.0019729979129397
123,3133,0.7188189173852755,0.7091110734773707,-0.0097078439079048
123,3134,0.7117223408476517,0.7107058039893146,-0.001016536858337136
123,3135,0.7047486730729446,0.7008383415202983,-0.003910331552646307
123,3136,0.6984998643721614,0.7020455757571653,0.0035457113850039246
123,3137,0.7064202146409979,0.7001533278986828,-0.006266886742315125
123,3138,0.7217081663926499,0.7090377760076466,-0.012670390385003283
123,3139,0.7061561691503699,0.6946610828729174,-0.011495086277452549
123,3140,0.696827117783221,0.7007452344419667,0.003918116658745641
123,3141,0.7023408538119156,0.7011175381928885,-0.00122331561902711
123,3142,0.7226942416674433,0.7088853697590531,-0.013808871908390197
123,3143,0.7101801603813558,0.6999068423416055,-0.01027331803975029
123,3144,0.718770532408189,0.7127852527808729,-0.005985279627316098
123,3145,0.7207346770050131,0.7180002820052788,-0.0027343949997343797
123,3146,0.7092165643488835,0.7071846323925561,-0.0020319319563273375
123,3147,0.7169547517229151,0.7151852627893976,-0.0017694889335174713
123,3148,0.7075000311133457,0.6996574958914925,-0.007842535221853186
123,3149,0.7131297293712178,0.7055159154659174,-0.0076138139053003595
123,3150,0.7036080821971047,0.6975196701750583,-0.006088412022046352
123,3151,0.711614540866548,0.7025511604323789,-0.0090633804341691
123,3152,0.7051086393881973,0.7026214557850603,-0.0024871836031370442
123,3153,0.7111918164416553,0.7045749335281357,-0.006616882913519584
123,3154,0.7009710941127008,0.6941792195357471,-0.006791874576953627
123,3155,0.7152272900063088,0.7103330201409275,-0.004894269865381329
123,3156,0.705973245581181,0.7046254546960568,-0.001347790885124267
123,3157,0.7015820980223839,0.6970032519919935,-0.004578846030390382
123,3158,0.7063139680896378,0.715216569841288,0.008902601751650252
123,3159,0.7226936326438833,0.7130923211656092,-0.009601311478274144
123,3160,0.7144916875410148,0.7073846305773324,-0.007107056963682412
123,3161,0.7129388357071362,0.7070784358939377,-0.005860399813198525
123,3162,0.7060844123460788,0.6924289475862497,-0.013655464759829039
123,3163,0.7135057712965109,0.71088543784217,-0.002620333454340984
123,3164,0.7108432450584233,0.7023002028960388,-0.008543042162384551
123,3165,0.7018792540066814,0.7021981083912028,0.00031885438452139425
123,3166,0.708489794434606,0.7017333657966739,-0.0067564286379321326
123,3167,0.7151665334194813,0.707792857814061,-0.007373675605420349
123,3168,0.7066153171009953,0.7085213142552715,0.0019059971542761955
123,3169,0.7087145239619612,0.7038822218143646,-0.004832302147596668
123,3170,0.7155166107633576,0.7059702981050593,-0.009546312658298306
123,3171,0.7082694472208446,0.7134416026578747,0.00517215543703009
123,3172,0.7189329076234535,0.7145602865070868,-0.004372621116366715
123,3173,0.7144253563248549,0.7061075863649089,-0.008317769959946042
123,3174,0.7055026975294478,0.7022221200110532,-0.0032805775183946118
123,3175,0.7163722107165842,0.7006623750762824,-0.015709835640301817
123,3176,0.698175677652684,0.6899447473942112,-0.008230930258472768
123,3177,0.7213933916926005,0.7094570202037828,-0.011936371488817765
123,3178,0.698478808272332,0.6939281643949733,-0.004550643877358707
123,3179,0.7016761636330117,0.7063982967967721,0.004722133163760467
123,3180,0.7079970567006824,0.7115542884030421,0.0035572317023597755
123,3181,0.7151268112999813,0.7097686304376691,-0.005358180862312212
123,3182,0.7046355194819124,0.7019029385195448,-0.0027325809623676145
123,3183,0.7158453494277731,0.7072052002077898,-0.00864014921998335
123,3184,0.7133572486738031,0.7085677224268767,-0.004789526246926412
123,3185,0.7058125724214166,0.7071229837469923,0.0013104113255757444
123,3186,0.7160946255924439,0.7121436011387391,-0.003951024453704766
123,3187,0.7116900093012819,0.7066171421809119,-0.005072867120370028
123,3188,0.7037223737544699,0.7079795794820879,0.0042572057276180075
123,3189,0.7100646158841477,0.7044715299072155,-0.0055930859769321994
123,3190,0.7091045162749682,0.7021327305520038,-0.006971785722964419
123,3191,0.7134393579951352,0.7066051753456604,-0.006834182649474885
123,3192,0.7187891676448828,0.7086434016428573,-0.010145766002025436
123,3193,0.6965984477068264,0.6960106920925493,-0.0005877556142771523
123,3194,0.7257670584695616,0.7140656960735062,-0.011701362396055348
123,3195,0.7130399715903453,0.7074237959935822,-0.005616175596763084
123,3196,0.7204474613967008,0.717174334453762,-0.0032731269429387977
123,3197,0.7131376720960709,0.7110600459427212,-0.002077626153349721
123,3198,0.7041085721036051,0.6964742408160502,-0.007634331287554863
123,3199,0.7026779725931682,0.7071421559687949,0.004464183375626707
123,3200,0.6981644004751295,0.6949612065647466,-0.0032031939103829288
123,3201,0.7065333766549676,0.7019105557123702,-0.004622820942597472
123,3202,0.7098000116132795,0.700103515680523,-0.009696495932756566
123,3203,0.7112749499305828,0.6984494950435665,-0.012825454887016363
123,3204,0.7055233849020759,0.7090563330162658,0.0035329481141899155
123,3205,0.7105905312957252,0.7025360718258769,-0.008054459469848396
123,3206,0.7086610862408695,0.703351274859256,-0.005309811381613572
123,3207,0.7208301557834003,0.7133658387111037,-0.007464317072296556
123,3208,0.712308406339708,0.7026128020559655,-0.009695604283742498
123,3209,0.7114055867270095,0.6966708189904166,-0.01473476773659288
123,3210,0.696509930620394,0.6960639625913863,-0.00044596802900775945
123,3211,0.7079628420726116,0.7031241411683511,-0.004838700904260529
123,3212,0.7121216111357586,0.7050853925578067,-0.0070362185779518915
123,3213,0.7083263308435811,0.7055526015729346,-0.0027737292706464522
123,3214,0.7013217292580122,0.6872438612143044,-0.014077868043707809
123,3215,0.7089660705660914,0.7035364958643002,-0.005429574701791173
123,3216,0.6994517699320318,0.7008788158027032,0.0014270458706713285
123,3217,0.7181553639841078,0.7171180346540189,-0.001037329330088932
123,3218,0.7225296385695802,0.7044411030825548,-0.01808853548702538
123,3219,0.7140133736266936,0.7093186383588168,-0.004694735267876782
123,3220,0.7142605052076834,0.7026061369346985,-0.011654368272984827
123,3221,0.7055391504949867,0.6981681500168625,-0.007371000478124223
123,3222,0.7171759068815873,0.7066437375995409,-0.010532169282046366
123,3223,0.7085084511790319,0.7025231403578882,-0.00598531082114373
123,3224,0.7163796002912155,0.7065369104435704,-0.009842689847645136
123,3225,0.6949397698571549,0.6921187909179227,-0.002820978939232166
123,3226,0.6987459282862405,0.7007605544200513,0.0020146261338107596
123,3227,0.7103349465991364,0.6990314484237887,-0.011303498175347704
123,3228,0.7099269061334996,0.7110283043853634,0.0011013982518637278
123,3229,0.7032409716265137,0.7034931077881716,0.0002521361616579787
123,3230,0.713267405262768,0.7079513719696358,-0.0053160332931322385
123,3231,0.7137627345752233,0.7061663098977421,-0.007596424677481228
123,3232,0.7152441173235986,0.6988526490804119,-0.016391468243186713
123,3233,0.7179858146498515,0.7088207020561041,-0.009165112593747304
123,3234,0.7139333997695223,0.706247278853007,-0.007686120916515327
123,3235,0.7060549636815812,0.7055760993569256,-0.00047886432465560347
123,3236,0.7097593871730095,0.7089888246999301,-0.0007705624730793836
123,3237,0.7059199186045025,0.7078600835970121,0.0019401649925095965
123,3238,0.7049547526092614,0.7145758712190792,0.009621118609817736
123,3239,0.7137529609566264,0.7071726691755511,-0.006580291781075331
123,3240,0.712774399748043,0.7091325097647271,-0.003641889983315938
123,3241,0.7103787817013724,0.7043431486857159,-0.006035633015656461
123,3242,0.7030958005906918,0.7066762297616159,0.00358042917092416
123,3243,0.7211667756880469,0.7247996382143962,0.003632862526349312
123,3244,0.7123291829465439,0.70935777106032,-0.0029714118862238514
123,3245,0.7084432414556228,0.6950985629977199,-0.013344678457902881
123,3246,0.71007138320535,0.6962656268710135,-0.01380575633433656
123,3247,0.707475441494495,0.7039475704043541,-0.003527871090140966
123,3248,0.7159397503042777,0.7172247596671439,0.0012850093628662407
123,3249,0.7056812594727727,0.7032865595738088,-0.0023946998989639035
123,3250,0.7150516946333572,0.6989521878834797,-0.01609950674987748
123,3251,0.7019900536442046,0.7044971828159591,0.002507129171754441
123,3252,0.7254076303592782,0.7137402082491977,-0.011667422110080539
123,3253,0.7077236096885027,0.7047133311503129,-0.0030102785381898034
123,3254,0.7155467094138724,0.7156475418496748,0.00010083243580238932
123,3255,0.7055349561809439,0.7036440308620553,-0.00189092531888857
123,3256,0.7039118381932923,0.6890439415489408,-0.014867896644351508
123,3257,0.7169832172736605,0.7104779475775134,-0.006505269696147176
123,3258,0.7062066520464657,0.6932249170112701,-0.012981735035195618
123,3259,0.7192387567096927,0.7123217152393502,-0.006917041470342555
123,3260,0.7098007402420707,0.7096474198883054,-0.00015332035376536268
123,3261,0.709223730124175,0.7054594295046213,-0.0037643006195536843
123,3262,0.7155765064731539,0.7073901043353817,-0.008186402137772109
123,3263,0.7119631424546631,0.7025206796921204,-0.00944246276254268
123,3264,0.7059224086150598,0.6944433464038015,-0.011479062211258384
123,3265,0.7115074222465989,0.6934314838737375,-0.018075938372861367
123,3266,0.7006848740218047,0.6992424360554954,-0.0014424379663092735
123,3267,0.7066886143700142,0.702914294267567,-0.0037743201024471595
123,3268,0.7101168485834369,0.7111037313549496,0.0009868827715127093
123,3269,0.7047164639803312,0.6958855201854928,-0.008830943794838397
123,3270,0.7035354179192703,0.6964486196668243,-0.007086798252446069
123,3271,0.7061568709680075,0.7042897943028721,-0.0018670766651354143
123,3272,0.7132172303396667,0.7114166777337381,-0.001800552605928596
123,3273,0.6937486822049654,0.6999444188518131,0.006195736646847694
123,3274,0.7044839810796573,0.7079599103921141,0.0034759293124568824
123,3275,0.7227573938054586,0.7108669602949657,-0.011890433510492904
123,3276,0.7078674790269877,0.7058565793253988,-0.002010899701588853
123,3277,0.7096083692203801,0.6996966845178723,-0.009911684702507806
123,3278,0.7057372884362538,0.7096381454596026,0.003900857023348747
123,3279,0.7072624887968902,0.700487183918736,-0.0067753048781542535
123,3280,0.712431828644589,0.7109363855006038,-0.0014954431439851978
123,3281,0.7286928499898891,0.7188551601167606,-0.009837689873128497
123,3282,0.7149157536407098,0.7062477507059411,-0.00866800293476866
123,3283,0.7083121086197501,0.7107091557143017,0.0023970470945515743
123,3284,0.7142213649938968,0.7100400205783338,-0.004181344415562949
123,3285,0.7152148791055528,0.7040729738419969,-0.011141905263555962
123,3286,0.7091726296173027,0.7004429186814496,-0.008729710935853063
123,3287,0.7133966275978585,0.6955769323707439,-0.017819695227114574
123,3288,0.7073670495996826,0.7113780653881057,0.004011015788423111
123,3289,0.7166547794781293,0.7072031538728007,-0.009451625605328529
123,3290,0.6994182173097888,0.6978570858361599,-0.0015611314736289073
123,3291,0.6970464858561963,0.6930762921696254,-0.003970193686570922
123,3292,0.7153241339084224,0.7124772367385501,-0.002846897169872298
123,3293,0.7219741195894184,0.7210265939217477,-0.0009475256676706456
123,3294,0.711357916976408,0.7023693097824619,-0.008988607193946119
123,3295,0.7131492975472589,0.7012406198380896,-0.011908677709169257
123,3296,0.7055629920918856,0.6955943525641652,-0.009968639527720313
123,3297,0.7176500910520648,0.7106552650771494,-0.0069948259749154085
123,3298,0.705992728487842,0.7023085581497963,-0.003684170338045689
123,3299,0.7119330799759331,0.6999497903810973,-0.011983289594835855
123,3300,0.7138532270455902,0.7121805568004567,-0.0016726702451335118
123,3301,0.7070920412196772,0.7083681120383787,0.0012760708187015135
123,3302,0.6961984302278841,0.6835836370757999,-0.012614793152084136
123,3303,0.715514504284809,0.7097858199973072,-0.0057286842875018396
123,3304,0.7083249239517134,0.7024016649210982,-0.005923259030615191
123,3305,0.7180918288462643,0.7121500734329536,-0.0059417554133107675
123,3306,0.701456517373543,0.7078366063805279,0.006380089006984946
123,3307,0.7174399632704447,0.7041207951499024,-0.013319168120542235
123,3308,0.7029732067315149,0.7009563444094119,-0.0020168623221029636
123,3309,0.704757814858595,0.6981802635292516,-0.006577551329343456
123,3310,0.7021996913350079,0.6933677065574102,-0.008831984777597723
123,3311,0.7111823755613537,0.7030910088915623,-0.008091366669791378
123,3312,0.7204289729659725,0.7104299410587256,-0.009999031907246936
123,3313,0.6972170798047426,0.7011868892380435,0.0039698094333009415
123,3314,0.7112996957526265,0.7132252843344541,0.0019255885818275642
123,3315,0.6996157857189769,0.7011698052760396,0.0015540195570626913
123,3316,0.7040833358521763,0.699660914018683,-0.004422421833493284
123,3317,0.7240089225674493,0.702731265735539,-0.021277656831910297
123,3318,0.7045473826437146,0.6985850942605532,-0.005962288383161485
123,3319,0.7100894636390807,0.7075998225219897,-0.002489641117090935
123,3320,0.6972614904916663,0.7028239518864992,0.005562461394832852
123,3321,0.7155279084444449,0.7121388248019782,-0.003389083642466706
123,3322,0.7118715987798256,0.7105292633525628,-0.0013423354272628085
123,3323,0.7128513635707219,0.7054003498462829,-0.007451013724439015
123,3324,0.7068088763728363,0.691766447292091,-0.015042429080745268
123,3325,0.7034943050764054,0.689875846503081,-0.013618458573324443
123,3326,0.7031484839790101,0.7016222621462894,-0.0015262218327206645
123,3327,0.7206711854666015,0.7143846819066298,-0.0062865035599716235
123,3328,0.7069998708871765,0.7019894773153195,-0.005010393571857064
123,3329,0.7006153417669427,0.7026366712961765,0.0020213295292337286
123,3330,0.6982955519724869,0.6932305307260516,-0.005065021246435375
123,3331,0.7137411898646422,0.7105238842230787,-0.003217305641563528
123,3332,0.7158623888955299,0.7085263294088294,-0.007336059486700464
123,3333,0.7204791643628031,0.715163125280093,-0.005316039082710167
123,3334,0.7223001174955346,0.7084481993473649,-0.013851918148169662
123,3335,0.7213723831004684,0.7039005469582402,-0.017471836142228137
123,3336,0.7103614447712987,0.7007345586457537,-0.009626886125544964
123,3337,0.7056482332345934,0.7104251581206724,0.004776924886079059
123,3338,0.7177684485066242,0.7079769385448728,-0.009791509961751488
123,3339,0.7031764107098923,0.7042696033174828,0.001093192607590443
123,3340,0.7161820456140556,0.7103803016661637,-0.005801743947891902
123,3341,0.7045190832363595,0.7010251146816833,-0.003493968554676208
123,3342,0.7068178414963722,0.6975172773284499,-0.009300564167922243
123,3343,0.711876146419647,0.7089281004612207,-0.0029480459584263485
123,3344,0.7182478792153654,0.7122309390203231,-0.006016940195042286
123,3345,0.7082806526006209,0.7095005561683172,0.001219903567696301
123,3346,0.6995918345184313,0.6974393163106611,-0.002152518207770182
123,3347,0.7055275996944749,0.7020521155085216,-0.003475484185953226
123,3348,0.7131707313658604,0.6977982746077105,-0.01537245675814991
123,3349,0.7061221791469151,0.6961459731685993,-0.009976205978315833
123,3350,0.7077946565064619,0.7012710049574569,-0.006523651549005027
123,3351,0.7179761343187486,0.7050676167406829,-0.01290851757806577
123,3352,0.7036811434359428,0.6967552641264284,-0.006925879309514382
123,3353,0.7023772869946946,0.6993307254961703,-0.003046561498524336
123,3354,0.7101186395408505,0.7029355856035828,-0.007183053937267703
123,3355,0.7114092292934341,0.7083173395395641,-0.0030918897538699808
123,3356,0.7130805717785784,0.7053391162671221,-0.00774145551145633
123,3357,0.7095823207768808,0.7093778679901388,-0.00020445278674197098
123,3358,0.6999204901854246,0.7058347506731801,0.005914260487755563
123,3359,0.7015122130895131,0.7021975982778033,0.0006853851882901996
123,3360,0.7063264327037535,0.7048983369702314,-0.0014280957335220945
123,3361,0.7121871976692309,0.7069254781020939,-0.0052617195671369466
123,3362,0.70629211104222,0.7081208431249897,0.0018287320827696796
123,3363,0.7065468041434642,0.6988058779993429,-0.007740926144121252
123,3364,0.7141738735506651,0.7113653332916894,-0.0028085402589757003
123,3365,0.7177462725852577,0.7123199290982032,-0.005426343487054508
123,3366,0.7154342054723686,0.7031588646422867,-0.01227534083008186
123,3367,0.6976933079577345,0.6915489601740805,-0.006144347783654025
123,3368,0.7081176923587359,0.7055611599169598,-0.002556532441776116
123,3369,0.7000642015274425,0.6957188447823343,-0.004345356745108275
123,3370,0.7193482278976397,0.7049726695824216,-0.014375558315218195
123,3371,0.6995060319653127,0.6952770285492615,-0.004229003416051147
123,3372,0.7080954805583387,0.7110084453831176,0.002912964824778874
123,3373,0.7040164645133365,0.6968753737460749,-0.00714109076726166
123,3374,0.7020380186507279,0.6976113763253811,-0.004426642325346841
123,3375,0.7147674453591161,0.7135375153283592,-0.0012299300307568872
123,3376,0.71431566059392,0.70495217505425,-0.009363485539670036
123,3377,0.6984261171346883,0.6939071004845391,-0.004519016650149199
123,3378,0.7152895240911474,0.7047712160958576,-0.010518307995289855
123,3379,0.7142004749061983,0.7002142541882598,-0.013986220717938536
123,3380,0.7018541885628237,0.7018850751187706,3.088655594696288e-05
123,3381,0.7141756087725573,0.699509674891232,-0.01466593388132531
123,3382,0.7040575295780331,0.7013331909078506,-0.0027243386701825134
123,3383,0.7205724697275603,0.700130413333367,-0.020442056394193275
123,3384,0.7121953396132126,0.7095723229075719,-0.0026230167056406906
123,3385,0.6996210860642526,0.6963147508257785,-0.003306335238474012
123,3386,0.7156067412290544,0.7055063458026507,-0.01010039542640373
123,3387,0.7176803830925663,0.7144691185281675,-0.003211264564398797
123,3388,0.706561833091733,0.7103650891711829,0.003803256079449868
123,3389,0.7178669819526157,0.7133491500198833,-0.0045178319327323635
123,3390,0.7124186980423178,0.7029180334796399,-0.009500664562677952
123,3391,0.7103574971066104,0.7060496322602334,-0.004307864846377019
123,3392,0.7087735994124164,0.7105049693869424,0.0017313699745260536
123,3393,0.7131879408553754,0.7003149404907156,-0.01287300036465977
123,3394,0.708316786183313,0.7050087156591952,-0.0033080705241177455
123,3395,0.7057797986740706,0.7015775662543855,-0.004202232419685092
123,3396,0.7083784002607192,0.7086976546568634,0.0003192543961442196
123,3397,0.7159840709518024,0.710452946005358,-0.005531124946444366
123,3398,0.7036170239412474,0.7003445299630975,-0.003272493978149882
123,3399,0.7034465453372851,0.7080802599191742,0.0046337145818891035
123,3400,0.7085130491700157,0.6995166682711929,-0.00899638089882282
123,3401,0.718612682933848,0.7054049861677758,-0.013207696766072141
123,3402,0.7157991933598926,0.7083547900680286,-0.007444403291864021
123,3403,0.7120312341789848,0.709849525743589,-0.0021817084353958904
123,3404,0.7211215789857665,0.711097193671311,-0.010024385314455486
123,3405,0.7154100023071471,0.7118949487518468,-0.0035150535553003515
123,3406,0.7088477363129001,0.7013934827888644,-0.0074542535240357255
123,3407,0.7066704919747928,0.7032444309508381,-0.0034260610239547074
123,3408,0.7110557254399332,0.7030659189766701,-0.007989806463263083
123,3409,0.7119306244175011,0.7065627925775289,-0.005367831839972248
123,3410,0.7068162434800739,0.7004887076019304,-0.006327535878143498
123,3411,0.7055644729868711,0.6997770214965845,-0.005787451490286588
123,3412,0.7130870944233985,0.711430454158023,-0.0016566402653754864
123,3413,0.6995473494143748,0.6945802138935449,-0.004967135520829946
123,3414,0.6987275903784732,0.7008545994038474,0.0021270090253742158
123,3415,0.7147063169778254,0.7121365926829877,-0.0025697242948377053
123,3416,0.7127012105335182,0.7086686494246952,-0.004032561108822996
123,3417,0.7048979858258287,0.7034906347782218,-0.0014073510476069195
123,3418,0.7163701189510925,0.7127284339283244,-0.003641685022768071
123,3419,0.7091811847410581,0.6997624927894326,-0.00941869195162548
123,3420,0.7117271225739187,0.7054996784090083,-0.0062274441649103895
123,3421,0.713957091673411,0.7044386177772166,-0.009518473896194424
123,3422,0.6974596841659667,0.700025739963002,0.0025660557970352826
123,3423,0.7110018867420212,0.7050877137495087,-0.005914172992512512
123,3424,0.715915908686467,0.7174490899817965,0.0015331812953294222
123,3425,0.7107494691559617,0.7040688677798765,-0.006680601376085171
123,3426,0.7178385776742298,0.7064056211308959,-0.011432956543333872
123,3427,0.7119338175782509,0.7134625333525677,0.0015287157743167912
123,3428,0.7032088934453263,0.6994510626725801,-0.0037578307727462734
123,3429,0.7078341850447887,0.7087916671729013,0.0009574821281126411
123,3430,0.7059597947888512,0.6995520577630565,-0.006407737025794669
123,3431,0.7118593141578378,0.6954439611690465,-0.016415352988791265
123,3432,0.7267766684877908,0.7087475025785126,-0.018029165909278166
123,3433,0.7249417179136135,0.7187482404623067,-0.006193477451306828
123,3434,0.715838303218632,0.7156427824824179,-0.00019552073621409427
123,3435,0.7046814149138184,0.7009997432996121,-0.0036816716142062944
123,3436,0.7062197696463643,0.7065475515364898,0.0003277818901255003
123,3437,0.7237280754539782,0.7145668539311893,-0.009161221522788865
123,3438,0.710788717019705,0.690697737060717,-0.02009097995898801
123,3439,0.7147406475154361,0.6983191848019596,-0.016421462713476442
123,3440,0.6992154497840142,0.7019331938277127,0.002717744043698511
123,3441,0.6999274169251618,0.6892868977552837,-0.010640519169878071
123,3442,0.7112145502375034,0.7084821559744418,-0.0027323942630615994
123,3443,0.7153614029079916,0.70665330429942,-0.00870809860857158
123,3444,0.7087269333737438,0.6960061567925061,-0.012720776581237714
123,3445,0.7015383404467038,0.6961997078908251,-0.005338632555878742
123,3446,0.7133471421148472,0.7032241016948413,-0.010123040420005891
123,3447,0.7073325219193993,0.6975173012922826,-0.009815220627116705
123,3448,0.716736533565026,0.7139511306309189,-0.0027854029341071174
123,3449,0.7126363524295722,0.7097584534606424,-0.0028778989689298706
123,3450,0.7209434107518166,0.7098337176273641,-0.011109693124452424
123,3451,0.7141758022615523,0.7003181973020367,-0.013857604959515601
123,3452,0.7190801707496819,0.7138663732320207,-0.005213797517661156
123,3453,0.7051708876058262,0.7006232767699545,-0.00454761083587174
123,3454,0.7139650743294708,0.7043376187035165,-0.00962745562595424
123,3455,0.7147189287172546,0.7102928568910598,-0.004426071826194811
123,3456,0.7035165355035291,0.7010942962330777,-0.002422239270451376
123,3457,0.7117152312484473,0.6982692500218755,-0.013445981226571813
123,3458,0.7149471457900265,0.7028295298416459,-0.012117615948380567
123,3459,0.7172273417368715,0.7121111262115104,-0.005116215525361123
123,3460,0.7168519310848591,0.7079920461957123,-0.008859884889146796
123,3461,0.7035467467998164,0.7056760988216634,0.002129352021846942
123,3462,0.7125989141717166,0.7002459909835873,-0.012352923188129306
123,3463,0.6989455972331191,0.6979020215042044,-0.0010435757289146697
123,3464,0.7140411447179466,0.7054008578369464,-0.008640286881000159
123,3465,0.7241392675695308,0.7167398580930215,-0.0073994094765093
123,3466,0.7069595758973743,0.711348309163345,0.004388733265970668
123,3467,0.7199420360238056,0.7118902914000433,-0.008051744623762236
123,3468,0.70168192679981,0.6972301469135693,-0.004451779886240681
123,3469,0.7085485116291337,0.7013567808121883,-0.007191730816945352
123,3470,0.7043550760937479,0.6967243053131629,-0.00763077078058505
123,3471,0.7152608866509066,0.7064882929897728,-0.00877259366113381
123,3472,0.7129655466993153,0.7141209022931856,0.0011553555938702553
123,3473,0.7045941188113743,0.702113027387931,-0.0024810914234433268
123,3474,0.7088109819809203,0.7102486421579512,0.0014376601770309527
123,3475,0.7096256429481775,0.7000183462358769,-0.00960729671230065
123,3476,0.695269242667153,0.7015229097850988,0.006253667117945838
123,3477,0.7041796966170228,0.7041226227349622,-5.7073882060665326e-05
123,3478,0.71509987306971,0.6994573406035453,-0.01564253246616476
123,3479,0.7160571522755401,0.7072014692021589,-0.008855683073381249
123,3480,0.7094694871615899,0.703940506074745,-0.005528981086844853
123,3481,0.7146975198811467,0.7104697794626711,-0.004227740418475623
123,3482,0.7056244059407486,0.701714626713589,-0.0039097792271596266
123,3483,0.7050380880605254,0.698950471192124,-0.006087616868401424
123,3484,0.7189505463923331,0.7184489334746353,-0.0005016129176977913
123,3485,0.7192696930621467,0.7125109753577638,-0.006758717704382966
123,3486,0.7073691431040203,0.7127853882018556,0.005416245097835226
123,3487,0.715501237480011,0.708957074785865,-0.0065441626941460385
123,3488,0.7078155940555386,0.7025666597698037,-0.005248934285734919
123,3489,0.7252656149721077,0.7216252296973005,-0.0036403852748072563
123,3490,0.711049518964551,0.7057175498685468,-0.0053319690960041966
123,3491,0.7057178131745019,0.707775402288662,0.0020575891141600966
123,3492,0.6986246500726621,0.6931828028727105,-0.005441847199951555
123,3493,0.7152644820742069,0.7140373981009471,-0.0012270839732597683
123,3494,0.7070328694209065,0.6956700481556014,-0.011362821265305079
123,3495,0.7293950406208185,0.7127255457995377,-0.016669494821280773
123,3496,0.7202261991022323,0.7218341484934561,0.001607949391223773
123,3497,0.7058778616115609,0.7030078460870902,-0.002870015524470637
123,3498,0.7085348418999671,0.7026545977037915,-0.00588024419617561
123,3499,0.7068674452309702,0.69691571830102,-0.009951726929950278
123,3500,0.7068525880141194,0.7104640453643585,0.0036114573502390446
123,3501,0.6981176489174485,0.6958364675550883,-0.0022811813623602184
123,3502,0.7162560174397887,0.7153070272054829,-0.0009489902343058354
123,3503,0.7213995932555979,0.7187881715540607,-0.0026114217015371644
123,3504,0.7079222222824374,0.7002169639047238,-0.007705258377713631
123,3505,0.7145926545691221,0.7130823858761942,-0.0015102686929279185
123,3506,0.7088437824738525,0.7147097047291425,0.005865922255290035
123,3507,0.7036388910958871,0.7044660255283902,0.0008271344325031516
123,3508,0.7014079450525197,0.6967223290210774,-0.004685616031442241
123,3509,0.7019053880024932,0.7038593708436742,0.001953982841180979
123,3510,0.7143240968646315,0.701799431611722,-0.012524665252909517
123,3511,0.7075254091393133,0.7096761107455112,0.0021507016061979023
123,3512,0.7163253225850872,0.7056442215105072,-0.01068110107457998
123,3513,0.697724174250355,0.7024542046780408,0.004730030427685716
123,3514,0.7068803538937846,0.7001543408877274,-0.00672601300605713
123,3515,0.7193938630569633,0.7131204002732163,-0.006273462783746964
123,3516,0.7224368284656804,0.708570722961728,-0.013866105503952397
123,3517,0.718682299974763,0.7084131421818741,-0.010269157792888839
123,3518,0.7176012422925424,0.7163690958847995,-0.00123214640774294
123,3519,0.7168980794258446,0.7172689027632418,0.0003708233373972414
123,3520,0.6945999746966873,0.6796311123430696,-0.014968862353617718
123,3521,0.7137273786617393,0.7062694415819544,-0.0074579370797849265
123,3522,0.7100245176450115,0.7086397100419415,-0.0013848076030700263
123,3523,0.7047461264627316,0.705446816761366,0.0007006902986343988
123,3524,0.7011632855521727,0.7019424752353479,0.0007791896831752521
123,3525,0.7025812428379345,0.6947198735165894,-0.00786136932134518
123,3526,0.7156174005921097,0.7085581587933556,-0.007059241798754057
123,3527,0.7046679346498459,0.6946045807512244,-0.010063353898621452
123,3528,0.6997286846909252,0.6994107997571241,-0.000317884933801138
123,3529,0.7269659013641083,0.7143006443115911,-0.012665257052517198
123,3530,0.6930902220215285,0.6948580210122468,0.0017677989907183278
123,3531,0.7112511521033378,0.715609741446074,0.004358589342736252
123,3532,0.7096528433874121,0.703517507890504,-0.006135335496908034
123,3533,0.6983945269410043,0.6880931112694558,-0.01030141567154852
123,3534,0.7119955375654933,0.7088085458971352,-0.003186991668358119
123,3535,0.7138807511407725,0.7019070277608594,-0.011973723379913093
123,3536,0.6987064487816351,0.7004456218723851,0.0017391730907500014
123,3537,0.7068860958353669,0.7018491157941402,-0.0050369800412266574
123,3538,0.7147813106310112,0.7096256890488146,-0.005155621582196623
123,3539,0.7183799989275279,0.7117253056496932,-0.0066546932778347445
123,3540,0.7127908967910612,0.7128029718533155,1.2075062254313096e-05
123,3541,0.7038856707462612,0.7054169341113516,0.0015312633650904628
123,3542,0.7126126011776321,0.707896272547591,-0.004716328630041122
123,3543,0.6952978836362005,0.7059379421656726,0.01064005852947214
123,3544,0.7164181707612557,0.7037829384407053,-0.012635232320550416
123,3545,0.7152071160775019,0.7091153403035599,-0.006091775773941932
123,3546,0.7061960275013099,0.7127537896861912,0.006557762184881244
123,3547,0.7121581465204048,0.6961988957495784,-0.015959250770826383
123,3548,0.7105931911454795,0.7010468790835103,-0.009546312061969209
123,3549,0.7084924848894312,0.7210384452930262,0.012545960403595013
123,3550,0.7144989955209666,0.7042259746959995,-0.010273020824967172
123,3551,0.7172630745527007,0.7006862343956677,-0.01657684015703298
123,3552,0.7208573898571895,0.711985413823388,-0.00887197603380152
123,3553,0.7106061952385296,0.7086649629115226,-0.0019412323270070475
123,3554,0.7115102658356665,0.7123246457810787,0.0008143799454122247
123,3555,0.7098616087857201,0.7125129942724088,0.00265138548668864
123,3556,0.7089107645387709,0.707268460416481,-0.0016423041222899393
123,3557,0.7040071494911427,0.7048476051108593,0.0008404556197165736
123,3558,0.7125943811444624,0.7089008658699091,-0.003693515274553305
123,3559,0.711593726008845,0.6976376426792277,-0.013956083329617286
123,3560,0.7194028041734494,0.704932932464686,-0.014469871708763349
123,3561,0.7214395690818598,0.7083928066782077,-0.013046762403652101
123,3562,0.7121852946204794,0.710067067440237,-0.00211822718024246
123,3563,0.7213928393071314,0.7128343353149711,-0.008558503992160293
123,3564,0.7165061126811378,0.7104785268527998,-0.006027585828338067
123,3565,0.7106576594816895,0.7124511112122176,0.0017934517305281394
123,3566,0.7188936189737448,0.7270833084809939,0.008189689507249076
123,3567,0.7020330766881694,0.7033600411826526,0.0013269644944832182
123,3568,0.7072207985465275,0.7075030366139246,0.0002822380673970226
123,3569,0.7108663038518832,0.713056001131583,0.002189697279699754
123,3570,0.711902078297204,0.708938112242867,-0.0029639660543370194
123,3571,0.7125326204484476,0.7096650014493242,-0.002867618999123356
123,3572,0.7178812593073998,0.7059429706521272,-0.011938288655272578
123,3573,0.7107481795081725,0.7020672873374941,-0.008680892170678356
123,3574,0.7105212649574701,0.707792488032678,-0.00272877692479212
123,3575,0.7067491725463846,0.7033884375959312,-0.0033607349504534145
123,3576,0.701244580732008,0.7035927593554228,0.002348178623414743
123,3577,0.7171787905723445,0.7117816644246409,-0.0053971261477036014
123,3578,0.7125995853233973,0.7077236797534665,-0.004875905569930783
123,3579,0.698042967624946,0.700400302237363,0.0023573346124170502
123,3580,0.711241196026316,0.7062786918603755,-0.004962504165940462
123,3581,0.7060693872988357,0.7007910977625456,-0.0052782895362901705
123,3582,0.7068683076196414,0.6966240879601039,-0.010244219659537479
123,3583,0.7106329646477115,0.7113442576129254,0.0007112929652138833
123,3584,0.7128550677039782,0.7048320833032923,-0.00802298440068594
123,3585,0.7041254837600214,0.6933209716723214,-0.010804512087699947
123,3586,0.7171826247214693,0.6980520317292305,-0.01913059299223885
123,3587,0.7126020297280211,0.7046908803422959,-0.007911149385725236
123,3588,0.7035867563135012,0.6979698424043184,-0.005616913909182841
123,3589,0.7092332961069624,0.711022015650582,0.001788719543619588
123,3590,0.7208998384636143,0.7187996393962155,-0.002100199067398778
123,3591,0.7100701148747597,0.7053727648584631,-0.004697350016296564
123,3592,0.7226182605123213,0.7191860307450677,-0.0034322297672535473
123,3593,0.702552906004382,0.7017679528508535,-0.0007849531535285559
123,3594,0.7068732655971128,0.7058092354426313,-0.0010640301544815323
123,3595,0.7081588913818321,0.7102087619286008,0.0020498705467687506
123,3596,0.7216998985469794,0.7152269985639577,-0.006472899983021696
123,3597,0.7214192936180513,0.6973305020138072,-0.024088791604244153
123,3598,0.7047597683088415,0.7005035485577098,-0.004256219751131662
123,3599,0.7113598583256406,0.7051839722095214,-0.006175886116119189
123,3600,0.7151422139839796,0.7125203463923084,-0.0026218675916711565
123,3601,0.7100956543304431,0.708775109166232,-0.0013205451642110955
123,3602,0.7142136450048374,0.7093801026115854,-0.004833542393252066
123,3603,0.711293285263783,0.7082887178928207,-0.00300456737096233
123,3604,0.7181366702485816,0.7121481695924496,-0.00598850065613199
123,3605,0.7055830714136694,0.703898472460095,-0.0016845989535744232
123,3606,0.6914694855405739,0.6907561031340228,-0.0007133824065510552
123,3607,0.7121012829853532,0.7025999091596471,-0.00950137382570615
123,3608,0.7072679590400899,0.7092938815076877,0.002025922467597807
123,3609,0.7161172771509344,0.7133636417551079,-0.0027536353958265147
123,3610,0.696012817773118,0.7046899597893572,0.008677142016239259
123,3611,0.7175625539883272,0.7076237904722681,-0.009938763516059157
123,3612,0.7153141092346376,0.6958686723716503,-0.019445436862987275
123,3613,0.7050989694480345,0.7015180255865887,-0.0035809438614458067
123,3614,0.7055402113574446,0.6981606003753991,-0.007379610982045537
123,3615,0.7232255003069884,0.7088849149076417,-0.014340585399346684
123,3616,0.7131189126137303,0.7074033345428408,-0.005715578070889515
123,3617,0.7142998933623476,0.7122110747196786,-0.002088818642668966
123,3618,0.711575427961011,0.7026059761787904,-0.008969451782220639
123,3619,0.707731693823531,0.6977253700763705,-0.010006323747160484
123,3620,0.7111589823852301,0.7111872539905241,2.827160529395023e-05
123,3621,0.7255050385421812,0.7063274263949871,-0.019177612147194045
123,3622,0.713237207096789,0.7012787386514439,-0.011958468445345094
123,3623,0.6998386354591688,0.7007961106051895,0.0009574751460207365
123,3624,0.711363778620928,0.7021700439342918,-0.009193734686636201
123,3625,0.7027692580847624,0.7031859511868607,0.0004166931020982423
123,3626,0.7222373004352647,0.7127714001433649,-0.009465900291899754
123,3627,0.7121836945285491,0.7118529447321547,-0.00033074979639446944
123,3628,0.7038257091227247,0.6842993864066774,-0.019526322716047262
123,3629,0.7111833899787997,0.7106546202148645,-0.0005287697639352329
123,3630,0.7154573050314155,0.6999165039928527,-0.015540801038562813
123,3631,0.7168955850165839,0.709277513296794,-0.007618071719789898
123,3632,0.7132529835784883,0.7121799154015516,-0.0010730681769367534
123,3633,0.712151481559151,0.7051387912718838,-0.007012690287267143
123,3634,0.7244490053586423,0.7232212138532426,-0.0012277915053997557
123,3635,0.7077124372643956,0.7041860471771157,-0.0035263900872798404
123,3636,0.7163476600833681,0.708815856966938,-0.007531803116430091
123,3637,0.7162333896718931,0.7018959967093907,-0.01433739296250236
123,3638,0.7145583821827396,0.707090655391019,-0.007467726791720586
123,3639,0.7124925752074572,0.7096281379621917,-0.0028644372452655276
123,3640,0.7048297045232259,0.7038882365137307,-0.0009414680094952388
123,3641,0.7027407018372206,0.6935532436311953,-0.00918745820602529
123,3642,0.706724682368522,0.6904065069082567,-0.01631817546026537
123,3643,0.7119669388101637,0.6995128463579681,-0.012454092452195642
123,3644,0.7106007912756459,0.7048601378121785,-0.0057406534634674156
123,3645,0.7091228070984292,0.7099852870552781,0.0008624799568488495
123,3646,0.7113209295066938,0.7093735746951888,-0.0019473548115049866
123,3647,0.7222221925641691,0.7166138171769934,-0.005608375387175735
123,3648,0.7106113532089247,0.7016679109585602,-0.008943442250364475
123,3649,0.6923038832746332,0.6895732624310081,-0.0027306208436250756
123,3650,0.7039165937676866,0.6918308099862931,-0.012085783781393467
123,3651,0.7032466837585827,0.693438758892417,-0.009807924866165663
123,3652,0.7093996510191836,0.7002133237643205,-0.009186327254863014
123,3653,0.7107017337324887,0.7049295541210647,-0.005772179611423955
123,3654,0.6959588581363947,0.7007563457226469,0.004797487586252203
123,3655,0.7118412459814413,0.7034254252278112,-0.008415820753630121
123,3656,0.7116965360266647,0.7143746424733022,0.0026781064466374627
123,3657,0.6997359568237336,0.6943775414414767,-0.005358415382256898
123,3658,0.7145877606638366,0.7089482312581421,-0.0056395294056944545
123,3659,0.7171991367481743,0.7108599830264258,-0.006339153721748425
123,3660,0.7097598499222759,0.7013653235760894,-0.008394526346186537
123,3661,0.7130569894558461,0.7083231657804212,-0.004733823675424853
123,3662,0.7155460268492708,0.7099587515747314,-0.005587275274539394
123,3663,0.7139953875290321,0.7074003546238674,-0.006595032905164722
123,3664,0.6987940435830495,0.6843109337500537,-0.014483109832995833
123,3665,0.7058150819367588,0.6987800464707383,-0.007035035466020467
123,3666,0.7125360986061091,0.7022287285253225,-0.010307370080786638
123,3667,0.697535447999837,0.7016310562934497,0.0040956082936126625
123,3668,0.7098507549134049,0.7067547069618315,-0.0030960479515733663
123,3669,0.7125805181304399,0.7059220012794144,-0.0066585168510254755
123,3670,0.703005208199066,0.6972288337203698,-0.005776374478696167
123,3671,0.7146159605275285,0.7075923839911735,-0.007023576536354992
123,3672,0.7124295847633142,0.7106514708337046,-0.0017781139296095816
123,3673,0.7089583056714605,0.7149751735744587,0.006016867902998269
123,3674,0.7121549162886829,0.7035314225196735,-0.008623493769009394
123,3675,0.7054096574589361,0.6968686226734604,-0.008541034785475743
123,3676,0.7258425043442503,0.7161764331584451,-0.009666071185805203
123,3677,0.7194388041483735,0.7090868631584106,-0.010351940989962838
123,3678,0.7045325676269963,0.7090634225080235,0.004530854881027113
123,3679,0.7048891870463563,0.7003802378667519,-0.004508949179604427
123,3680,0.7151832110766374,0.7078647577108148,-0.007318453365822597
123,3681,0.7187775535856334,0.6919415392090753,-0.026836014376558137
123,3682,0.7070534346783961,0.7053812444721832,-0.001672190206212898
123,3683,0.7145131926622865,0.7054519637865805,-0.00906122887570604
123,3684,0.7175466640256225,0.7151060090671053,-0.0024406549585171966
123,3685,0.7032289222006161,0.6987248417854349,-0.004504080415181133
123,3686,0.7161907782898589,0.7011059005226883,-0.015084877767170601
123,3687,0.7040910543785136,0.7131769314077063,0.009085877029192724
123,3688,0.7118577616565396,0.7138674807200804,0.00200971906354086
123,3689,0.7050045895989384,0.7032828615772782,-0.0017217280216602626
123,3690,0.7120103306696945,0.6966031918740112,-0.01540713879568334
123,3691,0.7145332409337334,0.6983946891587295,-0.016138551775003895
123,3692,0.7066191628412211,0.7069523860845781,0.00033322324335705034
123,3693,0.7028513752704963,0.7049944274629223,0.0021430521924259427
123,3694,0.7156594818230918,0.7106251547719266,-0.005034327051165244
123,3695,0.7017382557493642,0.6965303875326346,-0.005207868216729583
123,3696,0.7087076308478089,0.7070308144746362,-0.0016768163731726293
123,3697,0.7167295982348492,0.706178868178359,-0.01055073005649021
123,3698,0.7018522708184272,0.7076602164160708,0.005807945597643638
123,3699,0.7068314849220743,0.6981862897242883,-0.008645195197785949
123,3700,0.6885118040649183,0.6934771610802977,0.004965357015379368
123,3701,0.702075413074853,0.6921238097160989,-0.009951603358754113
123,3702,0.7003164807009039,0.7043207804971786,0.004004299796274702
123,3703,0.7155053424215476,0.7096429397701143,-0.0058624026514333405
123,3704,0.7126532972298502,0.6913683790348433,-0.021284918195006886
123,3705,0.7125230001934384,0.7024492873188469,-0.010073712874591467
123,3706,0.7192468002225791,0.7087373335774734,-0.01050946664510577
123,3707,0.7199227287708183,0.7075085344866109,-0.012414194284207425
123,3708,0.7141810689031409,0.7073229102777367,-0.006858158625404176
123,3709,0.7054336351191819,0.6893578643977112,-0.016075770721470706
123,3710,0.7047034503836127,0.6991770738926247,-0.005526376490987972
123,3711,0.7088310567722615,0.7020971023203517,-0.006733954451909829
123,3712,0.7106014471460892,0.7016088840541645,-0.008992563091924644
123,3713,0.7042568419755719,0.7050796459330937,0.0008228039575217672
123,3714,0.6981107827400919,0.7028086593911009,0.00469787665100907
123,3715,0.717844295709711,0.7101800791692857,-0.007664216540425262
123,3716,0.6984642012878107,0.6948031566831419,-0.0036610446046688727
123,3717,0.7142228781380512,0.7011507902169164,-0.01307208792113479
123,3718,0.7123541891029177,0.7060662848531223,-0.006287904249795417
123,3719,0.7137397817674174,0.703074775595711,-0.010665006171706404
123,3720,0.7148566442502037,0.7045822675968825,-0.010274376653321204
123,3721,0.7149051428615371,0.7075327728896231,-0.007372369971913928
123,3722,0.7045746274037779,0.6983521759023215,-0.006222451501456394
123,3723,0.711507635924179,0.7069023653889708,-0.004605270535208206
123,3724,0.7106108344197057,0.7095455817763311,-0.0010652526433746479
123,3725,0.7164679859843563,0.7109123316444311,-0.00555565433992522
123,3726,0.7032948146833287,0.7029869922373507,-0.0003078224459779344
123,3727,0.7035682523232655,0.705949199000673,0.002380946677407514
123,3728,0.7146039406798734,0.7096535920794629,-0.004950348600410548
123,3729,0.7203497254936455,0.7087749642608427,-0.011574761232802766
123,3730,0.7097936596812956,0.702031698835204,-0.007761960846091598
123,3731,0.7157331161833774,0.7066370112690403,-0.0090961049143371
123,3732,0.7035823170066982,0.701802115036186,-0.0017802019705122074
123,3733,0.7138833183730577,0.7107187275031247,-0.003164590869933037
123,3734,0.7185878376715029,0.712618770687429,-0.005969066984073956
123,3735,0.7122305940272466,0.7060679692780101,-0.006162624749236567
123,3736,0.7075626152722804,0.6993713459548144,-0.008191269317465943
123,3737,0.7135200458537897,0.7028578476591034,-0.010662198194686279
123,3738,0.7076458851085844,0.7024504463040164,-0.0051954388045679645
123,3739,0.7062554411852122,0.697072488186329,-0.009182952998883165
123,3740,0.7091779622518409,0.7066002369707083,-0.002577725281132648
123,3741,0.7071799374785861,0.6964591598247261,-0.010720777653860036
123,3742,0.7095013034069655,0.6951492245340198,-0.01435207887294565
123,3743,0.7324822198932902,0.7240944773498513,-0.00838774254343888
123,3744,0.7189696317892713,0.7145086671842473,-0.004460964605023987
123,3745,0.7235183278334409,0.7087841803199304,-0.014734147513510543
123,3746,0.7201373200936683,0.703844745508097,-0.016292574585571318
123,3747,0.7180609249321418,0.7252843760719725,0.007223451139830694
123,3748,0.7082347064877452,0.7106190854071666,0.002384378919421337
123,3749,0.7149605671704138,0.7129551221840094,-0.0020054449864044255
123,3750,0.7087878559455155,0.7040897293936543,-0.0046981265518611925
123,3751,0.7066213817240778,0.6976933328719983,-0.00892804885207954
123,3752,0.703256905362949,0.6992970049444744,-0.0039599004184746045
123,3753,0.7138067280115785,0.7059841383396319,-0.0078225896719466
123,3754,0.7037007075574924,0.707351443384344,0.0036507358268516032
123,3755,0.7039736409226857,0.7009299866889784,-0.003043654233707227
123,3756,0.7160980702628553,0.7089802733090913,-0.007117796953764022
123,3757,0.7198683789439735,0.7161553315155469,-0.003713047428426597
123,3758,0.6923205025816096,0.7024615111252988,0.010141008543689156
123,3759,0.7108940523168192,0.7049338177343344,-0.005960234582484847
123,3760,0.7140226868536209,0.6985537640485998,-0.015468922805021101
123,3761,0.7085147634626936,0.7071485600357044,-0.001366203426989232
123,3762,0.7051134402418664,0.7012128504897195,-0.00390058975214691
123,3763,0.7171417682262071,0.7087347629063534,-0.008407005319853722
123,3764,0.7149649312489383,0.7084336287065378,-0.00653130254240053
123,3765,0.6994627133154249,0.6974049320087491,-0.0020577813066757766
123,3766,0.7038920600029753,0.6957341327657618,-0.008157927237213536
123,3767,0.7149210566207342,0.7155638618014311,0.0006428051806968149
123,3768,0.6973249693111785,0.7011212380243075,0.003796268713128992
123,3769,0.7086449018397916,0.701375004619939,-0.007269897219852606
123,3770,0.7011237682946038,0.6921782680965174,-0.008945500198086376
123,3771,0.7226729106691,0.715533130912819,-0.007139779756280995
123,3772,0.7111822517139195,0.7091687009191063,-0.002013550794813135
123,3773,0.7197266032068776,0.7102051800060585,-0.009521423200819168
123,3774,0.7073055537833497,0.7092077166430445,0.0019021628596948004
123,3775,0.7149537198860068,0.7125371571405918,-0.0024165627454149075
123,3776,0.7088313648961886,0.701495271945604,-0.007336092950584572
123,3777,0.7154358926760166,0.7025099158232517,-0.012925976852764864
123,3778,0.722471034560464,0.7146811721086785,-0.007789862451785479
123,3779,0.7228091534436643,0.7146167853391605,-0.008192368104503744
123,3780,0.7161959519105816,0.6996547457849267,-0.016541206125654906
123,3781,0.7119710857750425,0.7011847055268434,-0.010786380248199112
123,3782,0.7136519308171587,0.7108112586822432,-0.0028406721349155672
123,3783,0.7064897103049053,0.7063433753297796,-0.0001463349751256171
123,3784,0.70656528705937,0.7100623670600964,0.003497080000726349
123,3785,0.7108576673941802,0.7115711316481053,0.0007134642539250446
123,3786,0.7067271827757441,0.706581165012949,-0.00014601776279510315
123,3787,0.7022521505883252,0.695162816250058,-0.007089334338267195
123,3788,0.7119946893011713,0.7117614259241927,-0.00023326337697859856
123,3789,0.7092270176167752,0.6989588548350592,-0.01026816278171605
123,3790,0.7087175047576835,0.7056744487430231,-0.0030430560146603725
123,3791,0.7147212219224541,0.7092569154648423,-0.005464306457611867
123,3792,0.7121748000824595,0.7092832211657123,-0.002891578916747184
123,3793,0.7195644973061603,0.7106244928991078,-0.00894000440705256
123,3794,0.7127138631037775,0.707374541908361,-0.005339321195416469
123,3795,0.7073519886385728,0.703910282441991,-0.0034417061965817952
123,3796,0.7070151998803396,0.7030100652664155,-0.004005134613924044
123,3797,0.7235935790263656,0.7164159191729855,-0.007177659853380036
123,3798,0.7060341729485609,0.7051726502183446,-0.0008615227302162243
123,3799,0.7135653134372127,0.704134201157582,-0.009431112279630782
123,3800,0.7179757120105352,0.707397355336794,-0.010578356673741185
123,3801,0.7059225535264221,0.6972965361747117,-0.008626017351710424
123,3802,0.7120836593825739,0.7085336296281567,-0.0035500297544172055
123,3803,0.709649898015141,0.7082178318485982,-0.0014320661665427892
123,3804,0.7227538057508496,0.7131299886355698,-0.00962381711527982
123,3805,0.7149377680203343,0.7182003486842868,0.0032625806639525745
123,3806,0.6942636642506437,0.6925108344520066,-0.0017528297986371122
123,3807,0.7135226437490605,0.702528258430128,-0.010994385318932487
123,3808,0.7012540913712164,0.6906451695825241,-0.010608921788692327
123,3809,0.7099047735186302,0.6980484001467302,-0.011856373371900042
123,3810,0.7168463388334859,0.7047886383466678,-0.01205770048681809
123,3811,0.70434995793075,0.6918904365468018,-0.012459521383948124
123,3812,0.7183751310821953,0.7083477151765605,-0.010027415905634829
123,3813,0.7124770397652225,0.7087755004635006,-0.003701539301721901
123,3814,0.7061103612793849,0.7108275687958013,0.004717207516416466
123,3815,0.7093248597926936,0.6996971353744279,-0.009627724418265649
123,3816,0.7067526238253584,0.7037348955004055,-0.0030177283249529507
123,3817,0.7154457978144404,0.6996075249473667,-0.015838272867073733
123,3818,0.7026985009378313,0.6986227410573335,-0.004075759880497798
123,3819,0.7103063003425447,0.7064553489796953,-0.0038509513628494085
123,3820,0.7147791769440197,0.7062882812800433,-0.008490895663976428
123,3821,0.7181539026315471,0.7199619290816297,0.0018080264500826004
123,3822,0.7195044723882718,0.7035838029183249,-0.015920669469946858
123,3823,0.7144081245996655,0.7083191395589179,-0.006088985040747619
123,3824,0.6928274702159677,0.6904219982136333,-0.00240547200233443
123,3825,0.7014884740560196,0.7022438309274047,0.000755356871385171
123,3826,0.6995301633562379,0.6981362492474409,-0.0013939141087969675
123,3827,0.7100097467497191,0.7032194537768719,-0.006790292972847167
123,3828,0.7214458811395086,0.7090855484401866,-0.012360332699322019
123,3829,0.7025260560456864,0.6932739942845163,-0.009252061761170105
123,3830,0.7031395880596676,0.6983657835329113,-0.004773804526756242
123,3831,0.7102340918214307,0.7074468649340073,-0.0027872268874233885
123,3832,0.7189372694968673,0.7069769727709836,-0.011960296725883723
123,3833,0.7080258831083119,0.6973103087846135,-0.010715574323698407
123,3834,0.7070970270844555,0.6915083625592934,-0.015588664525162166
123,3835,0.7086479896915284,0.7047610707762502,-0.003886918915278259
123,3836,0.7062576952398707,0.7052707319812787,-0.000986963258592044
123,3837,0.7104067959244307,0.702753569317979,-0.007653226606451624
123,3838,0.7167438494196323,0.712081405500656,-0.0046624439189763
123,3839,0.7066176018785237,0.7124058461332875,0.005788244254763764
123,3840,0.718095356508323,0.706536629253954,-0.011558727254369017
123,3841,0.7136799830622274,0.7034595024468371,-0.01022048061539027
123,3842,0.7185240643866433,0.7097686457749699,-0.008755418611673393
123,3843,0.7088045402274394,0.7058953502984688,-0.0029091899289706014
123,3844,0.7151988423822193,0.7095508065616092,-0.005648035820610131
123,3845,0.7102339318872694,0.7021454169418109,-0.00808851494545848
123,3846,0.7059998091103601,0.700175004810001,-0.005824804300359143
123,3847,0.711224062008057,0.6963222876061071,-0.014901774401949841
123,3848,0.7151856578387696,0.7068445550150151,-0.008341102823754554
123,3849,0.718047765704978,0.708861915093038,-0.009185850611939994
123,3850,0.7069406712055704,0.7092047236698786,0.002264052464308275
123,3851,0.7091939575898484,0.7060882173183004,-0.0031057402715479743
123,3852,0.7109969449092053,0.6964282367581858,-0.014568708151019516
123,3853,0.7167946496600832,0.7139314086811606,-0.0028632409789226543
123,3854,0.7100293604533364,0.705681539757424,-0.004347820695912441
123,3855,0.7086057587012811,0.7055887249172432,-0.003017033784037837
123,3856,0.727786234781275,0.7200833279827044,-0.007702906798570663
123,3857,0.7168458304025571,0.7047362560745638,-0.012109574327993311
123,3858,0.710209874582185,0.7063378668520772,-0.0038720077301077627
123,3859,0.7082150411521869,0.6972398570318179,-0.01097518412036902
123,3860,0.708903601871244,0.7027944047638186,-0.0061091971074254126
123,3861,0.6942315677849737,0.6897472440976261,-0.0044843236873476355
123,3862,0.7028405230294994,0.7051096878371454,0.0022691648076460513
123,3863,0.7031279924432661,0.7025355112725122,-0.0005924811707538336
123,3864,0.6964998631844326,0.7062071025651314,0.00970723938069884
123,3865,0.696707364044788,0.7041175088750309,0.007410144830242937
123,3866,0.7168391403420508,0.7091959772876303,-0.0076431630544204765
123,3867,0.712277105609733,0.7023775949027149,-0.009899510707018111
123,3868,0.7116416987798941,0.7103836754547274,-0.0012580233251667794
123,3869,0.720512757483994,0.7161357454623952,-0.004377012021598792
123,3870,0.7262743235065118,0.7093326606471745,-0.016941662859337292
123,3871,0.7020968573589141,0.6942027401403607,-0.007894117218553487
123,3872,0.7132674957848572,0.7125055944787584,-0.0007619013060987667
123,3873,0.7096262007398622,0.7051999155652383,-0.004426285174623845
123,3874,0.7091988411815571,0.7033261445882413,-0.005872696593315796
123,3875,0.7161050681872279,0.7038661669156268,-0.0122389012716011
123,3876,0.7098850817017566,0.71595047841763,0.006065396715873472
123,3877,0.7163440102937002,0.7112212855495843,-0.005122724744115903
123,3878,0.7159746232343671,0.6972521709051104,-0.018722452329256734
123,3879,0.7133290706066067,0.7031319151666646,-0.01019715543994204
123,3880,0.7011517722966436,0.6991342522539398,-0.0020175200427038353
123,3881,0.7253105300456474,0.7181521364441577,-0.007158393601489732
123,3882,0.7197076346106663,0.7168936451632792,-0.0028139894473870886
123,3883,0.6947548376059357,0.6945927184936973,-0.00016211911223840136
123,3884,0.7154198395837541,0.7035760047282995,-0.011843834855454594
123,3885,0.7086672929310711,0.7092378499650284,0.000570557033957253
123,3886,0.7043075428475082,0.6963875443393122,-0.007919998508196024
123,3887,0.7117194641904716,0.7124326444523486,0.0007131802618769445
123,3888,0.7131361804185535,0.7057172849070397,-0.007418895511513868
123,3889,0.7186589745243862,0.708256050277508,-0.010402924246878165
123,3890,0.7112428557444912,0.6986993425783311,-0.012543513166160092
123,3891,0.7148630208439497,0.7048790614202352,-0.00998395942371455
123,3892,0.7033110876899974,0.7037296705239355,0.00041858283393814144
123,3893,0.7077196679000086,0.7104593061538615,0.0027396382538529274
123,3894,0.7116835001371828,0.7067997406942859,-0.004883759442896984
123,3895,0.7182365889546767,0.7022983143817418,-0.01593827457293484
123,3896,0.7132996816204078,0.7165770784405874,0.003277396820179579
123,3897,0.7072936559283678,0.7031524432787484,-0.004141212649619419
123,3898,0.7196499912780774,0.7136791052863685,-0.0059708859917089185
123,3899,0.7114095928624005,0.7095856310203545,-0.001823961842045918
123,3900,0.7140189309023899,0.7065157368476253,-0.007503194054764628
123,3901,0.7065672740863724,0.7081778936086228,0.0016106195222503894
123,3902,0.7108886044779297,0.712760753131777,0.0018721486538473275
123,3903,0.7104740060979178,0.6942780475025218,-0.01619595859539602
123,3904,0.7033640240383874,0.7067590855333862,0.0033950614949987967
123,3905,0.7146930942687739,0.7001044120738329,-0.014588682194941027
123,3906,0.7254389544525364,0.7143881413658723,-0.011050813086664113
123,3907,0.7260896263337673,0.7130917364049663,-0.01299788992880102
123,3908,0.7066952067598271,0.7053056267996147,-0.0013895799602123837
123,3909,0.6944139141460536,0.6923206861638084,-0.002093227982245205
123,3910,0.7037119118582502,0.7008603906474347,-0.002851521210815555
123,3911,0.7100184580634554,0.7070678066174001,-0.00295065144605533
123,3912,0.7040870208209741,0.7034435433882529,-0.0006434774327211956
123,3913,0.7151641697775294,0.7084852347642205,-0.006678935013308851
123,3914,0.7173705070470524,0.7066787505323422,-0.010691756514710216
123,3915,0.7077958176783222,0.7093098388277035,0.0015140211493812616
123,3916,0.7101217885446208,0.7102722700106726,0.00015048146605178836
123,3917,0.7046320885572108,0.7014986877454994,-0.0031334008117114287
123,3918,0.7215342318740166,0.7166005246791751,-0.00493370719484143
123,3919,0.7004762424988549,0.7104815449145576,0.010005302415702744
123,3920,0.7028553557019999,0.702472727406415,-0.00038262829558488587
123,3921,0.7143913081353922,0.704419654567304,-0.009971653568088157
123,3922,0.7146644682890025,0.7073485428624632,-0.00731592542653936
123,3923,0.7128755683010112,0.7001084409226261,-0.012767127378385035
123,3924,0.7124537049957782,0.7047235112175819,-0.0077301937781962815
123,3925,0.708153707158138,0.7070414859363222,-0.0011122212218157568
123,3926,0.7145050088521425,0.7080229709767538,-0.006482037875388702
123,3927,0.7118145629882041,0.7106056378010674,-0.0012089251871366669
123,3928,0.7122140965817532,0.7050842952505336,-0.007129801331219543
123,3929,0.7192402589020415,0.7128507333237939,-0.006389525578247568
123,3930,0.7051672828414561,0.707245045997287,0.0020777631558308585
123,3931,0.7107661309709334,0.7067116735945029,-0.004054457376430509
123,3932,0.7029256059069475,0.6842334588000822,-0.018692147106865287
123,3933,0.7113560289093106,0.6970299770013704,-0.01432605190794023
123,3934,0.7207899325361085,0.7145499624102133,-0.006239970125895167
123,3935,0.7132073233050843,0.7081039543452545,-0.005103368959829768
123,3936,0.7087969901281561,0.7039709727277572,-0.0048260174003988965
123,3937,0.7260332711532141,0.7102327248439749,-0.015800546309239216
123,3938,0.7144054740079551,0.712927494151946,-0.0014779798560090596
123,3939,0.7111246631470338,0.7012874192837141,-0.009837243863319745
123,3940,0.7167282132475546,0.7102507279428728,-0.00647748530468184
123,3941,0.7071630235466186,0.7079782745881467,0.0008152510415280201
123,3942,0.7082903565016159,0.7050823353884579,-0.0032080211131579883
123,3943,0.7161520372504897,0.7128129957920307,-0.00333904145845898
123,3944,0.7159201847609656,0.710394313204982,-0.005525871555983608
123,3945,0.7183479905113521,0.7108213882427352,-0.0075266022686169
123,3946,0.7082944972817267,0.7052508961112529,-0.003043601170473753
123,3947,0.7142424812437691,0.7064294932591106,-0.00781298798465846
123,3948,0.7096234946745594,0.7089428299981193,-0.0006806646764401236
123,3949,0.7137117679820358,0.7119140104937646,-0.0017977574882712677
123,3950,0.7181649263198482,0.7037365231591128,-0.014428403160735348
123,3951,0.706015084879143,0.7007562489403566,-0.005258835938786399
123,3952,0.7159005018364205,0.7142398653824527,-0.0016606364539678564
123,3953,0.7062056599117355,0.7075799021321267,0.0013742422203912863
123,3954,0.6928163158504406,0.6969841793438086,0.0041678634933680625
123,3955,0.6968332262669168,0.6902352792133541,-0.006597947053562647
123,3956,0.712203001652042,0.7088978018354202,-0.0033051998166218066
123,3957,0.7019124659596372,0.7116308921497012,0.009718426190064022
123,3958,0.7127231077079579,0.7133787013701346,0.0006555936621767122
123,3959,0.7122152088005247,0.7075453022615527,-0.004669906538972035
123,3960,0.7242613584755129,0.7135262176936765,-0.01073514078183635
123,3961,0.7092254656411255,0.6964712355862093,-0.012754230054916271
123,3962,0.7072034555511537,0.698128694499427,-0.009074761051726665
123,3963,0.7200155793098095,0.709912422566376,-0.010103156743433539
123,3964,0.711032171844003,0.7041849961439592,-0.006847175700043784
123,3965,0.7073801249509512,0.6943421923415047,-0.013037932609446412
123,3966,0.7175244334755152,0.7040072635426913,-0.013517169932823925
123,3967,0.7105126562066966,0.701149263114814,-0.00936339309188261
123,3968,0.7028114219422781,0.7026707223199633,-0.00014069962231477717
123,3969,0.708857843611659,0.7062983881600925,-0.00255945545156655
123,3970,0.7092364962577598,0.7029204049135547,-0.006316091344205077
123,3971,0.720983190029473,0.7039477614735913,-0.017035428555881693
123,3972,0.7029613323798993,0.6979706040754508,-0.004990728304448577
123,3973,0.7138774604602143,0.7079937933938467,-0.005883667066367559
123,3974,0.7031367553555694,0.6916315842479417,-0.01150517110762772
123,3975,0.7059361478185157,0.7100223362583953,0.004086188439879623
123,3976,0.7116357790752288,0.7169401659784264,0.0053043869031975666
123,3977,0.7261826103089941,0.7176543199343162,-0.00852829037467795
123,3978,0.7064617608128875,0.7101526468534631,0.0036908860405756583
123,3979,0.7228106588486248,0.709565887158146,-0.013244771690478885
123,3980,0.6940057802888989,0.6978804566667003,0.003874676377801367
123,3981,0.7038174346152966,0.6993953638236009,-0.004422070791695654
123,3982,0.7172661447837079,0.7105586758008555,-0.006707468982852349
123,3983,0.7007678754386082,0.6979936848535057,-0.0027741905851025317
123,3984,0.7006995505741905,0.6969678258737052,-0.0037317247004853282
123,3985,0.7093064684839677,0.7016209019702117,-0.00768556651375607
123,3986,0.7062647393159375,0.6977955564021627,-0.008469182913774742
123,3987,0.6961858675373546,0.6930776030967012,-0.0031082644406533744
123,3988,0.710434254469696,0.7048059421850348,-0.005628312284661208
123,3989,0.7101513640931109,0.7050406256170725,-0.005110738476038379
123,3990,0.7087844102153165,0.7058468721635827,-0.0029375380517338012
123,3991,0.7084623446043444,0.696183611477901,-0.012278733126443453
123,3992,0.7046734068691356,0.6967723856398726,-0.00790102122926295
123,3993,0.7140732487216588,0.7062504778777148,-0.007822770843944005
123,3994,0.7214559609150284,0.7079080656509602,-0.013547895264068188
123,3995,0.7085548533606361,0.7015822019785473,-0.006972651382088801
123,3996,0.719992216627314,0.7187553805221558,-0.0012368361051582344
123,3997,0.7015264247879737,0.6930163450501603,-0.00851007973781337
123,3998,0.7017494322671515,0.6961695432166629,-0.005579889050488562
123,3999,0.7141220340638177,0.6980941520721957,-0.016027881991621973
2026,0,0.6981419486737995,0.6907089757664762,-0.007432972907323365
2026,1,0.6872883454659777,0.6836919338780776,-0.003596411587900139
2026,2,0.7063921497028726,0.6913601678444429,-0.015031981858429688
2026,3,0.6966239436802355,0.6844584406298231,-0.012165503050412418
2026,4,0.7031132182397959,0.6987457267871091,-0.004367491452686778
2026,5,0.6849061571958556,0.6926983458808568,0.0077921886850012
2026,6,0.697414283629276,0.6921389229054473,-0.005275360723828726
2026,7,0.6961634591601624,0.6950544094648667,-0.001109049695295683
2026,8,0.6970385588927174,0.6941619978739849,-0.0028765610187324597
2026,9,0.6993959383572816,0.6907223590186875,-0.00867357933859414
2026,10,0.6911025795747967,0.6919353598376337,0.0008327802628369518
2026,11,0.6943876798574682,0.6824198329940003,-0.011967846863467857
2026,12,0.6880549947871708,0.6817193737332239,-0.006335621053946916
2026,13,0.6834590755779291,0.6857829972685947,0.0023239216906656424
2026,14,0.7035031883998796,0.7023658338606594,-0.0011373545392201478
2026,15,0.6882050200799787,0.6878827767575735,-0.000322243322405269
2026,16,0.6822833940918901,0.6983369954216283,0.01605360132973821
2026,17,0.6973461818903901,0.6843275551452006,-0.013018626745189499
2026,18,0.6907324937458128,0.6909165889453904,0.00018409519957762743
2026,19,0.6987676581618698,0.6903374142110914,-0.008430243950778404
2026,20,0.6794037169427065,0.680901570548402,0.0014978536056954317
2026,21,0.6972317829419235,0.6879846513656919,-0.009247131576231582
2026,22,0.696902640129052,0.6926504793258836,-0.00425216080316837
2026,23,0.6903859830441059,0.6800984129214018,-0.010287570122704093
2026,24,0.6876573875859814,0.6782950226132007,-0.009362364972780646
2026,25,0.6860117226219677,0.6900627701832422,0.004051047561274501
2026,26,0.6841351064080518,0.6697061925630045,-0.014428913845047298
2026,27,0.6915461980522155,0.6900093121974069,-0.0015368858548086006
2026,28,0.6872894315654405,0.685034322426356,-0.0022551091390845546
2026,29,0.6925695069449237,0.6894595296610238,-0.003109977283899945
2026,30,0.6849888488804032,0.6873618009614348,0.0023729520810316096
2026,31,0.6895030365500407,0.6878233870989241,-0.0016796494511166493
2026,32,0.7095391424333479,0.6956910752540877,-0.013848067179260237
2026,33,0.6972595069559622,0.6943591911859208,-0.0029003157700413507
2026,34,0.6910767457862934,0.6918711942093517,0.0007944484230583138
2026,35,0.6917785776714204,0.684333754730644,-0.007444822940776419
2026,36,0.6936432822407166,0.690738744498241,-0.002904537742475566
2026,37,0.6904392858989267,0.688609093174795,-0.0018301927241316518
2026,38,0.6845657003893639,0.6819205457985458,-0.002645154590818155
2026,39,0.7046850570626497,0.6923231275519632,-0.012361929510686487
2026,40,0.703306829369476,0.6857983404352455,-0.017508488934230515
2026,41,0.702231825202923,0.6958431885605619,-0.006388636642361112
2026,42,0.6907671612124542,0.690271235137953,-0.0004959260745012184
2026,43,0.6861783998215238,0.6797495811741834,-0.006428818647340462
2026,44,0.6940609396300494,0.6846308763978257,-0.009430063232223729
2026,45,0.6949607255434791,0.6885084705962664,-0.006452254947212688
2026,46,0.6860888000347469,0.6844038648789204,-0.0016849351558265724
2026,47,0.7004568106703077,0.6873782295155204,-0.013078581154787328
2026,48,0.6900386192806405,0.6872550661871556,-0.0027835530934848807
2026,49,0.6930099784618157,0.6875344348136632,-0.005475543648152503
2026,50,0.6894520534944601,0.6874490645173097,-0.002002988977150455
2026,51,0.693294726385586,0.6928240273492,-0.00047069903638596866
2026,52,0.7049526302563887,0.6979808502469043,-0.006971780009484396
2026,53,0.6897891269230482,0.6918513203154977,0.0020621933924495073
2026,54,0.6924560816317085,0.6811459863391773,-0.01131009529253113
2026,55,0.6935467537054032,0.6963270440275662,0.0027802903221629816
2026,56,0.6818593139070913,0.6740865774368703,-0.007772736470221031
2026,57,0.6970608368287029,0.6886786733200305,-0.00838216350867238
2026,58,0.6802035414047263,0.6819179883606385,0.0017144469559122744
2026,59,0.6979815209536365,0.687655668599174,-0.010325852354462484
2026,60,0.702831368223338,0.6941179975759357,-0.008713370647402296
2026,61,0.6915698641575263,0.6905624696200073,-0.0010073945375189686
2026,62,0.6767446056556086,0.6794599416912371,0.0027153360356285683
2026,63,0.7029709345818971,0.6965478617366662,-0.006423072845230915
2026,64,0.7031517985608803,0.6932513694027368,-0.009900429158143487
2026,65,0.6868382108756602,0.6780963634701032,-0.008741847405557057
2026,66,0.700660461274377,0.6967223783702199,-0.003938082904157092
2026,67,0.6971144922513799,0.680493360325763,-0.016621131925616872
2026,68,0.6884378958826641,0.683607799432013,-0.0048300964506511335
2026,69,0.685319530483572,0.6901204532725269,0.004800922788954942
2026,70,0.711733613566707,0.694845498784748,-0.01688811478195895
2026,71,0.6916972065721245,0.6789991759642369,-0.012698030607887656
2026,72,0.6827707617952274,0.6711387335185655,-0.011632028276661988
2026,73,0.6873385632317892,0.6888860397409374,0.0015474765091482157
2026,74,0.6948939903417213,0.687373957284733,-0.007520033056988229
2026,75,0.6791892841557233,0.6776070674560792,-0.00158221669964409
2026,76,0.697421855289581,0.6992029482255824,0.0017810929360013716
2026,77,0.6801566331262159,0.6856603114725901,0.005503678346374219
2026,78,0.7041821578486857,0.6928968726740069,-0.01128528517467875
2026,79,0.6895516472311277,0.6810637393295003,-0.008487907901627456
2026,80,0.7047619224061549,0.6934541015743838,-0.011307820831771065
2026,81,0.693163758436289,0.6813119708109712,-0.0118517876253178
2026,82,0.6918206180357833,0.682784024490658,-0.009036593545125315
2026,83,0.7057418626790526,0.6962568767463153,-0.009484985932737278
2026,84,0.696343011274029,0.6983598278505125,0.00201681657648356
2026,85,0.6874881661102391,0.6923549335215966,0.004866767411357498
2026,86,0.6792034634296631,0.6807877951992485,0.0015843317695853898
2026,87,0.6911933816636048,0.6889171629897868,-0.002276218673817998
2026,88,0.7010536898434914,0.6993991561624122,-0.001654533681079151
2026,89,0.7039871607529677,0.6935499189161758,-0.010437241836791955
2026,90,0.7012834153232901,0.6992133548406165,-0.0020700604826735525
2026,91,0.7037041817235232,0.6987703773542515,-0.00493380436927171
2026,92,0.6966534389696332,0.6934966522455903,-0.003156786724042848
2026,93,0.6873068402413762,0.6795604086568499,-0.00774643158452637
2026,94,0.690923803003846,0.6900765707402448,-0.000847232263601283
2026,95,0.6966871557321609,0.6879544251202708,-0.00873273061189006
2026,96,0.6977076501633348,0.6900753664699928,-0.007632283693342012
2026,97,0.695947141372385,0.6922094953373609,-0.0037376460350241336
2026,98,0.6908184495693801,0.6876746574132697,-0.003143792156110381
2026,99,0.692459557662745,0.683121392740205,-0.009338164922540027
2026,100,0.6932560894981937,0.6896562663890681,-0.003599823109125655
2026,101,0.6987335956292053,0.7000043398032517,0.0012707441740463787
2026,102,0.6934793273031421,0.6931554825714363,-0.0003238447317057691
2026,103,0.6957818261398094,0.6858733033230164,-0.009908522816792997
2026,104,0.6893854041293304,0.69058158266066,0.0011961785313296946
2026,105,0.6922852217668166,0.6886380446488571,-0.003647177117959477
2026,106,0.6898994620027807,0.6784936708768101,-0.011405791125970621
2026,107,0.6996635912578097,0.6888888927357162,-0.010774698522093562
2026,108,0.6878435454560899,0.6751342176653612,-0.012709327790728753
2026,109,0.6986134999451655,0.6865999704478186,-0.012013529497346909
2026,110,0.6978929697784064,0.6853109313793763,-0.01258203839903016
2026,111,0.6893124136860307,0.6847218867988525,-0.0045905268871782035
2026,112,0.6771725154942482,0.6820314158187458,0.00485890032449765
2026,113,0.6955975024728833,0.6817219941602266,-0.013875508312656715
2026,114,0.7013630113449209,0.6956938487162857,-0.005669162628635149
2026,115,0.6887313006467992,0.6893655486279061,0.0006342479811068946
2026,116,0.6844738152502889,0.6738750639266023,-0.010598751323686595
2026,117,0.6934749601598678,0.6912355710136042,-0.0022393891462635374
2026,118,0.693197865662232,0.68189110818581,-0.011306757476421958
2026,119,0.6864990541512107,0.6873620560355107,0.0008630018842999965
2026,120,0.6869408697787418,0.6823806038936726,-0.004560265885069192
2026,121,0.6900486307882937,0.6872614370539261,-0.0027871937343676434
2026,122,0.6915168322112364,0.6941095035979605,0.0025926713867241435
2026,123,0.6804877648157206,0.6732938523705247,-0.007193912445195849
2026,124,0.6893926738163338,0.6866049385306583,-0.002787735285675552
2026,125,0.7038559184253442,0.7035795812699539,-0.0002763371553903271
2026,126,0.6895369641653446,0.6830291947222614,-0.006507769443083178
2026,127,0.692265966381552,0.6866886258565394,-0.005577340525012575
2026,128,0.6899745419506496,0.6783201830199348,-0.011654358930714759
2026,129,0.7029225793593943,0.6903836278494422,-0.012538951509952101
2026,130,0.696626737910992,0.676705551219982,-0.019921186691010062
2026,131,0.7106198739011901,0.7058015673653182,-0.004818306535871897
2026,132,0.7049133985300056,0.7011240682143854,-0.003789330315620121
2026,133,0.7114190371857455,0.6943340317327285,-0.017085005453017055
2026,134,0.6934307972774925,0.6963061570982294,0.0028753598207369446
2026,135,0.6945504953048994,0.6849182192609697,-0.009632276043929688
2026,136,0.6927244869555708,0.6833985683276753,-0.009325918627895446
2026,137,0.6909698337886353,0.6900273054421306,-0.0009425283465046563
2026,138,0.7065737918133055,0.7005404666837706,-0.006033325129534917
2026,139,0.6993476310109275,0.6885767694741121,-0.01077086153681539
2026,140,0.6980191760917798,0.6831533085612926,-0.014865867530487131
2026,141,0.6950335342390199,0.6985427765935575,0.003509242354537534
2026,142,0.6941944912298084,0.7004333007190267,0.006238809489218289
2026,143,0.7028038357406305,0.6938661620006865,-0.00893767373994403
2026,144,0.6960762840883088,0.6835807420034816,-0.012495542084827171
2026,145,0.6958382173749738,0.6868282599185549,-0.00900995745641886
2026,146,0.6900127467172588,0.6790179626457865,-0.010994784071472252
2026,147,0.6835576481836165,0.6846301029514057,0.001072454767789166
2026,148,0.693532183527947,0.6907683668941577,-0.002763816633789329
2026,149,0.7037223218627777,0.6989524453923734,-0.004769876470404277
2026,150,0.6855455985010422,0.6872637860043778,0.001718187503335522
2026,151,0.6805026038509724,0.6789580635959123,-0.0015445402550601228
2026,152,0.6867338981742428,0.6860305979989818,-0.0007033001752609902
2026,153,0.6866221192435114,0.6828429194006177,-0.0037791998428936546
2026,154,0.6904740610949092,0.6923210837688258,0.0018470226739166762
2026,155,0.684670873435812,0.6786566380623278,-0.0060142353734842224
2026,156,0.6934314681390754,0.679227937141964,-0.014203530997111358
2026,157,0.6942309283632333,0.6915601282568409,-0.0026708001063924236
2026,158,0.6808856033730768,0.6799601012133203,-0.0009255021597565083
2026,159,0.6967984012382907,0.6983654418035549,0.0015670405652641328
2026,160,0.6995276952497294,0.6945000515751609,-0.005027643674568427
2026,161,0.6918416107046288,0.6884661488818601,-0.0033754618227687105
2026,162,0.6991583087364992,0.7018290913755841,0.0026707826390849343
2026,163,0.7021635583996785,0.6889244310685032,-0.013239127331175271
2026,164,0.678971792447409,0.6787360359102943,-0.00023575653711471745
2026,165,0.6904760665109185,0.6773418459110214,-0.013134220599897106
2026,166,0.6835193414766452,0.6747612467800468,-0.008758094696598384
2026,167,0.702051429087315,0.6914594704852346,-0.010591958602080398
2026,168,0.6971298492235541,0.6893480094217508,-0.0077818398018033585
2026,169,0.6817485057386306,0.6805983858086027,-0.001150119930027893
2026,170,0.6924186987500518,0.6863268548430514,-0.006091843907000349
2026,171,0.6889404818804397,0.6878395571394712,-0.0011009247409684564
2026,172,0.6940320211277593,0.6952784051135612,0.0012463839858019021
2026,173,0.6959775002039618,0.7032268910797252,0.007249390875763484
2026,174,0.6921216675543455,0.6781745690723875,-0.013947098481957965
2026,175,0.7008088612983745,0.7029859428662163,0.0021770815678417987
2026,176,0.6924461163447426,0.6854724007305394,-0.006973715614203235
2026,177,0.6797907976688098,0.6747465817745228,-0.005044215894286941
2026,178,0.6934158123251117,0.6984269343506346,0.005011122025522896
2026,179,0.6952142979108062,0.68703852410013,-0.008175773810676246
2026,180,0.6891943218246385,0.680702194779486,-0.008492127045152453
2026,181,0.6937656455369274,0.6898697253418924,-0.003895920195035041
2026,182,0.6849734853918054,0.6879581783742782,0.0029846929824728363
2026,183,0.6994661532348869,0.6938140292341284,-0.0056521240007585405
2026,184,0.6994751318587973,0.6926823441242378,-0.006792787734559491
2026,185,0.7006110711954545,0.6907838059273461,-0.009827265268108398
2026,186,0.6919262348226024,0.6931708528343667,0.0012446180117643424
2026,187,0.6955589538706899,0.6959960185701604,0.00043706469947046855
2026,188,0.677718384016525,0.6744663229774727,-0.0032520610390522897
2026,189,0.7005289529963427,0.6926145554530523,-0.007914397543290375
2026,190,0.6912427017285062,0.6757240190477094,-0.015518682680796814
2026,191,0.6893968162267539,0.6858936162737185,-0.0035031999530353852
2026,192,0.709478317710962,0.7067251560936525,-0.002753161617309541
2026,193,0.6778510272048276,0.6708267529756943,-0.0070242742291333204
2026,194,0.6855125334037028,0.6804655066406597,-0.005047026763043028
2026,195,0.6884230158111766,0.6915649208352606,0.0031419050240839574
2026,196,0.678238406869466,0.674737464758996,-0.003500942110470029
2026,197,0.6977689916853982,0.6889848493673424,-0.008784142318055799
2026,198,0.692395437185399,0.6912565803577939,-0.0011388568276050615
2026,199,0.6846237956016011,0.678661518284911,-0.00596227731669019
2026,200,0.697746057995686,0.6945006571803571,-0.0032454008153288694
2026,201,0.6930696772193098,0.6954022438453782,0.0023325666260683997
2026,202,0.6973441566953655,0.6964163161421606,-0.0009278405532049394
2026,203,0.6898834317012491,0.68194057384855,-0.007942857852699103
2026,204,0.6961567883467004,0.6902474106143845,-0.0059093777323158125
2026,205,0.7069863443140799,0.6941725393576353,-0.012813804956444574
2026,206,0.6823045450329095,0.6701849069881882,-0.01211963804472127
2026,207,0.70372368150603,0.6922525808576453,-0.011471100648384747
2026,208,0.697562361119214,0.700914534415431,0.0033521732962169537
2026,209,0.6937593051200645,0.6912574726749552,-0.0025018324451092644
2026,210,0.6884040214439923,0.6740791292939579,-0.014324892150034407
2026,211,0.6896662764250506,0.6852575769422635,-0.004408699482787104
2026,212,0.6930450160487709,0.6876904100236741,-0.005354606025096742
2026,213,0.6877614773279563,0.6821610529096956,-0.005600424418260697
2026,214,0.6801809442945075,0.6825142450464687,0.0023333007519612536
2026,215,0.699639586190027,0.6847571935644905,-0.014882392625536478
2026,216,0.6922209900635321,0.6937836128721617,0.0015626228086296212
2026,217,0.6982826853409043,0.6876784200152882,-0.010604265325616091
2026,218,0.68825381610399,0.6773148886770674,-0.010938927426922596
2026,219,0.6958705442085925,0.6915362138188528,-0.004334330389739738
2026,220,0.7021640944941989,0.6977864134797973,-0.004377681014401613
2026,221,0.6876732092994999,0.6852180028125279,-0.0024552064869720613
2026,222,0.7144632625509213,0.7006762225380581,-0.013787040012863239
2026,223,0.7030461326695148,0.6855360543655278,-0.017510078303986987
2026,224,0.706188221123307,0.704633760691234,-0.0015544604320730793
2026,225,0.6957618796739449,0.6845450072488541,-0.01121687242509073
2026,226,0.6910430294473673,0.6874195713747459,-0.0036234580726214327
2026,227,0.7001156968871081,0.6838351468797992,-0.01628055000730888
2026,228,0.700349364441121,0.6941032880750857,-0.006246076366035247
2026,229,0.6917575139993036,0.6935504949278645,0.001792980928560839
2026,230,0.6858571772932913,0.6906966289779777,0.004839451684686358
2026,231,0.6972663293863377,0.6885236272806252,-0.008742702105712485
2026,232,0.6966091308483489,0.6865386470937986,-0.010070483754550219
2026,233,0.6955013448462117,0.6851854798414787,-0.010315865004733027
2026,234,0.6835163768729442,0.6729480937184182,-0.01056828315452596
2026,235,0.6968108451016803,0.6869976705441105,-0.009813174557569804
2026,236,0.6809493980993793,0.679319527507831,-0.001629870591548288
2026,237,0.7029117669971845,0.6961837698659037,-0.006727997131280805
2026,238,0.6871706553609478,0.6797173911402188,-0.007453264220729006
2026,239,0.6957536730078873,0.6889137815537933,-0.006839891454093916
2026,240,0.6938107846947119,0.683407818436033,-0.01040296625867887
2026,241,0.6964007547034694,0.69803355589718,0.0016328011937105646
2026,242,0.6927497729692821,0.685491971292052,-0.0072578016772301135
2026,243,0.698143094162399,0.6922805351178127,-0.005862559044586213
2026,244,0.6884289566811717,0.6823883823675416,-0.006040574313630032
2026,245,0.6967437083154655,0.6933397869110514,-0.0034039214044141453
2026,246,0.6867832790591542,0.6845356163938245,-0.0022476626653296083
2026,247,0.6823450070947495,0.6837019074094626,0.0013569003147130276
2026,248,0.693093423150214,0.686675643263619,-0.0064177798865950875
2026,249,0.7066200838073684,0.703268135990795,-0.0033519478165734418
2026,250,0.6903089915610098,0.6785738300335264,-0.011735161527483329
2026,251,0.6781705160467746,0.681305834521444,0.003135318474669413
2026,252,0.6792534240680539,0.6776584664243094,-0.00159495764374451
2026,253,0.698421502783364,0.6892389957685969,-0.009182507014767083
2026,254,0.700492769964648,0.6941961331679167,-0.006296636796731314
2026,255,0.6955978012506561,0.6807622685563,-0.014835532694356113
2026,256,0.6984261364100612,0.6922749341024945,-0.006151202307566717
2026,257,0.6907620912453265,0.6871436558445705,-0.003618435400756015
2026,258,0.6962247485543007,0.6908060541174303,-0.005418694436870375
2026,259,0.6988077538639536,0.6870532968348593,-0.011754457029094278
2026,260,0.6866839860679639,0.682902913628814,-0.003781072439149935
2026,261,0.6872767535897588,0.6926308211053389,0.0053540675155800965
2026,262,0.704728886733031,0.6924121902147754,-0.012316696518255621
2026,263,0.6925181148964016,0.6946524563818056,0.0021343414854040343
2026,264,0.6978100038069666,0.6929457964206107,-0.0048642073863558455
2026,265,0.6923381379200202,0.6836546827478248,-0.008683455172195376
2026,266,0.689242275028879,0.6843793045210088,-0.004862970507870212
2026,267,0.6932964737106155,0.6854702049878074,-0.007826268722808116
2026,268,0.6808007321820938,0.6807246755978964,-7.605658419740369e-05
2026,269,0.694760296712767,0.6840852442369719,-0.010675052475795033
2026,270,0.6929275176080003,0.685801634883672,-0.007125882724328347
2026,271,0.6908208284123687,0.679286978602003,-0.011533849810365648
2026,272,0.7091712630935484,0.6978729562166883,-0.011298306876860065
2026,273,0.6945419037699907,0.6825840683832123,-0.011957835386778415
2026,274,0.7108447974416141,0.7038517490365233,-0.0069930484050908515
2026,275,0.6991488643466937,0.6906320269568456,-0.008516837389848098
2026,276,0.6800079132752754,0.6775673631664072,-0.0024405501088682335
2026,277,0.7012660706259712,0.6892317301225906,-0.012034340503380592
2026,278,0.6923159913465667,0.6933304754239034,0.0010144840773366193
2026,279,0.7035317694064354,0.6970040676717333,-0.006527701734702074
2026,280,0.6955435042739697,0.6827916185967546,-0.01275188567721508
2026,281,0.6929479699742697,0.6893743933286751,-0.003573576645594545
2026,282,0.6848356009188378,0.6778047458067874,-0.0070308551120503715
2026,283,0.7009413445641752,0.6895864749280334,-0.011354869636141851
2026,284,0.6819120179504967,0.6752485715609695,-0.006663446389527206
2026,285,0.6894928473839013,0.6785588081000802,-0.010934039283821084
2026,286,0.6925996577724097,0.6874567168184766,-0.005142940953933084
2026,287,0.6888371331054314,0.688573469250018,-0.0002636638554133208
2026,288,0.7006669276917636,0.6954942256232526,-0.005172702068511059
2026,289,0.6932510579424672,0.6931001062888016,-0.0001509516536656319
2026,290,0.6913833440284536,0.6812905822543429,-0.01009276177411067
2026,291,0.6861342753389921,0.6791167391106598,-0.007017536228332233
2026,292,0.6944329828044629,0.7009348503486958,0.0065018675442329865
2026,293,0.7016226204516807,0.6955899649061692,-0.006032655545511467
2026,294,0.6774213591666118,0.6846142958364713,0.007192936669859429
2026,295,0.7096582069756616,0.7021800331898511,-0.007478173785810505
2026,296,0.6866616660187623,0.6848296444476134,-0.001832021571148923
2026,297,0.6861362793489788,0.6850076980647638,-0.0011285812842150023
2026,298,0.6995622103670057,0.6937735020356132,-0.005788708331392556
2026,299,0.6821642680136094,0.6922316551667951,0.01006738715318567
2026,300,0.6868389717479636,0.6859978109401392,-0.0008411608078243704
2026,301,0.6744456874637064,0.6797347807171563,0.00528909325344995
2026,302,0.6826512235603506,0.67812861148338,-0.004522612076970578
2026,303,0.7010251650434447,0.6975404045894306,-0.0034847604540141353
2026,304,0.7051029284962338,0.6946311397780008,-0.010471788718232955
2026,305,0.6863872159521209,0.6824097320565107,-0.0039774838956102565
2026,306,0.6798226114450406,0.6808300285582825,0.0010074171132418153
2026,307,0.6977002582481919,0.6890157187127015,-0.008684539535490421
2026,308,0.6958812958236571,0.6910173443668073,-0.004863951456849813
2026,309,0.6938461560625254,0.6780536721946928,-0.015792483867832607
2026,310,0.7038619610031951,0.7076042135619198,0.0037422525587247346
2026,311,0.6951829779647147,0.6652940384552095,-0.02988893950950522
2026,312,0.6750306886524579,0.6712418888105378,-0.003788799841920043
2026,313,0.692078671958288,0.6863723870817313,-0.0057062848765566665
2026,314,0.6910895237916915,0.6974131013805616,0.006323577588870033
2026,315,0.7008922619605376,0.6913972580003616,-0.009495003960175996
2026,316,0.6870010145170977,0.6798316003553759,-0.007169414161721788
2026,317,0.701202406223467,0.6972415926370927,-0.003960813586374234
2026,318,0.6838338966559415,0.678455702189579,-0.0053781944663625625
2026,319,0.6901745941022732,0.6914323746289265,0.0012577805266532627
2026,320,0.6974169938735743,0.6845276062737287,-0.012889387599845592
2026,321,0.6857868711997079,0.6805768845578172,-0.0052099866418907625
2026,322,0.6957951915506484,0.7043953318494427,0.008600140298794301
2026,323,0.6821059606278372,0.6825316113852552,0.0004256507574179613
2026,324,0.6926253642546043,0.6851255021535251,-0.007499862101079224
2026,325,0.6836666544262716,0.6715686645169727,-0.01209798990929889
2026,326,0.6922044913199663,0.6949109923424572,0.002706501022490926
2026,327,0.6895247932677784,0.6847535694800635,-0.004771223787714884
2026,328,0.6883168298573634,0.6778419801881486,-0.010474849669214858
2026,329,0.6983558857772766,0.7029957654972203,0.004639879719943729
2026,330,0.6870444121218611,0.6840711161692994,-0.002973295952561683
2026,331,0.6737449600550159,0.6736593151485685,-8.564490644746847e-05
2026,332,0.6981171376750853,0.6904649776917442,-0.0076521599833411225
2026,333,0.6906336385839759,0.6854848781145889,-0.005148760469386948
2026,334,0.7034770194524038,0.6979074482817615,-0.0055695711706422735
2026,335,0.6896375895747165,0.6932388216435623,0.003601232068845772
2026,336,0.6973964151190304,0.6832746265592502,-0.01412178855978019
2026,337,0.7005168539355106,0.6919071883345428,-0.008609665600967764
2026,338,0.7051265685199141,0.6908921271819966,-0.014234441337917514
2026,339,0.6936761412846488,0.6844855971159105,-0.009190544168738324
2026,340,0.684655159688442,0.6851249167982871,0.00046975710984509256
2026,341,0.7041155074995152,0.6990182069280748,-0.005097300571440422
2026,342,0.6975805593267106,0.6873925396225873,-0.010188019704123308
2026,343,0.6905611679690291,0.6863820768374315,-0.004179091131597645
2026,344,0.691101208679666,0.6782213210845283,-0.012879887595137696
2026,345,0.6872599254620608,0.6907764302063228,0.0035165047442620168
2026,346,0.699604175885588,0.6921218274119483,-0.0074823484736397106
2026,347,0.6959301085921512,0.6824177207534277,-0.01351238783872355
2026,348,0.686609740124209,0.6826630337057433,-0.0039467064184656175
2026,349,0.6894954268487334,0.690612325164172,0.001116898315438597
2026,350,0.6909173320182856,0.6897413572214336,-0.0011759747968520529
2026,351,0.697714000539636,0.6873306449769673,-0.010383355562668672
2026,352,0.6839768777049604,0.6818173888487866,-0.0021594888561737857
2026,353,0.702189769393468,0.689989512681012,-0.012200256712455948
2026,354,0.6944830335524529,0.6833928242287395,-0.011090209323713407
2026,355,0.6848736173957056,0.6736800727013279,-0.011193544694377722
2026,356,0.6958829608560287,0.6909289801122627,-0.004953980743766073
2026,357,0.7073065099204103,0.6972899513120507,-0.010016558608359594
2026,358,0.6907166308309799,0.6924259605602726,0.001709329729292719
2026,359,0.6871088676209764,0.6781336176814499,-0.008975249939526586
2026,360,0.7004828588878187,0.6948509919331927,-0.00563186695462603
2026,361,0.7062135587151116,0.6929104689440186,-0.013303089771092957
2026,362,0.6903102779592285,0.6809118342871493,-0.009398443672079204
2026,363,0.6881652276532573,0.6861566337084839,-0.0020085939447733736
2026,364,0.6894909566610735,0.6889196955180414,-0.0005712611430320758
2026,365,0.6947652668862924,0.6852659557621014,-0.009499311124191001
2026,366,0.6890372712767463,0.6853527195016123,-0.0036845517751340484
2026,367,0.6907355516707487,0.6873232544715175,-0.0034122971992311957
2026,368,0.688517883423226,0.6867901678246222,-0.0017277155986037407
2026,369,0.6962748059154877,0.6844846363957338,-0.011790169519753979
2026,370,0.6842811423567816,0.6804726581514381,-0.003808484205343521
2026,371,0.6833853826153413,0.6858257595849613,0.0024403769696199618
2026,372,0.6991970880918441,0.698522329794101,-0.0006747582977431055
2026,373,0.6918743072026383,0.6882840288659808,-0.003590278336657482
2026,374,0.6692047177420769,0.6729375146002232,0.0037327968581463145
2026,375,0.6969098432620723,0.693593258556361,-0.0033165847057112785
2026,376,0.6926053842387517,0.6867508360174572,-0.005854548221294498
2026,377,0.7018069778895664,0.6879101991773964,-0.013896778712169988
2026,378,0.6949158094554508,0.6956623765044293,0.0007465670489784637
2026,379,0.6896101141494443,0.6846969346850212,-0.004913179464423045
2026,380,0.692353391866351,0.6842472077546338,-0.008106184111717263
2026,381,0.6903973531987851,0.6861080759285851,-0.004289277270200009
2026,382,0.6935042217367412,0.6797513196227665,-0.01375290211397473
2026,383,0.6937955114975725,0.6978308580263425,0.004035346528770023
2026,384,0.6941932849956962,0.6847162320799123,-0.009477052915783934
2026,385,0.7036870163678832,0.6809626406975219,-0.02272437567036134
2026,386,0.692534829369216,0.6842781601133794,-0.008256669255836568
2026,387,0.6919029173423712,0.6921668504990506,0.00026393315667938566
2026,388,0.6884294369058201,0.7005207709505967,0.01209133404477658
2026,389,0.6828089611770563,0.6770890340478176,-0.005719927129238633
2026,390,0.6882270515973297,0.6778305588636295,-0.010396492733700136
2026,391,0.6930421645179262,0.6882347185876666,-0.004807445930259613
2026,392,0.6997500453950497,0.6864642943328609,-0.013285751062188766
2026,393,0.6960429564822055,0.68916831736703,-0.006874639115175496
2026,394,0.702328774974903,0.6962248106510234,-0.006103964323879607
2026,395,0.687690517372,0.6809505527026506,-0.006739964669349452
2026,396,0.6893336644234722,0.6838437651734545,-0.005489899250017749
2026,397,0.6774192137317564,0.6852761918451529,0.007856978113396473
2026,398,0.6842441622589777,0.677637587546021,-0.00660657471295667
2026,399,0.7044307945591407,0.7015644859640451,-0.0028663085950956235
2026,400,0.6890389629203253,0.6765514595359123,-0.012487503384412957
2026,401,0.6907863586174158,0.6920976048571421,0.001311246239726338
2026,402,0.6944792106875877,0.695511095852887,0.0010318851652992844
2026,403,0.7068603562899374,0.6923076163069319,-0.014552739983005436
2026,404,0.7029269582786661,0.6954889292460218,-0.007438029032644344
2026,405,0.6876014751661061,0.6892592935456521,0.0016578183795459278
2026,406,0.6868059973293468,0.6786206598126578,-0.008185337516688929
2026,407,0.6887432446380338,0.685190245383202,-0.003552999254831879
2026,408,0.699181382651155,0.6857022587669945,-0.013479123884160504
2026,409,0.6920600348327802,0.6863097693043905,-0.005750265528389753
2026,410,0.7069251616601708,0.697803361183597,-0.00912180047657385
2026,411,0.6979555929712795,0.7001621983831285,0.0022066054118490275
2026,412,0.6844300733607225,0.6972878348227354,0.012857761462012895
2026,413,0.6824583521627823,0.6780168855535058,-0.004441466609276468
2026,414,0.6841093828380875,0.6879583263130429,0.0038489434749553464
2026,415,0.7077190863040976,0.701289204850333,-0.006429881453764663
2026,416,0.6924854646378149,0.6867441896497408,-0.005741274988074085
2026,417,0.7000855655708929,0.6939060649031557,-0.006179500667737203
2026,418,0.6845631703183596,0.6796752802761474,-0.0048878900422121285
2026,419,0.708408166370711,0.7047420343497304,-0.0036661320209806503
2026,420,0.7050756072638142,0.6885642021395391,-0.01651140512427518
2026,421,0.6801972714649964,0.6707676064142267,-0.009429665050769698
2026,422,0.6941245446687948,0.6922338992379888,-0.0018906454308059706
2026,423,0.6964965198528418,0.6963139157037005,-0.00018260414914128553
2026,424,0.6926648925210188,0.6881367291995262,-0.00452816332149264
2026,425,0.6862387770484293,0.6865465342345349,0.0003077571861056505
2026,426,0.7070421116215461,0.6977464758396748,-0.009295635781871314
2026,427,0.6938296718477251,0.6836573956065227,-0.010172276241202427
2026,428,0.696188601744509,0.6930758461557109,-0.0031127555887980884
2026,429,0.6904041499910896,0.689027289202375,-0.0013768607887145734
2026,430,0.6886307660077201,0.6921158712666831,0.0034851052589629505
2026,431,0.6922295845069844,0.6903778672762992,-0.0018517172306851126
2026,432,0.700673795849906,0.6933187540380705,-0.007355041811835439
2026,433,0.6835438135609342,0.6818391196660526,-0.0017046938948815926
2026,434,0.6938723919901397,0.6884383521304697,-0.005434039859670059
2026,435,0.7004796997656082,0.6936952168170977,-0.0067844829485105285
2026,436,0.6851411836161871,0.6895814471681969,0.004440263552009771
2026,437,0.6839361021878159,0.6801603468409343,-0.0037757553468815708
2026,438,0.6972280932561018,0.6938710774145245,-0.0033570158415773266
2026,439,0.6881628977661121,0.6811975580146743,-0.00696533975143776
2026,440,0.6853925342856422,0.6765050056901896,-0.00888752859545261
2026,441,0.6908435336387841,0.6711525189609298,-0.01969101467785439
2026,442,0.6889697372567728,0.6847526236767897,-0.004217113579983112
2026,443,0.68621761791493,0.684100456685339,-0.002117161229590936
2026,444,0.691421890710466,0.68324079649581,-0.00818109421465596
2026,445,0.6892651243635044,0.6914373859852059,0.0021722616217014767
2026,446,0.6973785215668017,0.689158588484603,-0.008219933082198705
2026,447,0.6828500073513273,0.6799429660095804,-0.0029070413417469076
2026,448,0.678819224992062,0.6827384154533924,0.00391919046133038
2026,449,0.7004115247908815,0.6864320696105386,-0.013979455180342937
2026,450,0.7013329919518095,0.6946056564656321,-0.006727335486177433
2026,451,0.6962201727312272,0.695258102774484,-0.0009620699567431945
2026,452,0.6961897862861874,0.6903044437644941,-0.005885342521693371
2026,453,0.6914482070696335,0.6859797569325794,-0.005468450137054104
2026,454,0.6897811126523441,0.6827908888857122,-0.006990223766631942
2026,455,0.6948108297006771,0.6862246463874779,-0.008586183313199158
2026,456,0.6953874495039554,0.6850149333126081,-0.01037251619134727
2026,457,0.6927102781666572,0.6847513352588308,-0.007958942907826394
2026,458,0.6992530931484754,0.6844310328436256,-0.014822060304849782
2026,459,0.6833472001852523,0.6832476966703195,-9.950351493281939e-05
2026,460,0.6898322715472824,0.6832306709240216,-0.006601600623260873
2026,461,0.6969616901402197,0.689550858883692,-0.007410831256527639
2026,462,0.6977129308212017,0.6921997892441144,-0.005513141577087266
2026,463,0.6919494781939173,0.6831611404311893,-0.008788337762728027
2026,464,0.6901918215017192,0.6863572014579591,-0.0038346200437601174
2026,465,0.6804788168152767,0.68416589727311,0.0036870804578332805
2026,466,0.6951996087384413,0.6879154943513378,-0.007284114387103524
2026,467,0.6886161947068824,0.6956049932809485,0.006988798574066091
2026,468,0.6936734971783837,0.6877741624648522,-0.0058993347135314345
2026,469,0.6870314312369354,0.6814878223378562,-0.005543608899079233
2026,470,0.6945042442525726,0.6843735962075287,-0.010130648045043933
2026,471,0.6867896425836498,0.6723195757852056,-0.014470066798444203
2026,472,0.6901515606590762,0.6822329149584089,-0.00791864570066736
2026,473,0.6936908342413535,0.6901491255905849,-0.003541708650768527
2026,474,0.6955254118022274,0.6882373741845369,-0.007288037617690479
2026,475,0.6892959264905391,0.6930009816280066,0.00370505513746755
2026,476,0.6826813100059934,0.6773202727109288,-0.005361037295064652
2026,477,0.6957158141468811,0.6852392479404642,-0.010476566206416904
2026,478,0.6844117729326813,0.6860831253634672,0.0016713524307858663
2026,479,0.696584348595821,0.6976534997163925,0.0010691511205714876
2026,480,0.6766440362712942,0.6871474325521069,0.010503396280812649
2026,481,0.6798136179665353,0.6753854794804293,-0.004428138486106015
2026,482,0.6944995354640469,0.6922598091466161,-0.002239726317430746
2026,483,0.6981267934541364,0.6919512426626729,-0.00617555079146348
2026,484,0.7015890525712634,0.6883110004042963,-0.013278052166967091
2026,485,0.6934349209690753,0.6957113325062138,0.002276411537138423
2026,486,0.681306364643555,0.6781810343897718,-0.003125330253783143
2026,487,0.704194467112859,0.6830584700413375,-0.021135997071521584
2026,488,0.6912590569217647,0.6862472714098579,-0.005011785511906841
2026,489,0.7000025422627532,0.697122218095362,-0.002880324167391146
2026,490,0.6964022259214062,0.6922908265143306,-0.004111399407075611
2026,491,0.6802417433147147,0.6740861885765441,-0.006155554738170532
2026,492,0.703949883876638,0.6933476070199234,-0.010602276856714665
2026,493,0.691047009327374,0.6878672923093612,-0.0031797170180127843
2026,494,0.6951947691849458,0.6838433052369682,-0.011351463947977591
2026,495,0.6919615126644129,0.6898483260399655,-0.002113186624447372
2026,496,0.6984922143035637,0.694414008014046,-0.004078206289517716
2026,497,0.6877516299034154,0.6791702070310695,-0.008581422872345978
2026,498,0.7018191615397438,0.6994770672661298,-0.0023420942736139816
2026,499,0.6819341206506152,0.685870706069296,0.003936585418680805
2026,500,0.6945782541949476,0.6897764086577118,-0.004801845537235727
2026,501,0.6994307831003982,0.6939051726415242,-0.0055256104588740085
2026,502,0.6930689248557486,0.6830728874653169,-0.009996037390431645
2026,503,0.6964845696430255,0.6986965426600495,0.002211973017024027
2026,504,0.69728738760684,0.6893836488137393,-0.00790373879310069
2026,505,0.6845588955959894,0.6736824724057657,-0.010876423190223639
2026,506,0.6879788020503226,0.6735567520732346,-0.014422049977087958
2026,507,0.7045393389019294,0.6966845512037954,-0.00785478769813408
2026,508,0.6924400102673347,0.6863546421844722,-0.00608536808286253
2026,509,0.6854463843861471,0.6825752325586575,-0.0028711518274896486
2026,510,0.6897371223157394,0.6894162178943685,-0.00032090442137089337
2026,511,0.6851918465411864,0.6804786804337983,-0.004713166107388034
2026,512,0.6860071386798381,0.6829081003217568,-0.0030990383580813408
2026,513,0.6948090131239234,0.6821730129295152,-0.012636000194408248
2026,514,0.6847608574772475,0.6891973963187258,0.004436538841478321
2026,515,0.6888201885091896,0.6913247959307192,0.002504607421529581
2026,516,0.7059590472398122,0.6883887488712614,-0.01757029836855073
2026,517,0.6930684239384497,0.6918460400204259,-0.0012223839180237617
2026,518,0.6924431317354464,0.68978563188109,-0.002657499854356371
2026,519,0.6926783479565833,0.6819829313824404,-0.010695416574142969
2026,520,0.6932898082263497,0.6856132006912452,-0.007676607535104463
2026,521,0.6896826083827831,0.6828236323296522,-0.006858976053130905
2026,522,0.6843425817140059,0.6807826677001605,-0.0035599140138453667
2026,523,0.6902739111941676,0.6787598271341542,-0.011514084060013419
2026,524,0.6922137839320871,0.6927501422969433,0.0005363583648562154
2026,525,0.7015571587078694,0.7008623420775134,-0.0006948166303559766
2026,526,0.6862463141904841,0.6846802157368865,-0.0015660984535975642
2026,527,0.7016892858060111,0.6937215113127795,-0.007967774493231605
2026,528,0.701571382928076,0.684760875266081,-0.01681050766199499
2026,529,0.6895428407860063,0.6949114743949718,0.005368633608965556
2026,530,0.6922256836857549,0.6811773023800931,-0.01104838130566177
2026,531,0.6883636512259982,0.6715232837556413,-0.016840367470356887
2026,532,0.6956878508033287,0.6780547489445801,-0.017633101858748668
2026,533,0.6884849911870377,0.6867763551758914,-0.0017086360111462362
2026,534,0.6896527029305292,0.690201574013464,0.0005488710829348875
2026,535,0.6973579539434727,0.681985300426478,-0.015372653516994683
2026,536,0.6934623402839618,0.6879342251458673,-0.00552811513809448
2026,537,0.6858505783423781,0.6820523830850687,-0.0037981952573094002
2026,538,0.6862858111366721,0.6899984056958574,0.003712594559185267
2026,539,0.6887019967390798,0.6911073487142934,0.002405351975213521
2026,540,0.6839116565955734,0.6773851743391419,-0.006526482256431487
2026,541,0.6867092627424219,0.682074856813093,-0.004634405929328955
2026,542,0.6853982646620211,0.6858421198785478,0.0004438552165266785
2026,543,0.6823598868350521,0.6806180703437943,-0.0017418164912578193
2026,544,0.6819317669360789,0.6895929163364533,0.007661149400374323
2026,545,0.69908042657746,0.6916264451468264,-0.007453981430633583
2026,546,0.6879644682436892,0.6902291160342382,0.0022646477905490237
2026,547,0.6891357826882795,0.6940052973084774,0.004869514620197912
2026,548,0.691473552107389,0.6848532693452953,-0.006620282762093699
2026,549,0.68846872380864,0.6876652670027488,-0.0008034568058912228
2026,550,0.6875426471891432,0.6859554405184188,-0.001587206670724317
2026,551,0.689196374281855,0.6804745275317595,-0.008721846750095463
2026,552,0.7067367397269714,0.6994524525319605,-0.007284287195010841
2026,553,0.6824199791476627,0.6727641005150833,-0.00965587863257944
2026,554,0.6897047672357607,0.6904772354003078,0.0007724681645471243
2026,555,0.6907186515515784,0.6822877185096115,-0.00843093304196696
2026,556,0.7025670878470744,0.6823550614651164,-0.02021202638195807
2026,557,0.6781824124368793,0.6804295989141078,0.0022471864772285466
2026,558,0.6943315851571309,0.6910422589394218,-0.0032893262177090543
2026,559,0.684124107635539,0.6842949410769448,0.00017083344140578216
2026,560,0.6906676848932534,0.6873451440318351,-0.003322540861418255
2026,561,0.6767240217299424,0.6763869902119566,-0.00033703151798580855
2026,562,0.696864145470506,0.6986361653219134,0.0017720198514074026
2026,563,0.6950447105877279,0.680879699983287,-0.014165010604440864
2026,564,0.6801933046500874,0.6765277406663759,-0.0036655639837115395
2026,565,0.6843942926928845,0.679826180018029,-0.004568112674855573
2026,566,0.6899346734398708,0.680325237849553,-0.009609435590317794
2026,567,0.6907983166033539,0.6840243653125693,-0.006773951290784619
2026,568,0.6942487354335075,0.6793461164407949,-0.014902618992712613
2026,569,0.6932323114905086,0.6920762013796276,-0.0011561101108810146
2026,570,0.6994729730788081,0.6992447198906152,-0.00022825318819286178
2026,571,0.677889207236961,0.6801181509628006,0.002228943725839594
2026,572,0.6935291269871954,0.6904270994771073,-0.0031020275100880346
2026,573,0.6807169921000841,0.6837205569793825,0.003003564879298426
2026,574,0.7001572101739586,0.6871892998786693,-0.01296791029528932
2026,575,0.6878636370810697,0.6921903224518287,0.004326685370758976
2026,576,0.7056244792841739,0.685252618410366,-0.020371860873807934
2026,577,0.7015456831473668,0.7004186119059783,-0.0011270712413884443
2026,578,0.688692108444815,0.6843427478981532,-0.004349360546661796
2026,579,0.7149577962425594,0.7107220012544113,-0.004235794988148078
2026,580,0.7073429026916727,0.694824265532507,-0.01251863715916568
2026,581,0.6934118919414819,0.6850790144383261,-0.008332877503155811
2026,582,0.6826893798126057,0.6813581052182159,-0.001331274594389753
2026,583,0.6879457551488133,0.6806955872454332,-0.007250167903380067
2026,584,0.6731383322454956,0.6765411768856473,0.0034028446401517254
2026,585,0.7000015838814417,0.6966970306763314,-0.003304553205110361
2026,586,0.6971073544446003,0.6932199148479172,-0.003887439596683029
2026,587,0.6837835236851912,0.6800308506810728,-0.003752673004118412
2026,588,0.6872921490605637,0.6790722518490402,-0.008219897211523497
2026,589,0.6793800409786885,0.6738657506857557,-0.005514290292932822
2026,590,0.697860122039533,0.7023328627692978,0.00447274072976489
2026,591,0.6973367630270435,0.6952738650273027,-0.002062897999740798
2026,592,0.6975917894556497,0.6962837036685524,-0.0013080857870972906
2026,593,0.6814829273306935,0.6742128594588417,-0.007270067871851804
2026,594,0.6986671615898321,0.706005943543363,0.007338781953530882
2026,595,0.6980435795753059,0.6926763492207079,-0.005367230354598074
2026,596,0.6939460872474106,0.6906516130931395,-0.0032944741542710876
2026,597,0.6939492693330996,0.6934785854711689,-0.00047068386193072076
2026,598,0.6873563077170556,0.6857653866271639,-0.0015909210898916726
2026,599,0.7020005861987666,0.7035927138962821,0.0015921276975154885
2026,600,0.6923748373441923,0.6924095430641696,3.4705719977323746e-05
2026,601,0.6879009283033946,0.6856881451104127,-0.002212783192981904
2026,602,0.6952119104949219,0.6860277956281345,-0.009184114866787385
2026,603,0.6985172754792257,0.6888552257108231,-0.00966204976840257
2026,604,0.6917276821327525,0.692887775328202,0.0011600931954495186
2026,605,0.6959547974738395,0.6890673449375693,-0.006887452536270211
2026,606,0.694458082263814,0.6948613411157838,0.00040325885196978994
2026,607,0.703384906212666,0.695529086960621,-0.007855819252045038
2026,608,0.7083251923675581,0.6977705975234065,-0.010554594844151555
2026,609,0.6826686610561714,0.6734017617168896,-0.00926689933928182
2026,610,0.6930409549415669,0.6891898654445693,-0.0038510894969976395
2026,611,0.6959688349523777,0.6915383798705761,-0.004430455081801621
2026,612,0.6926766298357039,0.6959876506903179,0.0033110208546139885
2026,613,0.6925484059237638,0.6930047388158822,0.0004563328921184384
2026,614,0.6966844625992178,0.6958309313160701,-0.0008535312831476904
2026,615,0.6949101095229122,0.6767837313165367,-0.018126378206375526
2026,616,0.6953822926370767,0.6885293210890311,-0.00685297154804565
2026,617,0.6888365794959699,0.6888292253179021,-7.35417806774219e-06
2026,618,0.6886201825316198,0.687284457971516,-0.0013357245601037793
2026,619,0.6878819017090463,0.6879306494327585,4.874772371221692e-05
2026,620,0.6931046446090303,0.6811039937383594,-0.012000650870670926
2026,621,0.6998106412457108,0.6919776297319061,-0.007833011513804666
2026,622,0.691154216501519,0.6857462530685237,-0.005407963432995322
2026,623,0.7051214708603373,0.6977715835699367,-0.007349887290400536
2026,624,0.7063744731638313,0.6928300745000968,-0.01354439866373447
2026,625,0.690420418152365,0.6875773390783946,-0.0028430790739704115
2026,626,0.687924666370787,0.6877817218757303,-0.00014294449505669604
2026,627,0.6921759280602222,0.6732799401187043,-0.018895987941517922
2026,628,0.6963687085409264,0.6940969182653565,-0.002271790275569896
2026,629,0.6902392336348939,0.6767980249617545,-0.013441208673139471
2026,630,0.6829079234998784,0.6935971184260968,0.010689194926218448
2026,631,0.7001759133111364,0.6808582164925778,-0.01931769681855855
2026,632,0.7032909526369284,0.6890593252117367,-0.014231627425191684
2026,633,0.7020058538100078,0.6957280657456282,-0.006277788064379619
2026,634,0.6929096016515126,0.6983973397852796,0.005487738133767017
2026,635,0.6969495668864525,0.6912811767836509,-0.005668390102801624
2026,636,0.6785116794787627,0.678680916202246,0.00016923672348334584
2026,637,0.6915832583456706,0.6864802258414316,-0.005103032504238936
2026,638,0.6916898638629214,0.685231105422944,-0.006458758439977452
2026,639,0.7041953783462184,0.687257312429771,-0.01693806591644742
2026,640,0.6945328698462697,0.7003327941753528,0.0057999243290830504
2026,641,0.6962864167454701,0.6961699507982382,-0.00011646594723191406
2026,642,0.7085431079883384,0.6948821637668037,-0.013660944221534743
2026,643,0.6976069290111329,0.6913907232067311,-0.006216205804401742
2026,644,0.7092256491842897,0.6945808406837768,-0.014644808500512863
2026,645,0.7058747964381883,0.6999235270788695,-0.005951269359318778
2026,646,0.6955283479091665,0.6792309800013949,-0.016297367907771587
2026,647,0.7089698444848975,0.7112008698432155,0.002231025358317984
2026,648,0.6964133087219181,0.6934096023380252,-0.0030037063838929123
2026,649,0.67153920178356,0.6703979380879671,-0.0011412636955928646
2026,650,0.6974144924815981,0.6983276714590598,0.0009131789774616816
2026,651,0.6953115291668468,0.6834043087270977,-0.011907220439749122
2026,652,0.699044732808439,0.6854370485516699,-0.01360768425676917
2026,653,0.6800266535789133,0.675672555709474,-0.0043540978694392996
2026,654,0.6983205556685192,0.6949386733772516,-0.0033818822912676794
2026,655,0.6993904536547677,0.6971072463178201,-0.0022832073369476458
2026,656,0.678207865516519,0.67661606393706,-0.00159180157945904
2026,657,0.6877289770208913,0.68675328265624,-0.0009756943646512806
2026,658,0.6851016400847856,0.6821054293218227,-0.0029962107629628587
2026,659,0.6780216903725841,0.675363412675166,-0.00265827769741811
2026,660,0.6778904108439117,0.681026915117752,0.0031365042738403792
2026,661,0.7017222308156243,0.6911587347770357,-0.010563496038588638
2026,662,0.7021991091645836,0.6923686472479194,-0.009830461916664257
2026,663,0.6839643336817308,0.6842448285281395,0.0002804948464086854
2026,664,0.6834016231633046,0.6831014477343986,-0.0003001754289059244
2026,665,0.6818530923898647,0.6797531264621458,-0.002099965927718883
2026,666,0.6923729852430767,0.6864268581262725,-0.005946127116804201
2026,667,0.6793638074408814,0.6738538330067296,-0.005509974434151799
2026,668,0.6947810264622558,0.6746389803933827,-0.020142046068873154
2026,669,0.7033646604710051,0.6889297913654496,-0.01443486910555547
2026,670,0.6855064121103434,0.6795340773613928,-0.005972334748950536
2026,671,0.702100654768594,0.6930704629181372,-0.009030191850456726
2026,672,0.7058059246132802,0.7002047997908212,-0.005601124822459003
2026,673,0.693359394778136,0.6868428949891636,-0.006516499788972396
2026,674,0.6877598821629685,0.6869567197501798,-0.0008031624127886605
2026,675,0.6876366565793166,0.6855229232983374,-0.002113733280979191
2026,676,0.6992587108651249,0.6901116102036864,-0.009147100661438534
2026,677,0.6843454703337848,0.6731796176099316,-0.011165852723853176
2026,678,0.7032237179787226,0.6922696209334509,-0.010954097045271727
2026,679,0.691608239455596,0.691860344954318,0.0002521054987220106
2026,680,0.6987928918454203,0.6940822851923367,-0.004710606653083538
2026,681,0.6855869251160946,0.6888649498061505,0.003278024690055892
2026,682,0.6986608493970644,0.698080627320328,-0.0005802220767363586
2026,683,0.7000647461997167,0.6970043314392239,-0.003060414760492791
2026,684,0.6862045017451242,0.6824862894812345,-0.0037182122638896864
2026,685,0.6963921427731253,0.6867339059212064,-0.009658236851918911
2026,686,0.6860520782017185,0.681327247986311,-0.004724830215407594
2026,687,0.7016769199790165,0.688233555998013,-0.013443363981003542
2026,688,0.6897330246586766,0.6837127078160804,-0.006020316842596185
2026,689,0.7047470544480057,0.700826264110199,-0.003920790337806679
2026,690,0.6764736351872269,0.6792324589320576,0.0027588237448307185
2026,691,0.7009204691650074,0.6970524992647527,-0.0038679699002547308
2026,692,0.7037357278879608,0.6966992793420528,-0.007036448545908014
2026,693,0.681074396568355,0.679576354967555,-0.0014980416008000264
2026,694,0.6929181502933952,0.6868047215135897,-0.006113428779805474
2026,695,0.6866154683059031,0.6706516514023619,-0.015963816903541206
2026,696,0.695387947938794,0.6902242987828232,-0.005163649155970784
2026,697,0.6887835781884379,0.6930034969016701,0.004219918713232129
2026,698,0.6928410033765445,0.6812170768534183,-0.011623926523126271
2026,699,0.7007474712801957,0.694429661184671,-0.0063178100955246785
2026,700,0.6888252740064389,0.6773835701626236,-0.011441703843815265
2026,701,0.6955844504936299,0.6937446491380002,-0.0018398013556297776
2026,702,0.7052020263070996,0.6882746441050482,-0.016927382202051366
2026,703,0.7015354969122293,0.7033956056224633,0.0018601087102340097
2026,704,0.6869744020077309,0.6745564379319606,-0.012417964075770227
2026,705,0.689432164644809,0.6800689165507676,-0.009363248094041432
2026,706,0.6950581350372231,0.6803414895593944,-0.014716645477828694
2026,707,0.6803274777446735,0.6797226292525267,-0.0006048484921468145
2026,708,0.7026351447282108,0.6951482714251187,-0.0074868733030920565
2026,709,0.6894945259895476,0.6992438563575809,0.009749330368033271
2026,710,0.6959120185832017,0.6782899500005899,-0.01762206858261184
2026,711,0.696422252184131,0.6853303383306026,-0.011091913853528368
2026,712,0.6802303928955286,0.686926137612837,0.006695744717308494
2026,713,0.694702893544229,0.6938091455756814,-0.0008937479685475758
2026,714,0.6992521375820978,0.6913289597474526,-0.007923177834645245
2026,715,0.7017435444873099,0.7001553896965067,-0.001588154790803209
2026,716,0.6974218786773667,0.6923855742255463,-0.005036304451820461
2026,717,0.6906456853266246,0.6882943906091309,-0.002351294717493735
2026,718,0.6974199410070241,0.6893098452162806,-0.00811009579074351
2026,719,0.6847454278753753,0.6754376661445366,-0.009307761730838693
2026,720,0.690823497008554,0.6898376635729311,-0.0009858334356229737
2026,721,0.6969456636288887,0.6950105950660747,-0.0019350685628140019
2026,722,0.6964862283363955,0.6902729967203529,-0.0062132316160425916
2026,723,0.6818306565750563,0.6781429526774878,-0.0036877038975684506
2026,724,0.6873154600498099,0.6854663222883082,-0.0018491377615017512
2026,725,0.7080757841866182,0.688069627695912,-0.02000615649070625
2026,726,0.7009752792086057,0.691911905027046,-0.009063374181559669
2026,727,0.7002676575630185,0.7034387680876653,0.003171110524646803
2026,728,0.6883363697939882,0.6769697357472254,-0.011366634046762747
2026,729,0.6868121385892336,0.6786465745217247,-0.008165564067508901
2026,730,0.7031962205715883,0.7043926305120924,0.001196409940504184
2026,731,0.6871529160542765,0.6905251057876713,0.0033721897333948148
2026,732,0.6939836649445241,0.6836514888978704,-0.010332176046653707
2026,733,0.6936199409770023,0.688576027638713,-0.005043913338289352
2026,734,0.6978635072383212,0.6898704373930709,-0.007993069845250389
2026,735,0.6959146895677185,0.6803474050781302,-0.015567284489588329
2026,736,0.7003117378679955,0.6919622362381223,-0.008349501629873246
2026,737,0.6828285152973247,0.6794130854471184,-0.003415429850206264
2026,738,0.6986216191580169,0.694107418813857,-0.0045142003441599465
2026,739,0.7025628409732905,0.6898793187474466,-0.012683522225843902
2026,740,0.6952170819993707,0.6953263756001135,0.00010929360074274364
2026,741,0.6869339459705656,0.6871697592008128,0.00023581323024723932
2026,742,0.6862693038242811,0.684846179560681,-0.0014231242636001395
2026,743,0.6869395755987977,0.6904775665169435,0.0035379909181457725
2026,744,0.6865762875418984,0.6853004523332917,-0.001275835208606635
2026,745,0.6944763385876643,0.6939479527158443,-0.0005283858718200252
2026,746,0.6886909889412811,0.6877794203474115,-0.0009115685938696494
2026,747,0.6946727611458037,0.6950629828203636,0.00039022167455993184
2026,748,0.6924372050502784,0.6867696782519581,-0.005667526798320277
2026,749,0.7059922556118587,0.6986820680089625,-0.0073101876028962565
2026,750,0.694171383117372,0.6770145426233238,-0.017156840494048198
2026,751,0.6868397946109337,0.6776789645807466,-0.009160830030187084
2026,752,0.6886915016232196,0.6795169982709434,-0.009174503352276209
2026,753,0.6874703996560225,0.6874041247228203,-6.6274933202215e-05
2026,754,0.6890572725507506,0.6831335144007663,-0.005923758149984248
2026,755,0.6790133639389091,0.6811410353501011,0.002127671411191967
2026,756,0.6919423426993867,0.6790070948705761,-0.012935247828810614
2026,757,0.7000785856324412,0.6910845127736047,-0.008994072858836466
2026,758,0.7059072171126464,0.7064326415275961,0.0005254244149497378
2026,759,0.6873143951653651,0.6898195411999686,0.0025051460346035004
2026,760,0.7001414441988352,0.6900343799754995,-0.010107064223335627
2026,761,0.6832876409759019,0.6897968995380663,0.006509258562164444
2026,762,0.6956614287346883,0.6918283016441917,-0.0038331270904965464
2026,763,0.7010908263677278,0.6866235145417267,-0.014467311826001139
2026,764,0.6962140194340005,0.6790288545965184,-0.017185164837482114
2026,765,0.6967898104128631,0.6877438493527972,-0.009045961060065943
2026,766,0.7050797770578626,0.6912951240367189,-0.013784653021143733
2026,767,0.6937345241286309,0.684910716501516,-0.008823807627114877
2026,768,0.6922201612411043,0.6855606292840855,-0.006659531957018849
2026,769,0.7058781147360256,0.7009819996718634,-0.00489611506416221
2026,770,0.6798691640436425,0.6796223645089268,-0.0002467995347157359
2026,771,0.6872195567651315,0.6877216572870518,0.0005021005219203456
2026,772,0.691144348570221,0.6896107575095608,-0.0015335910606602
2026,773,0.7015502442322532,0.6921915909286379,-0.009358653303615294
2026,774,0.6983218444126246,0.687545694987979,-0.010776149424645554
2026,775,0.6856904294772186,0.6776289735077584,-0.008061455969460174
2026,776,0.6951957244326002,0.6832146745372618,-0.011981049895338436
2026,777,0.6911370705337563,0.6881665472201046,-0.002970523313651663
2026,778,0.7044029628699804,0.6946099852698364,-0.00979297760014397
2026,779,0.6842734316293544,0.6833749721393755,-0.0008984594899789089
2026,780,0.6852588460594953,0.6847374929883558,-0.0005213530711394299
2026,781,0.7018181890279841,0.692180745299426,-0.009637443728558126
2026,782,0.6991576464117486,0.687286120177508,-0.011871526234240593
2026,783,0.6976751551364333,0.697523542122062,-0.00015161301437127683
2026,784,0.6849705147179344,0.6835337107573363,-0.0014368039605980876
2026,785,0.6908381297483646,0.6853844006036739,-0.005453729144690667
2026,786,0.6889366856473282,0.6789212098082905,-0.010015475839037724
2026,787,0.6969364258122857,0.6783109324266139,-0.018625493385671765
2026,788,0.6920822003156071,0.6942588074294029,0.0021766071137958587
2026,789,0.6929297850366742,0.6883213638053902,-0.004608421231284021
2026,790,0.6951706695229709,0.6901273143944431,-0.005043355128527827
2026,791,0.6819972979783647,0.6745805987234623,-0.0074166992549024036
2026,792,0.6916810212914555,0.680194686476287,-0.011486334815168475
2026,793,0.7049795927609965,0.7020634542339244,-0.0029161385270721762
2026,794,0.6889469103375043,0.6848397971410918,-0.0041071131964125485
2026,795,0.6890290592115889,0.6774693597045922,-0.011559699506996646
2026,796,0.689267497926074,0.6888409829197238,-0.0004265150063501588
2026,797,0.6899684301627906,0.6892335825660365,-0.000734847596754129
2026,798,0.6979909207819497,0.6950752000502534,-0.002915720731696325
2026,799,0.6895821597301741,0.6816231932322481,-0.007958966497926045
2026,800,0.6921501628767008,0.6892682181323515,-0.0028819447443493296
2026,801,0.6818195531443414,0.680164438673464,-0.0016551144708774057
2026,802,0.6933170038554194,0.6828456830705404,-0.010471320784879001
2026,803,0.6841611842165711,0.6784488032711244,-0.005712380945446682
2026,804,0.6899263632271422,0.6805958401730183,-0.009330523054123852
2026,805,0.6814817917826036,0.6892264415956516,0.00774464981304801
2026,806,0.6859897939953464,0.6884334243603489,0.0024436303650025026
2026,807,0.6837999195275071,0.6910889988157384,0.007289079288231304
2026,808,0.6953258779171549,0.688954838714229,-0.006371039202925921
2026,809,0.6955414310903825,0.6889290503710208,-0.006612380719361655
2026,810,0.6842934729915111,0.6856974055537888,0.0014039325622776655
2026,811,0.6831144103699176,0.6832568278971991,0.00014241752728150203
2026,812,0.6983079566533658,0.6794491482039342,-0.018858808449431552
2026,813,0.7088357921846618,0.7104376474688462,0.0016018552841844391
2026,814,0.6898091511203301,0.6822129848891334,-0.007596166231196744
2026,815,0.6840756814671796,0.6878413719108525,0.00376569044367292
2026,816,0.6928120898706788,0.6796392544568453,-0.013172835413833517
2026,817,0.6850896227778429,0.6726573944787335,-0.012432228299109394
2026,818,0.6876403028011382,0.6785773564770756,-0.00906294632406257
2026,819,0.7092174132972775,0.6950553386881311,-0.014162074609146424
2026,820,0.6934343217549986,0.6918316304520131,-0.001602691302985515
2026,821,0.6956106044794264,0.6893639232495644,-0.006246681229861939
2026,822,0.6833932001966144,0.6662671491891748,-0.01712605100743958
2026,823,0.7017768500918338,0.6960017896618256,-0.005775060430008194
2026,824,0.6941533123354082,0.6942002492814215,4.693694601332066e-05
2026,825,0.6848034228597843,0.6746997140992447,-0.010103708760539676
2026,826,0.6954993082045925,0.6868230689246483,-0.008676239279944209
2026,827,0.6922572256234215,0.69220990024277,-4.7325380651552784e-05
2026,828,0.6899670908552871,0.6827081409513981,-0.007258949903888978
2026,829,0.6847337871105943,0.6739943331742876,-0.010739453936306709
2026,830,0.700982459650707,0.6989642028391314,-0.002018256811575636
2026,831,0.6898376579025707,0.6760551682873284,-0.01378248961524231
2026,832,0.6927446047822665,0.685561735090612,-0.007182869691654492
2026,833,0.7102248878773092,0.6968709458609783,-0.013353942016330889
2026,834,0.6957015204205976,0.696347858103033,0.0006463376824353828
2026,835,0.6899646833517425,0.6782897272068071,-0.011674956144935411
2026,836,0.6858776186191891,0.683146338531923,-0.002731280087266086
2026,837,0.7004252667371156,0.6860047229996002,-0.014420543737515334
2026,838,0.6916906511179887,0.6917187996907926,2.8148572803976535e-05
2026,839,0.6906042937443856,0.6839147675313947,-0.006689526212990904
2026,840,0.6846813910905902,0.6868491191108224,0.002167728020232129
2026,841,0.7011862606405742,0.6985804639150832,-0.002605796725490994
2026,842,0.6966303718744599,0.6964781994413782,-0.00015217243308163209
2026,843,0.6888308242169748,0.690721068289448,0.0018902440724731795
2026,844,0.6986002034696863,0.6891037929025776,-0.009496410567108704
2026,845,0.6973993600324938,0.6874893102741664,-0.009910049758327433
2026,846,0.6897492901909033,0.6856455628313074,-0.0041037273595958546
2026,847,0.7051114778224956,0.6951954418176067,-0.009916036004888884
2026,848,0.6894015772190356,0.691942133163048,0.002540555944012368
2026,849,0.6840061093476394,0.6912497997652778,0.007243690417638393
2026,850,0.6961795782115954,0.6855067938033337,-0.010672784408261693
2026,851,0.6976398354024766,0.6931395548067831,-0.004500280595693518
2026,852,0.6931226133974588,0.6863476250003733,-0.0067749883970855684
2026,853,0.6771923603083498,0.6776663140358875,0.0004739537275376682
2026,854,0.6877078199043702,0.6848558874593296,-0.0028519324450406724
2026,855,0.687231707863335,0.6773298318629597,-0.009901876000375287
2026,856,0.6916275660899851,0.6860426573347442,-0.005584908755240869
2026,857,0.6992987383601426,0.6922411935309623,-0.007057544829180307
2026,858,0.6851671521523917,0.6794905060481705,-0.005676646104221139
2026,859,0.6944319914956181,0.6886029248542798,-0.00582906664133831
2026,860,0.6947336024277925,0.6879980692457592,-0.006735533182033238
2026,861,0.6915556421014827,0.6833229060068764,-0.008232736094606286
2026,862,0.6816855741182704,0.6713227981630818,-0.01036277595518853
2026,863,0.6986463368774897,0.6808569714487352,-0.017789365428754422
2026,864,0.6871593721238185,0.6916044768418512,0.004445104718032722
2026,865,0.7027847312246035,0.6973719111505616,-0.005412820074041869
2026,866,0.6887956888653556,0.6950749030775509,0.00627921421219535
2026,867,0.6823279066756036,0.6754018237494189,-0.006926082926184685
2026,868,0.7012909198047226,0.6811279706767932,-0.020162949127929375
2026,869,0.6921356672742858,0.6842070202589337,-0.00792864701535212
2026,870,0.6863421077854719,0.6928462588843691,0.006504151098897237
2026,871,0.6803265890907563,0.6779347964586688,-0.0023917926320874416
2026,872,0.6861498441489822,0.6862109770707194,6.113292173726137e-05
2026,873,0.6968590194543346,0.6886337376843354,-0.008225281769999149
2026,874,0.6972298197800222,0.6931064489087633,-0.0041233708712589134
2026,875,0.6926501383455741,0.6912563814035346,-0.0013937569420394702
2026,876,0.6866355694987976,0.6831590325671488,-0.0034765369316487327
2026,877,0.6935069328685886,0.6855650090315479,-0.007941923837040621
2026,878,0.683929025738764,0.6759882503054876,-0.007940775433276426
2026,879,0.7005792754204423,0.686856857763978,-0.013722417656464314
2026,880,0.6852039011692965,0.6865716601771157,0.0013677590078191582
2026,881,0.6967063142780279,0.6892717198543882,-0.0074345944236396955
2026,882,0.6866945153686919,0.6782338168714528,-0.008460698497239072
2026,883,0.6840044751478009,0.6879037410900697,0.003899265942268748
2026,884,0.6815292918424276,0.6880318184146308,0.006502526572203182
2026,885,0.6900142582326751,0.6824730973700807,-0.007541160862594487
2026,886,0.6735547097097814,0.6737182287089921,0.0001635189992107433
2026,887,0.6887642240404892,0.6825735561735792,-0.006190667866910027
2026,888,0.7066677406826936,0.6968468000316245,-0.009820940651069088
2026,889,0.6954727923652573,0.6953564561659218,-0.00011633619933548722
2026,890,0.6900517199012195,0.6887278787511572,-0.0013238411500623437
2026,891,0.6991968468120623,0.6930879216575248,-0.006108925154537537
2026,892,0.7011162406648115,0.6973271017875338,-0.00378913887727772
2026,893,0.6916058921807032,0.6941208062878768,0.002514914107173527
2026,894,0.6956366856660089,0.6882913106348189,-0.007345375031190038
2026,895,0.6911800783057078,0.690726173972405,-0.00045390433330283475
2026,896,0.6806382870701803,0.6741939936109037,-0.006444293459276551
2026,897,0.6982104121209689,0.6924802624259724,-0.0057301496949965225
2026,898,0.6882161380898868,0.6878550099196747,-0.000361128170212055
2026,899,0.6994086388922605,0.6857612536977313,-0.013647385194529127
2026,900,0.6943808773083779,0.6969228234626826,0.0025419461543046973
2026,901,0.6810878030550385,0.6757945091834272,-0.00529329387161126
2026,902,0.6832410895532672,0.6857750056048182,0.002533916051550955
2026,903,0.7027369954388282,0.6942114679167515,-0.008525527522076692
2026,904,0.7008006838869723,0.6988440927402255,-0.0019565911467467334
2026,905,0.689285700903364,0.6782553124397925,-0.011030388463571517
2026,906,0.6827268705646132,0.6857724869812484,0.003045616416635144
2026,907,0.6962124805169434,0.6868273658089117,-0.009385114708031717
2026,908,0.684623874166699,0.6811574899093383,-0.0034663842573606773
2026,909,0.6921505402029753,0.6929057920650956,0.0007552518621203319
2026,910,0.6967599873603197,0.697653005465923,0.0008930181056032716
2026,911,0.6982134970748511,0.6938385552314787,-0.004374941843372393
2026,912,0.6972614878198871,0.6920306770216901,-0.005230810798196983
2026,913,0.6987587069826393,0.6866533594517957,-0.01210534753084358
2026,914,0.6929176812057702,0.687850292510982,-0.0050673886947882885
2026,915,0.6902619056424435,0.684843422143739,-0.005418483498704552
2026,916,0.6918375711988787,0.6905493275374305,-0.0012882436614481962
2026,917,0.6925813919383436,0.6975047923108311,0.0049234003724875075
2026,918,0.6854028912603926,0.6771717795107937,-0.008231111749598896
2026,919,0.6973630464004532,0.6984976283835858,0.0011345819831325432
2026,920,0.6878207587546057,0.6875064789579854,-0.00031427979662024264
2026,921,0.6927104341419805,0.6950937989656987,0.002383364823718148
2026,922,0.6863311229638248,0.6854444848915054,-0.0008866380723193679
2026,923,0.6908312869836548,0.6836883104066732,-0.007142976576981597
2026,924,0.690778550545474,0.6789745547900682,-0.011803995755405805
2026,925,0.7011315936784323,0.6950302497149121,-0.006101343963520134
2026,926,0.698831595273862,0.7040190959910184,0.005187500717156457
2026,927,0.6912534412314126,0.6890017138210867,-0.0022517274103259766
2026,928,0.6913893323001608,0.6831001982587078,-0.008289134041452928
2026,929,0.7057519980310019,0.6904652125763739,-0.015286785454627916
2026,930,0.7040298034767538,0.6926393720130959,-0.011390431463657924
2026,931,0.6832375331056422,0.6865226955241931,0.0032851624185509243
2026,932,0.6947986767395877,0.6932535443535143,-0.0015451323860734556
2026,933,0.7014048989227148,0.70084706737538,-0.0005578315473347972
2026,934,0.6962046897194737,0.6902858133677731,-0.00591887635170063
2026,935,0.6955673853056772,0.6908270115978258,-0.0047403737078514085
2026,936,0.6825298611171533,0.6803806092955091,-0.0021492518216441603
2026,937,0.681860668519936,0.6830384442799486,0.001177775760012656
2026,938,0.7093568261814027,0.699378020911299,-0.009978805270103752
2026,939,0.6922681342451671,0.6902435280281427,-0.002024606217024383
2026,940,0.6879088115807617,0.6783568666098819,-0.009551944970879744
2026,941,0.6896182397881743,0.6841807317223012,-0.005437508065873065
2026,942,0.6847489752277023,0.6771503817277142,-0.007598593499988038
2026,943,0.6849055615280016,0.6794473843944294,-0.005458177133572217
2026,944,0.7000964991277927,0.6933418305419702,-0.006754668585822521
2026,945,0.7067293793195228,0.6957089980005658,-0.011020381318956995
2026,946,0.6980809193395958,0.6926035137773605,-0.005477405562235305
2026,947,0.6885136326883239,0.6729578705867131,-0.015555762101610804
2026,948,0.6882361307153733,0.6823584086776988,-0.005877722037674449
2026,949,0.7007530800689872,0.6902082110180838,-0.01054486905090335
2026,950,0.6990452126967148,0.6882125794404224,-0.010832633256292468
2026,951,0.7016365834824358,0.6897628317613519,-0.011873751721083958
2026,952,0.6819378668899295,0.6762869071664284,-0.005650959723501159
2026,953,0.7090805580551309,0.6922198244206925,-0.016860733634438407
2026,954,0.6966004110116579,0.6923958826684318,-0.004204528343226155
2026,955,0.6916558320053884,0.6909115448384571,-0.0007442871669313122
2026,956,0.7020315509214128,0.6851491293431401,-0.01688242157827269
2026,957,0.6974919682289995,0.6839800701141882,-0.01351189811481135
2026,958,0.7000155815246941,0.6916451322034147,-0.008370449321279394
2026,959,0.7008470329451514,0.6929676390810791,-0.007879393864072326
2026,960,0.6950101211412323,0.6961032598689318,0.0010931387276995608
2026,961,0.6901772935726165,0.6817298277861452,-0.008447465786471264
2026,962,0.7031150977213559,0.7026208100398779,-0.0004942876814780783
2026,963,0.6919971984805484,0.6884797374985491,-0.003517460981999343
2026,964,0.6937337734062183,0.6835870148430845,-0.01014675856313385
2026,965,0.6874689402169032,0.6858634183049162,-0.00160552191198704
2026,966,0.6876396606763893,0.6864520370669827,-0.0011876236094066073
2026,967,0.6980141232207416,0.693748741669202,-0.00426538155153966
2026,968,0.6893431141467061,0.6876099178403615,-0.0017331963063446088
2026,969,0.6921438622349295,0.6891966399065318,-0.002947222328397725
2026,970,0.6893532985555499,0.6753783880402133,-0.013974910515336614
2026,971,0.6962729743663403,0.6892855418025201,-0.006987432563820173
2026,972,0.6877155893060674,0.6830866282192138,-0.004628961086853511
2026,973,0.6970458995548029,0.6980971086003527,0.0010512090455497836
2026,974,0.6971118688277199,0.7018547512361788,0.004742882408458882
2026,975,0.6782560397863493,0.6761023685351415,-0.0021536712512078005
2026,976,0.6894073567884177,0.684111601860919,-0.005295754927498675
2026,977,0.6830029391466788,0.6923668283604347,0.009363889213755971
2026,978,0.6977494603185159,0.697600661776822,-0.00014879854169391749
2026,979,0.6847774504657405,0.6752277749580496,-0.009549675507690814
2026,980,0.7014215653870649,0.6928105366531196,-0.008611028733945258
2026,981,0.6876069512217755,0.6859557925985872,-0.0016511586231883202
2026,982,0.6872248751119832,0.6824963208138557,-0.004728554298127463
2026,983,0.6974426349853848,0.697753749123416,0.0003111141380311988
2026,984,0.6866989686032775,0.6920205119524283,0.0053215433491508035
2026,985,0.6949151555290423,0.6954258072112034,0.000510651682161134
2026,986,0.7019170502151197,0.6897451722878787,-0.01217187792724106
2026,987,0.706705015444433,0.6956916802809661,-0.01101333516346692
2026,988,0.7040938950609984,0.6945554504579352,-0.00953844460306319
2026,989,0.6915562698932245,0.6899090184650418,-0.0016472514281826722
2026,990,0.682658514508048,0.6801581372887715,-0.0025003772192765394
2026,991,0.6950953646089175,0.685800582937467,-0.00929478167145048
2026,992,0.6979388377163127,0.6998739232358396,0.0019350855195269245
2026,993,0.7037308684446533,0.6976181925976475,-0.006112675847005811
2026,994,0.6866706713650211,0.689065087185624,0.0023944158206028465
2026,995,0.6986782522304658,0.6877457073937607,-0.010932544836705027
2026,996,0.6916377819842403,0.6853336909743886,-0.006304091009851742
2026,997,0.6976487137592222,0.6810953451098495,-0.016553368649372735
2026,998,0.6862815157437763,0.6762692039204998,-0.010012311823276443
2026,999,0.6965851900331907,0.6991129020712207,0.002527712038029928
2026,1000,0.686336545607364,0.6960879312567902,0.009751385649426236
2026,1001,0.694582852441906,0.6899233771301923,-0.004659475311713734
2026,1002,0.6907254572020562,0.6932889037495288,0.0025634465474725365
2026,1003,0.6843429037314028,0.6874818122203782,0.003138908488975356
2026,1004,0.6871871266726995,0.6794906299151322,-0.007696496757567339
2026,1005,0.6947185291060665,0.687783407707039,-0.006935121399027411
2026,1006,0.6932588642068249,0.6877654237490413,-0.00549344045778366
2026,1007,0.6954104816660291,0.6925293123580534,-0.0028811693079757728
2026,1008,0.6928526624206193,0.6957765646785411,0.002923902257921829
2026,1009,0.6886200106163768,0.6831549565820756,-0.005465054034301198
2026,1010,0.6984174439032278,0.6889086599431336,-0.009508783960094247
2026,1011,0.7046184354481893,0.6963269154570334,-0.008291519991155849
2026,1012,0.6944016165123083,0.683531524209059,-0.010870092303249201
2026,1013,0.7016061316659776,0.6940207529615972,-0.007585378704380474
2026,1014,0.693885458226988,0.6942208558997376,0.0003353976727495933
2026,1015,0.6940417039554396,0.6906033999664382,-0.0034383039890014677
2026,1016,0.6885570001976031,0.6794843781251885,-0.00907262207241466
2026,1017,0.6831154956483783,0.6821765047150044,-0.0009389909333739066
2026,1018,0.6866233318048827,0.6875114078485134,0.0008880760436307256
2026,1019,0.7056382617646412,0.6958356429498322,-0.009802618814808928
2026,1020,0.6990073847376089,0.6886804692571549,-0.010326915480454057
2026,1021,0.6923572189729101,0.6822180168491607,-0.010139202123749413
2026,1022,0.7031054294632768,0.6935183696426879,-0.009587059820588939
2026,1023,0.6964280508443146,0.6948105725833817,-0.0016174782609328364
2026,1024,0.6903793219107179,0.6866889481762245,-0.003690373734493435
2026,1025,0.6892884230557078,0.6788911196157887,-0.01039730343991907
2026,1026,0.7053961526230044,0.6932152881121052,-0.01218086451089917
2026,1027,0.6985221271025762,0.6902646894961317,-0.008257437606444484
2026,1028,0.6855685385130224,0.6745827024209421,-0.010985836092080259
2026,1029,0.6873249235312263,0.6876503035282515,0.00032537999702519915
2026,1030,0.6761116201325374,0.6761956790328079,8.405890027041174e-05
2026,1031,0.694440798558554,0.6963827156342366,0.0019419170756825865
2026,1032,0.7039856000078322,0.6978364060748938,-0.006149193932938335
2026,1033,0.691414403954812,0.6759055303432684,-0.015508873611543628
2026,1034,0.696413202532258,0.6861330841984322,-0.010280118333825805
2026,1035,0.6986691025022821,0.6868693345539449,-0.011799767948337148
2026,1036,0.6895477764162087,0.6839582892690106,-0.005589487147198091
2026,1037,0.6896561358127105,0.6773127338051916,-0.012343402007518822
2026,1038,0.692952793501286,0.6913504601203362,-0.0016023333809498386
2026,1039,0.6939529171368868,0.6891878875845489,-0.004765029552337929
2026,1040,0.6984551819860427,0.6946500000120432,-0.003805181973999483
2026,1041,0.7031094626975503,0.6967374861483202,-0.006371976549230052
2026,1042,0.6929147966506263,0.681403015299187,-0.011511781351439265
2026,1043,0.6901922687383211,0.6925832637359968,0.0023909949976756995
2026,1044,0.6895424899047748,0.6814256720877503,-0.008116817817024558
2026,1045,0.6853582792268326,0.6819408603853334,-0.0034174188414991535
2026,1046,0.6944796590986337,0.6853530653964699,-0.009126593702163843
2026,1047,0.6884508991916216,0.6848456870106823,-0.0036052121809393434
2026,1048,0.7047032873312175,0.7022022875868003,-0.0025009997444171983
2026,1049,0.6967020554269141,0.6885139691870672,-0.008188086239846903
2026,1050,0.6984917975101688,0.6943969967790088,-0.0040948007311599754
2026,1051,0.6856522897772123,0.6809590749929613,-0.004693214784250999
2026,1052,0.7007425117347168,0.6915261963277448,-0.009216315406971987
2026,1053,0.6923034046726708,0.6825834691004564,-0.0097199355722144
2026,1054,0.687588548124415,0.6800321841779424,-0.007556363946472633
2026,1055,0.6981208895817708,0.691396845957016,-0.006724043624754761
2026,1056,0.6942546649910182,0.690762764204539,-0.0034919007864792073
2026,1057,0.6942191995968635,0.6943959171336094,0.00017671753674586288
2026,1058,0.6964883901794856,0.6921516698779007,-0.00433672030158494
2026,1059,0.6817394816813246,0.6779647600426446,-0.0037747216386799787
2026,1060,0.6820663727212266,0.6819813444003554,-8.502832087120549e-05
2026,1061,0.6982778006067202,0.6846949103998079,-0.01358289020691228
2026,1062,0.6898136354642952,0.6817432481850745,-0.008070387279220714
2026,1063,0.6991964330603984,0.7023112797729335,0.0031148467125351464
2026,1064,0.7020021422339757,0.6886257133240927,-0.013376428909882998
2026,1065,0.6973066472845479,0.6884798779080035,-0.008826769376544474
2026,1066,0.6923286167157929,0.6985052880006644,0.006176671284871427
2026,1067,0.685715969441369,0.6861375172881431,0.0004215478467740619
2026,1068,0.6751823633542668,0.6670331396758011,-0.008149223678465711
2026,1069,0.7014663980411823,0.6912328317433497,-0.010233566297832564
2026,1070,0.7007713418061088,0.6859077047175741,-0.014863637088534665
2026,1071,0.6895411753725191,0.6742497710725139,-0.015291404300005196
2026,1072,0.684749696088979,0.6855999775970332,0.0008502815080542181
2026,1073,0.7049397780914346,0.6992904143920989,-0.005649363699335663
2026,1074,0.6889107655644754,0.6843556684676882,-0.004555097096787142
2026,1075,0.6860887567767775,0.6879654825284462,0.0018767257516687508
2026,1076,0.6880469782177753,0.6846610110356396,-0.003385967182135685
2026,1077,0.6942185283036844,0.686100490369872,-0.008118037933812383
2026,1078,0.683155379715845,0.6833638954046592,0.0002085156888143036
2026,1079,0.6984170464925008,0.6852347973631683,-0.013182249129332524
2026,1080,0.7004563505507683,0.6902982742271266,-0.01015807632364163
2026,1081,0.6959669750490121,0.6915875735778778,-0.004379401471134248
2026,1082,0.6970376670244447,0.6847278995906593,-0.012309767433785423
2026,1083,0.6969715119085921,0.6993354729445532,0.0023639610359611485
2026,1084,0.6950129815248545,0.6938340272456015,-0.001178954279252964
2026,1085,0.6761978475737616,0.6681113736590222,-0.008086473914739378
2026,1086,0.6933159701940588,0.7002218716938435,0.006905901499784761
2026,1087,0.6925156471925344,0.690675709951465,-0.0018399372410694559
2026,1088,0.6990002613535262,0.6966697539708018,-0.002330507382724445
2026,1089,0.6785665816221282,0.6764268710724303,-0.0021397105496979707
2026,1090,0.7041309656852328,0.6956817838528209,-0.008449181832411945
2026,1091,0.6927200090876996,0.6871959589343979,-0.005524050153301707
2026,1092,0.6901143969697677,0.6849054649504562,-0.005208932019311496
2026,1093,0.6921817360137961,0.6857206128297645,-0.006461123184031581
2026,1094,0.7104940614370354,0.7015592204131552,-0.008934841023880202
2026,1095,0.6846781125188641,0.6746489422954784,-0.010029170223385675
2026,1096,0.6938191838814877,0.6849888537848667,-0.00883033009662093
2026,1097,0.6900036446953588,0.6887816244917293,-0.0012220202036294925
2026,1098,0.6969189536561937,0.6885830640081285,-0.008335889648065198
2026,1099,0.6967993068475066,0.6940030930255763,-0.0027962138219302934
2026,1100,0.6989378718434061,0.6915213347829268,-0.007416537060479289
2026,1101,0.6996970036566114,0.6949910086119744,-0.004705995044636979
2026,1102,0.7053737048863802,0.6884725398694158,-0.01690116501696437
2026,1103,0.6953143181822706,0.6847818348405496,-0.010532483341721077
2026,1104,0.6861825651027256,0.690477020493806,0.004294455391080421
2026,1105,0.6942732422822666,0.6893407461330807,-0.004932496149185894
2026,1106,0.6936132905798443,0.6800070969662799,-0.01360619361356441
2026,1107,0.688028739897357,0.6855159548859051,-0.0025127850114519124
2026,1108,0.6833205973212164,0.6941253642542147,0.010804766932998255
2026,1109,0.703772362832469,0.6976077344857878,-0.006164628346681189
2026,1110,0.6971815335521471,0.695014820806527,-0.0021667127456200808
2026,1111,0.6955455969851676,0.6910556420697272,-0.004489954915440353
2026,1112,0.6969601935877676,0.7012498718634317,0.004289678275664066
2026,1113,0.7068008812659561,0.689668068103539,-0.017132813162417104
2026,1114,0.6920786931795051,0.6860013164551262,-0.006077376724378913
2026,1115,0.6953509214306978,0.6883840882956381,-0.006966833135059636
2026,1116,0.6977972622484988,0.6827422836348361,-0.015054978613662673
2026,1117,0.6973125795213498,0.6881920204119336,-0.009120559109416226
2026,1118,0.6920915781353225,0.680125649641371,-0.011965928493951505
2026,1119,0.6806944424995587,0.6729561083950093,-0.0077383341045493825
2026,1120,0.6936935842555257,0.6926733314037591,-0.0010202528517666565
2026,1121,0.6933785781943543,0.6908056456444525,-0.002572932549901874
2026,1122,0.6916596097286704,0.6897565966927044,-0.0019030130359659614
2026,1123,0.6919899510249057,0.6876621375749643,-0.004327813449941376
2026,1124,0.6919611315483306,0.6869644606441956,-0.0049966709041350255
2026,1125,0.6827599403980491,0.683793360549202,0.0010334201511529306
2026,1126,0.6927826974899075,0.6832719348521905,-0.009510762637716996
2026,1127,0.6866744870637448,0.6732778768835226,-0.013396610180222202
2026,1128,0.6771672260465447,0.6755452750111423,-0.0016219510354024136
2026,1129,0.6906481992311199,0.6895637441810027,-0.0010844550501171168
2026,1130,0.6764999559273275,0.682005398691906,0.005505442764578539
2026,1131,0.6999541864864801,0.7047342521324724,0.004780065645992315
2026,1132,0.6897931348155508,0.68858397321285,-0.0012091616027007923
2026,1133,0.6914059820618641,0.6864653443171269,-0.004940637744737186
2026,1134,0.6808432725621387,0.6865112692699121,0.005667996707773404
2026,1135,0.6850954901775127,0.6845627193497288,-0.0005327708277839127
2026,1136,0.6871821877436082,0.67896578782993,-0.008216399913678174
2026,1137,0.6982112995192737,0.6849767661270553,-0.013234533392218473
2026,1138,0.6998175006690962,0.6827408131482022,-0.017076687520893974
2026,1139,0.6976218870324487,0.6947066106682172,-0.0029152763642315005
2026,1140,0.6869797241856931,0.6724761888865922,-0.014503535299100867
2026,1141,0.688539589079743,0.6820829746129846,-0.006456614466758381
2026,1142,0.6950421732666306,0.6868596504440885,-0.008182522822542171
2026,1143,0.7003882876177043,0.6919490664835146,-0.008439221134189712
2026,1144,0.697219685101786,0.6909757529554342,-0.006243932146351772
2026,1145,0.6850431443487426,0.6828926438476647,-0.002150500501077901
2026,1146,0.6951400998360608,0.6918965775224009,-0.0032435223136599856
2026,1147,0.694365399006087,0.6904349430012551,-0.003930456004831884
2026,1148,0.6864688307838266,0.6761948134859117,-0.010274017297914884
2026,1149,0.6957567804481322,0.6879679252584721,-0.007788855189660104
2026,1150,0.6998686678453899,0.6918282263906914,-0.00804044145469851
2026,1151,0.6876848361970326,0.679604789336399,-0.008080046860633572
2026,1152,0.704816031842452,0.7009921172048135,-0.003823914637638537
2026,1153,0.6867779023392242,0.6832796840472968,-0.003498218291927424
2026,1154,0.7054001628582438,0.6896959562521147,-0.015704206606129145
2026,1155,0.6915815833715573,0.6902914068902903,-0.001290176481266947
2026,1156,0.6989941970559884,0.6919523030491239,-0.007041894006864502
2026,1157,0.6843045709203364,0.6821161177099555,-0.0021884532103808585
2026,1158,0.6936260980075729,0.6853552400820468,-0.008270857925526065
2026,1159,0.6866652679519292,0.6746770460792425,-0.011988221872686666
2026,1160,0.6942186637170382,0.678488577952716,-0.01573008576432222
2026,1161,0.6895431415077853,0.6903211641329632,0.0007780226251778988
2026,1162,0.6956763772929943,0.6898270041763604,-0.005849373116633805
2026,1163,0.6898826197713551,0.6906925979282437,0.0008099781568885467
2026,1164,0.6932964795677254,0.6917862486182123,-0.0015102309495131916
2026,1165,0.6804399221569433,0.687466056057495,0.007026133900551734
2026,1166,0.6954384358631047,0.6945398370514123,-0.0008985988116924082
2026,1167,0.6903682166772624,0.6794978997069624,-0.010870316970300054
2026,1168,0.6855478360482812,0.6761816358535264,-0.009366200194754759
2026,1169,0.6999436937836131,0.697692586070308,-0.002251107713305056
2026,1170,0.7021309997828494,0.681409361637802,-0.02072163814504746
2026,1171,0.6952786236737087,0.687274754095949,-0.008003869577759781
2026,1172,0.6928088290365897,0.687340237122277,-0.005468591914312704
2026,1173,0.6917308997129381,0.6936679274492452,0.0019370277363071065
2026,1174,0.6922085648709366,0.6828635830320284,-0.009344981838908195
2026,1175,0.6948783280399418,0.6867833784067114,-0.00809494963323032
2026,1176,0.7008302423427399,0.6846744012877426,-0.016155841054997344
2026,1177,0.695187300760926,0.6829246601499778,-0.012262640610948283
2026,1178,0.6803099219967823,0.6744146305348502,-0.005895291461932128
2026,1179,0.6873662136739169,0.6900947344166917,0.0027285207427747427
2026,1180,0.6961898608341199,0.688683841141073,-0.007506019693046984
2026,1181,0.6958285007899221,0.6849453551561495,-0.010883145633772573
2026,1182,0.698734470318763,0.6919809135455055,-0.0067535567732575075
2026,1183,0.7122500933912053,0.6973809529447792,-0.014869140446426066
2026,1184,0.6906046093548335,0.6776231132390294,-0.012981496115804125
2026,1185,0.6832017384424192,0.6839235487668793,0.0007218103244601703
2026,1186,0.6877076063392018,0.6790887581349572,-0.008618848204244633
2026,1187,0.6923492741318629,0.685744677671928,-0.006604596459934831
2026,1188,0.6927982008515652,0.6869209544405779,-0.005877246410987302
2026,1189,0.6907540291143994,0.684147642706564,-0.006606386407835396
2026,1190,0.7028086713739753,0.6958141589072441,-0.0069945124667312175
2026,1191,0.6950779729267905,0.6866944790337752,-0.008383493893015292
2026,1192,0.6965179106374266,0.7022040501724522,0.005686139535025614
2026,1193,0.6795245753775956,0.6844338034877897,0.004909228110194119
2026,1194,0.6990759009242862,0.6839777089911668,-0.015098191933119343
2026,1195,0.7008351306619388,0.6987338909372773,-0.0021012397246614745
2026,1196,0.6906313421664665,0.6820302642777833,-0.00860107788868314
2026,1197,0.6778360311299365,0.687050211972552,0.009214180842615494
2026,1198,0.6910711898826167,0.6872982982943784,-0.0037728915882383474
2026,1199,0.6986497040107889,0.6982422073737131,-0.0004074966370757327
2026,1200,0.6848388047214526,0.6805932661048815,-0.004245538616571176
2026,1201,0.6944738130756218,0.6963131503877061,0.0018393373120842993
2026,1202,0.700828174051304,0.6864989264660007,-0.014329247585303295
2026,1203,0.6962952347517335,0.6890884041237022,-0.007206830628031291
2026,1204,0.6873303762822474,0.6837486662872028,-0.0035817099950445908
2026,1205,0.6903484309939557,0.6921525961886832,0.0018041651947274806
2026,1206,0.6960443667029745,0.6880764532721011,-0.007967913430873441
2026,1207,0.6844616380367416,0.6803077674898541,-0.004153870546887539
2026,1208,0.6870631454500246,0.678501272112083,-0.008561873337941561
2026,1209,0.6971301639719735,0.6891797823122819,-0.00795038165969153
2026,1210,0.6787456596042905,0.6846232252791209,0.005877565674830443
2026,1211,0.6945360154854694,0.6876317722987008,-0.006904243186768633
2026,1212,0.6985952969532354,0.6934353958176456,-0.005159901135589839
2026,1213,0.6801477698893146,0.6843428727968103,0.004195102907495696
2026,1214,0.6949730253375463,0.6924764596077401,-0.002496565729806277
2026,1215,0.683264614477866,0.6890810558899781,0.005816441412112128
2026,1216,0.694691083328032,0.6946471542837722,-4.392904425976063e-05
2026,1217,0.6871531716948307,0.6811968480042072,-0.005956323690623488
2026,1218,0.7013986900147562,0.6958979067512987,-0.005500783263457487
2026,1219,0.6968568022572746,0.6795231118373972,-0.017333690419877423
2026,1220,0.6971982499289936,0.6961549355859873,-0.0010433143430063074
2026,1221,0.6935701822738012,0.6871568758402966,-0.006413306433504573
2026,1222,0.7027206768826819,0.6849891844996241,-0.017731492383057823
2026,1223,0.6850290354683078,0.6903783549729103,0.00534931950460249
2026,1224,0.696455677124128,0.6854984746399184,-0.010957202484209616
2026,1225,0.6875219921678751,0.6787430134935254,-0.008778978674349736
2026,1226,0.6873791474670308,0.6818583809686514,-0.005520766498379404
2026,1227,0.6963759004136638,0.6913737086209746,-0.005002191792689237
2026,1228,0.6901819028619463,0.6831842897295405,-0.006997613132405767
2026,1229,0.6858184397426299,0.6820445907700313,-0.0037738489725985813
2026,1230,0.7044882147015836,0.7003847403589127,-0.0041034743426708875
2026,1231,0.6819783403741697,0.6738929463414574,-0.008085394032712356
2026,1232,0.6936225233998967,0.6899496094020614,-0.0036729139978353142
2026,1233,0.7005270025215902,0.6913788258161355,-0.009148176705454647
2026,1234,0.6923244882720686,0.6793726110403508,-0.012951877231717757
2026,1235,0.6842021270955907,0.6800124639151848,-0.0041896631804059226
2026,1236,0.6914059753643893,0.6784938326173038,-0.01291214274708552
2026,1237,0.6995841739099367,0.6960041583108983,-0.003580015599038311
2026,1238,0.698507084839748,0.6875844597601429,-0.010922625079605064
2026,1239,0.6903166623907101,0.6779672947775714,-0.012349367613138651
2026,1240,0.6876848908704096,0.6763863352671833,-0.011298555603226346
2026,1241,0.6922913759741642,0.6826753442698761,-0.009616031704288153
2026,1242,0.69004308879769,0.6800445826117832,-0.009998506185906808
2026,1243,0.6988306298616477,0.7024005672307675,0.0035699373691198133
2026,1244,0.6991591418109087,0.6924796428072981,-0.006679499003610534
2026,1245,0.6929610503972428,0.6870543642717837,-0.005906686125459082
2026,1246,0.6910924855263674,0.6942728922545456,0.003180406728178209
2026,1247,0.6818504339968136,0.6753565687828945,-0.006493865213919037
2026,1248,0.6829855281877737,0.6832492941825452,0.0002637659947715143
2026,1249,0.6927360360971309,0.6897818339122992,-0.002954202184831667
2026,1250,0.6722157757160748,0.6627331940133496,-0.009482581702725201
2026,1251,0.702179356754778,0.6856300923074695,-0.01654926444730853
2026,1252,0.6977832897564393,0.6927448450425648,-0.00503844471387449
2026,1253,0.6888772779093573,0.6948302725704492,0.005952994661091893
2026,1254,0.6865451584920865,0.6865326490855155,-1.2509406571048487e-05
2026,1255,0.6911772535978586,0.6846213264782772,-0.006555927119581417
2026,1256,0.6926806324870738,0.6877149133170453,-0.004965719170028526
2026,1257,0.6941629933880633,0.6923074859256593,-0.001855507462404038
2026,1258,0.6868616769452554,0.6869966488752048,0.00013497192994949003
2026,1259,0.6833361138616993,0.6806299251991931,-0.0027061886625062703
2026,1260,0.6966694226732837,0.6914889407328989,-0.005180481940384785
2026,1261,0.6818317256765231,0.6787612460405326,-0.0030704796359904973
2026,1262,0.6804009127448971,0.6706474702122784,-0.009753442532618672
2026,1263,0.6890310181216117,0.6873595233261078,-0.0016714947955038806
2026,1264,0.6824254739885036,0.681962918870511,-0.0004625551179926468
2026,1265,0.6916803412924448,0.6862312669534798,-0.005449074338965021
2026,1266,0.7002171073233467,0.6883693737583187,-0.011847733565027996
2026,1267,0.6931860747909447,0.6854226372087712,-0.007763437582173571
2026,1268,0.6811306944747292,0.679651115033282,-0.0014795794414471652
2026,1269,0.6848168284258218,0.687658575551966,0.0028417471261441563
2026,1270,0.700903981520936,0.6986447412640697,-0.0022592402568663017
2026,1271,0.698054076301829,0.6772160610455047,-0.020838015256324338
2026,1272,0.6900209277685005,0.6902616059292752,0.00024067816077466553
2026,1273,0.6904145500327237,0.6904908952055251,7.63451728014175e-05
2026,1274,0.6951870290508084,0.6880892841952582,-0.007097744855550259
2026,1275,0.688858968938517,0.6817481287179908,-0.0071108402205261045
2026,1276,0.6961389848924902,0.6995848013162839,0.0034458164237937128
2026,1277,0.6928388703388397,0.685002317332362,-0.007836553006477676
2026,1278,0.694369488575582,0.6974129225104346,0.003043433934852624
2026,1279,0.6938042553275818,0.6952766513208402,0.0014723959932583242
2026,1280,0.7002813378042364,0.7004084009548228,0.00012706315058641504
2026,1281,0.6837213684174557,0.6828214279977253,-0.0008999404197304051
2026,1282,0.6759226574443733,0.675874131956969,-4.852548740430507e-05
2026,1283,0.686650163674466,0.6731833077276057,-0.013466855946860257
2026,1284,0.6870499702618649,0.6829012516692525,-0.004148718592612344
2026,1285,0.7086374402155302,0.7039048936672927,-0.004732546548237515
2026,1286,0.6961979747788838,0.6807835841328265,-0.015414390646057319
2026,1287,0.6972747775194864,0.6955515580709848,-0.0017232194485016228
2026,1288,0.6964884445310613,0.6914415311082938,-0.005046913422767529
2026,1289,0.6937098932049064,0.6885675549373973,-0.0051423382675090945
2026,1290,0.6781592095333407,0.6716655118101527,-0.0064936977231880855
2026,1291,0.6806033635793074,0.6823285187448982,0.001725155165590797
2026,1292,0.7050414712681278,0.6946258052684792,-0.010415665999648605
2026,1293,0.6891011086540206,0.68581542967951,-0.0032856789745105974
2026,1294,0.6820193534328699,0.673757144289264,-0.00826220914360587
2026,1295,0.6935874955662087,0.6874241983600744,-0.006163297206134288
2026,1296,0.6954488605029074,0.6861006134803849,-0.009348247022522571
2026,1297,0.6940554408388707,0.6851094907136858,-0.008945950125184954
2026,1298,0.6921105793381814,0.6977644952263637,0.005653915888182315
2026,1299,0.6924021251311673,0.6925054092086167,0.00010328407744941703
2026,1300,0.6902000557766035,0.6859673814044973,-0.004232674372106171
2026,1301,0.6947678712307334,0.68397592486235,-0.01079194636838332
2026,1302,0.6940896924321228,0.6781258142739641,-0.015963878158158695
2026,1303,0.6972706478988568,0.6815856241381256,-0.01568502376073122
2026,1304,0.6926151497252874,0.679788559669328,-0.01282659005595932
2026,1305,0.7029916101451958,0.7016223522124376,-0.0013692579327582166
2026,1306,0.6980269351314328,0.694701642302278,-0.0033252928291547246
2026,1307,0.6814535775372071,0.676253270840369,-0.005200306696838131
2026,1308,0.6836029946438988,0.6822758582443791,-0.0013271363995197571
2026,1309,0.6956309895653296,0.6834193800463062,-0.012211609519023447
2026,1310,0.6880328566079106,0.6825517425811309,-0.005481114026779643
2026,1311,0.704333147911442,0.6998818053574587,-0.004451342553983273
2026,1312,0.6981918585160314,0.6888013083400382,-0.009390550175993218
2026,1313,0.6887710143777136,0.690443601024628,0.0016725866469143869
2026,1314,0.6888274225342697,0.6841941065250728,-0.004633316009196808
2026,1315,0.6971318534359088,0.6936660245590923,-0.003465828876816457
2026,1316,0.6889344976032385,0.6780994774297809,-0.01083502017345761
2026,1317,0.6858541279483816,0.6844367535051512,-0.0014173744432304236
2026,1318,0.6930304894529447,0.6930947713107886,6.428185784390639e-05
2026,1319,0.6914836138842178,0.696464927957171,0.0049813140729532135
2026,1320,0.6861551535490653,0.6836364997313392,-0.002518653817726091
2026,1321,0.6948580015467102,0.6860706199432691,-0.008787381603441058
2026,1322,0.6856757740948716,0.6831277361171719,-0.0025480379776996465
2026,1323,0.6927859088831234,0.6896351349064327,-0.003150773976690724
2026,1324,0.6753470680824145,0.6816444634204308,0.0062973953380163206
2026,1325,0.6956762133729277,0.6966013941697775,0.0009251807968497783
2026,1326,0.7051559103821913,0.6903035908432202,-0.014852319538971037
2026,1327,0.6879076526912962,0.6896299947506365,0.0017223420593402983
2026,1328,0.6931542734852858,0.6816914209003333,-0.011462852584952499
2026,1329,0.6963207327388113,0.6816651403286367,-0.014655592410174667
2026,1330,0.7023391350942396,0.6965897593421586,-0.00574937575208101
2026,1331,0.7044589769174414,0.7063556867795977,0.0018967098621562872
2026,1332,0.6974964481044983,0.6867678312230372,-0.010728616881461095
2026,1333,0.687301704107798,0.6843373222186773,-0.0029643818891207374
2026,1334,0.6902562589803538,0.6853648263862122,-0.004891432594141598
2026,1335,0.6890850197796423,0.6879336687864808,-0.0011513509931615484
2026,1336,0.690299934581705,0.6898823391906317,-0.0004175953910733332
2026,1337,0.6881807378183177,0.6824001786192693,-0.005780559199048407
2026,1338,0.6987625245241476,0.6952235347576954,-0.003538989766452172
2026,1339,0.6898759503785942,0.6769691926990693,-0.012906757679524872
2026,1340,0.6951758376984019,0.6873027493692515,-0.007873088329150346
2026,1341,0.6886158209563786,0.6838868180728311,-0.004729002883547495
2026,1342,0.7023593396587398,0.6877905683492411,-0.01456877130949863
2026,1343,0.692427063178485,0.689699814016422,-0.002727249162063017
2026,1344,0.6934137516744704,0.68516959088517,-0.008244160789300348
2026,1345,0.6982302830699594,0.6872905711356777,-0.01093971193428167
2026,1346,0.6901009548548904,0.682215062383309,-0.007885892471581446
2026,1347,0.6851240491616586,0.689738753598775,0.004614704437116424
2026,1348,0.7000921708018242,0.6807084146818265,-0.019383756119997653
2026,1349,0.6885655457669094,0.6765085131970422,-0.012057032569867232
2026,1350,0.7038354922780204,0.7039826096772346,0.00014711739921413614
2026,1351,0.7017418635871617,0.6907434025716009,-0.01099846101556079
2026,1352,0.6904412363728709,0.6909154412592015,0.0004742048863305426
2026,1353,0.6858645000865655,0.6714169270731115,-0.014447573013454007
2026,1354,0.7011035071024311,0.6979193054085298,-0.003184201693901323
2026,1355,0.6927224773344381,0.685678548330696,-0.0070439290037421776
2026,1356,0.7006756091996506,0.6925640205020069,-0.008111588697643612
2026,1357,0.6784518530087984,0.6775511956520771,-0.0009006573567212905
2026,1358,0.700122141321956,0.7023410172126651,0.0022188758907090156
2026,1359,0.6905957873271837,0.688909673157246,-0.0016861141699376914
2026,1360,0.6961477097027728,0.6920785042829367,-0.0040692054198361305
2026,1361,0.6919408030417633,0.6894624829272085,-0.002478320114554844
2026,1362,0.6910032057461456,0.6943381072734454,0.0033349015272997606
2026,1363,0.6903369848515493,0.6902002245430237,-0.0001367603085256075
2026,1364,0.6982767543213757,0.6943401240898952,-0.003936630231480498
2026,1365,0.6932286991353658,0.6948974281560995,0.0016687290207336725
2026,1366,0.6921994974738469,0.6964013985487312,0.004201901074884273
2026,1367,0.6916551298656249,0.689757517265263,-0.0018976126003619198
2026,1368,0.689396096211204,0.6798088042035866,-0.009587292007617432
2026,1369,0.6839253679718702,0.6837187323957844,-0.00020663557608580074
2026,1370,0.6976534405764214,0.6938556787655291,-0.0037977618108923084
2026,1371,0.6954451814694524,0.6818443075912043,-0.013600873878248154
2026,1372,0.6902779681020601,0.6883022924881727,-0.001975675613887451
2026,1373,0.6901500515613181,0.6854247853664323,-0.004725266194885891
2026,1374,0.6985890926907798,0.6969168080869117,-0.001672284603868146
2026,1375,0.6875765341238143,0.6786063225094532,-0.008970211614361068
2026,1376,0.6945521659280993,0.6913805656474679,-0.003171600280631459
2026,1377,0.6923118426998318,0.6865176854881399,-0.005794157211691964
2026,1378,0.6857159582912563,0.681274992873542,-0.0044409654177143265
2026,1379,0.7013137032469895,0.6962150367772657,-0.005098666469723789
2026,1380,0.6935367909534058,0.6962926094415423,0.002755818488136441
2026,1381,0.7040043811822867,0.7039179905827017,-8.639059958504003e-05
2026,1382,0.7012330761127268,0.6961903966442352,-0.005042679468491573
2026,1383,0.6987109053267184,0.6914216842762113,-0.007289221050507111
2026,1384,0.6952319315619863,0.685155175658078,-0.010076755903908219
2026,1385,0.6811538233051111,0.6841857632311318,0.003031939926020688
2026,1386,0.6880798612024661,0.6841866748397385,-0.0038931863627276186
2026,1387,0.6794954973752547,0.6797549748003252,0.00025947742507048677
2026,1388,0.6965192946488242,0.6906644435096291,-0.00585485113919515
2026,1389,0.6940711404543802,0.69118879612093,-0.0028823443334502485
2026,1390,0.6995029951013625,0.6915064830521122,-0.007996512049250337
2026,1391,0.6962394343944027,0.6970941745436711,0.0008547401492683404
2026,1392,0.6915366523517249,0.6903572404023102,-0.0011794119494147326
2026,1393,0.6913074316895805,0.6843482684588116,-0.00695916323076895
2026,1394,0.6896035627237082,0.6835934784650213,-0.006010084258686876
2026,1395,0.6936865781560939,0.6856765111260326,-0.008010067030061352
2026,1396,0.6863821326508545,0.6765938512618088,-0.009788281389045639
2026,1397,0.6978670473307389,0.6899592399298019,-0.007907807400936995
2026,1398,0.6982959711261656,0.6986099438899548,0.00031397276378919425
2026,1399,0.6974290676993498,0.6971865918183424,-0.0002424758810073424
2026,1400,0.6807098806868329,0.6760374111826619,-0.004672469504170995
2026,1401,0.6931135239003974,0.6911409221502566,-0.001972601750140801
2026,1402,0.6967819265805444,0.6951416230583602,-0.0016403035221841389
2026,1403,0.681122918536351,0.6848409109792792,0.003717992442928253
2026,1404,0.7023684700444588,0.6857322709984155,-0.0166361990460433
2026,1405,0.7033533004502643,0.6948180856584434,-0.008535214791820955
2026,1406,0.6893947349342847,0.6792577416591395,-0.010136993275145167
2026,1407,0.6966089234598918,0.6968714968903953,0.0002625734305035099
2026,1408,0.6894763900371187,0.6865918099452134,-0.0028845800919052866
2026,1409,0.6954609573031557,0.6820905973288547,-0.013370359974301027
2026,1410,0.6855319789655878,0.6753074895311227,-0.010224489434465078
2026,1411,0.6955309142986504,0.6870815717992693,-0.008449342499381118
2026,1412,0.6749657939177103,0.6781176580033117,0.003151864085601419
2026,1413,0.6850098717573396,0.6771981663950231,-0.007811705362316568
2026,1414,0.69469167339542,0.6877184285285145,-0.006973244866905537
2026,1415,0.6963685328328005,0.7023088843698784,0.005940351537077837
2026,1416,0.6813276193488158,0.6758624766938965,-0.005465142654919264
2026,1417,0.6908659297162649,0.690779217009101,-8.67127071638718e-05
2026,1418,0.689054057700632,0.682952676028938,-0.0061013816716939395
2026,1419,0.6995687369934871,0.6869004034766064,-0.012668333516880681
2026,1420,0.6767740554443663,0.671516540523466,-0.005257514920900319
2026,1421,0.6816439376961168,0.6855445609678419,0.0039006232717251343
2026,1422,0.7018152965912434,0.692582908119934,-0.009232388471309472
2026,1423,0.6944594536041422,0.6896728204844517,-0.00478663311969052
2026,1424,0.6905005558816135,0.6934273117661642,0.0029267558845507136
2026,1425,0.6964971525637252,0.6932393339967424,-0.0032578185669828175
2026,1426,0.6857530200243651,0.6782871933758878,-0.007465826648477281
2026,1427,0.682590965217643,0.6810183350694896,-0.0015726301481533422
2026,1428,0.688801441448567,0.6911813942132861,0.002379952764719029
2026,1429,0.6923456580662705,0.6815775382192286,-0.010768119847041846
2026,1430,0.6896566002957684,0.6884908307026565,-0.0011657695931118761
2026,1431,0.6835405145013519,0.6850772789123113,0.0015367644109594014
2026,1432,0.6954996436876109,0.6840234493861574,-0.011476194301453413
2026,1433,0.6947222003833027,0.6916660597223294,-0.003056140660973261
2026,1434,0.6966915302564806,0.6813585685707128,-0.01533296168576781
2026,1435,0.689907828849514,0.6873016935172186,-0.0026061353322953673
2026,1436,0.6868158063788414,0.6868171166996342,1.3103207927578353e-06
2026,1437,0.7024791134794854,0.6860305824826317,-0.016448530996853727
2026,1438,0.7049853704104061,0.7013880163304673,-0.003597354079938775
2026,1439,0.6995438117048076,0.6862594218964828,-0.013284389808324804
2026,1440,0.6940334068381857,0.6889914258477581,-0.00504198099042763
2026,1441,0.6836220008665282,0.6870207532610533,0.0033987523945250286
2026,1442,0.6863237121092431,0.6942087288899298,0.007885016780686649
2026,1443,0.6821108679870466,0.6827592646709636,0.0006483966839170296
2026,1444,0.6977033996611186,0.6890238509563599,-0.008679548704758733
2026,1445,0.6847480622394675,0.6719390249837673,-0.01280903725570015
2026,1446,0.6984437253891144,0.6892156923934887,-0.00922803299562569
2026,1447,0.694114340960059,0.6815708764245292,-0.012543464535529791
2026,1448,0.6960673801998798,0.6916452412699576,-0.004422138929922159
2026,1449,0.6826286527085286,0.6784811917562996,-0.004147460952228954
2026,1450,0.700174606712155,0.6863199246800957,-0.013854682032059307
2026,1451,0.7091457158667387,0.6997666815201578,-0.009379034346580939
2026,1452,0.6908587494045412,0.6905886957880912,-0.00027005361644993897
2026,1453,0.6851314362227012,0.6856738170025884,0.0005423807798872193
2026,1454,0.6935956938263459,0.6886475499432563,-0.004948143883089617
2026,1455,0.6944680789364803,0.6945743395617471,0.00010626062526675195
2026,1456,0.688523428968659,0.6937002557206049,0.005176826751945862
2026,1457,0.6959292459956711,0.6863993172884648,-0.009529928707206259
2026,1458,0.6900585573366603,0.6887283334072813,-0.001330223929378982
2026,1459,0.6966431486569686,0.6967092826483784,6.613399140975584e-05
2026,1460,0.6983286068143791,0.6759305753337674,-0.022398031480611702
2026,1461,0.6893640554637206,0.6884824561926954,-0.0008815992710251574
2026,1462,0.696362544316408,0.6963905002094355,2.7955893027509227e-05
2026,1463,0.6921130956628085,0.6913065418896003,-0.0008065537732082628
2026,1464,0.6822570623582478,0.6837174537653277,0.0014603914070798751
2026,1465,0.6919677072642746,0.6747337071468985,-0.01723400011737608
2026,1466,0.6970859389413591,0.6785374317960579,-0.018548507145301207
2026,1467,0.6877754154848466,0.6836165591387027,-0.00415885634614388
2026,1468,0.6934365793301028,0.6826045492496644,-0.010832030080438426
2026,1469,0.6904036148206318,0.6885493593856826,-0.0018542554349492146
2026,1470,0.6879038847260833,0.6785465670878248,-0.009357317638258533
2026,1471,0.6954141294779485,0.6745588925504795,-0.020855236927468934
2026,1472,0.6983941186775786,0.6892066059482694,-0.009187512729309177
2026,1473,0.6911488887342041,0.6731828144286418,-0.017966074305562296
2026,1474,0.6963686250666519,0.6922345594206136,-0.004134065646038243
2026,1475,0.6975236670669174,0.6898534014613127,-0.007670265605604687
2026,1476,0.6978997965355326,0.6837465121920246,-0.014153284343507933
2026,1477,0.69864251866806,0.6930401899822953,-0.0056023286857647125
2026,1478,0.6872093753242172,0.6709092444772503,-0.01630013084696691
2026,1479,0.6998544651162016,0.6936658672146536,-0.006188597901548021
2026,1480,0.691068348568233,0.6898437962713149,-0.001224552296918091
2026,1481,0.697884375704009,0.6899774163611774,-0.007906959342831588
2026,1482,0.683820402860291,0.6865874253028494,0.002767022442558442
2026,1483,0.6977573036060533,0.6890041702480898,-0.00875313335796346
2026,1484,0.6882637984644179,0.6858046078197453,-0.002459190644672593
2026,1485,0.6930374414343622,0.6879102523845607,-0.005127189049801473
2026,1486,0.6889868928178907,0.6903608781342779,0.0013739853163872162
2026,1487,0.6980193345312988,0.6813807012311479,-0.016638633300150918
2026,1488,0.6883854195567894,0.6784697074494885,-0.009915712107300911
2026,1489,0.6876481274019579,0.6841251268192663,-0.0035230005826916155
2026,1490,0.697014861544925,0.6937358943784878,-0.0032789671664371633
2026,1491,0.7004644361867116,0.6997214306148839,-0.0007430055718277151
2026,1492,0.6828667570938513,0.6765042093183529,-0.006362547775498384
2026,1493,0.6921986877732991,0.692752915452356,0.0005542276790568845
2026,1494,0.689266145796506,0.6790437994834977,-0.010222346313008335
2026,1495,0.6840719255762228,0.6758242587384942,-0.008247666837728596
2026,1496,0.699528966127335,0.6959530659275532,-0.003575900199781712
2026,1497,0.6880450648956556,0.6804744865120071,-0.007570578383648496
2026,1498,0.6902240754361083,0.6804670835636519,-0.009756991872456378
2026,1499,0.6938569959787206,0.6895944061173116,-0.0042625898614090385
2026,1500,0.6846116841671586,0.6773311673158766,-0.0072805168512819485
2026,1501,0.6920330358588879,0.684303158297486,-0.0077298775614018655
2026,1502,0.6896964652058835,0.6845540933413274,-0.005142371864556017
2026,1503,0.6920840656385558,0.6976717452498158,0.005587679611259944
2026,1504,0.7031168107209778,0.6967012441982983,-0.0064155665226794945
2026,1505,0.6857500097555604,0.6771414164198122,-0.00860859333574826
2026,1506,0.6953452101071302,0.6877960868772737,-0.007549123229856569
2026,1507,0.6933002909747015,0.686598946427228,-0.006701344547473509
2026,1508,0.7005567835385602,0.6977185364604772,-0.0028382470780830005
2026,1509,0.7019347515025125,0.6946757960041395,-0.007258955498372965
2026,1510,0.6998411736622776,0.6960784903823949,-0.003762683279882717
2026,1511,0.7003180872937449,0.6925148667106124,-0.007803220583132542
2026,1512,0.7052965532275393,0.6952694455506971,-0.010027107676842117
2026,1513,0.6855324522089342,0.6861806963685229,0.0006482441595886401
2026,1514,0.6818307920580731,0.6880662486788058,0.006235456620732771
2026,1515,0.6974402901983487,0.6854144226071799,-0.01202586759116886
2026,1516,0.6919243442011673,0.6956238240213735,0.0036994798202061308
2026,1517,0.6940772331165725,0.6869358343355483,-0.007141398781024266
2026,1518,0.6994399125204556,0.6936539342040372,-0.005785978316418361
2026,1519,0.6935161029495104,0.6928040761159593,-0.0007120268335510938
2026,1520,0.6961247437443553,0.6953034776117234,-0.0008212661326318926
2026,1521,0.6909867635412374,0.6819550363371507,-0.009031727204086737
2026,1522,0.698521523795909,0.6887498856602688,-0.009771638135640193
2026,1523,0.7027425556987207,0.692639630158196,-0.010102925540524721
2026,1524,0.6954601612618154,0.6904999817485944,-0.00496017951322103
2026,1525,0.688730577294443,0.686288364540673,-0.00244221275376999
2026,1526,0.6924197807258703,0.6872688563085555,-0.005150924417314795
2026,1527,0.6859935872742979,0.6838082774056617,-0.002185309868636187
2026,1528,0.6841516203633347,0.679386388673001,-0.0047652316903336045
2026,1529,0.6899274996884661,0.6860310358183153,-0.003896463870150857
2026,1530,0.6830962174256097,0.6784628712491071,-0.004633346176502573
2026,1531,0.7011684316248764,0.6942262391154399,-0.006942192509436507
2026,1532,0.6973444585893266,0.6767900268859361,-0.02055443170339044
2026,1533,0.6922859700024127,0.6858693138467968,-0.006416656155615819
2026,1534,0.7057129463449396,0.6877136999368382,-0.017999246408101466
2026,1535,0.6965311997192682,0.6885087919196944,-0.00802240779957386
2026,1536,0.6928463589856944,0.6834676130755677,-0.009378745910126662
2026,1537,0.689590364772976,0.6882236083408846,-0.0013667564320913872
2026,1538,0.6796878010794265,0.681818982630356,0.0021311815509295062
2026,1539,0.6942970170997492,0.6856128777099366,-0.008684139389812606
2026,1540,0.6942148935508852,0.6883543365732465,-0.0058605569776386535
2026,1541,0.7059611975828732,0.6954455471520026,-0.01051565043087066
2026,1542,0.6918882883497234,0.6918718249768807,-1.6463372842667745e-05
2026,1543,0.6879512981698082,0.6876873981962134,-0.00026389997359477224
2026,1544,0.6941066318197033,0.6929878816426589,-0.0011187501770444364
2026,1545,0.6750970560885413,0.6689365490440073,-0.006160507044533969
2026,1546,0.7066713456537023,0.6992949167515639,-0.00737642890213841
2026,1547,0.6889932972146532,0.6812694351661106,-0.007723862048542585
2026,1548,0.6895865790838561,0.6877426606213022,-0.0018439184625539395
2026,1549,0.693448157461988,0.6904773019515199,-0.002970855510468051
2026,1550,0.6904223227756495,0.6907788149833518,0.00035649220770228585
2026,1551,0.6803216055154907,0.6889487558149244,0.008627150299433728
2026,1552,0.6908970202502754,0.6866582096887452,-0.004238810561530193
2026,1553,0.7017200079410961,0.6862543804440506,-0.015465627497045498
2026,1554,0.6891563470817876,0.6784875825818875,-0.010668764499900174
2026,1555,0.6926831420566546,0.6777062909163165,-0.014976851140338088
2026,1556,0.6852884021747455,0.6785642794430822,-0.00672412273166334
2026,1557,0.707622263146308,0.6955244558428089,-0.012097807303499186
2026,1558,0.6877183345295108,0.6827922218443163,-0.004926112685194495
2026,1559,0.6936531003492794,0.6850453869498087,-0.008607713399470751
2026,1560,0.6816991477124451,0.6779775086408123,-0.0037216390716328096
2026,1561,0.6930919328657913,0.6830033576511481,-0.010088575214643236
2026,1562,0.7063891822429266,0.7012654493032691,-0.00512373293965751
2026,1563,0.7004850663708269,0.6905346788236275,-0.009950387547199346
2026,1564,0.6806045019838576,0.6775577129584629,-0.0030467890253946806
2026,1565,0.6824382508371497,0.6869086660227746,0.004470415185624854
2026,1566,0.6902646958848215,0.6907783502826352,0.0005136543978137009
2026,1567,0.6854512460233863,0.691326702055852,0.005875456032465753
2026,1568,0.70046284587189,0.6970024986816383,-0.003460347190251678
2026,1569,0.6928084839724467,0.6857432496216918,-0.007065234350754901
2026,1570,0.7074600419821283,0.6981289069845679,-0.009331134997560442
2026,1571,0.6892253452716707,0.678315045450056,-0.010910299821614622
2026,1572,0.697413347392654,0.6952820519213654,-0.0021312954712886523
2026,1573,0.6782460549469255,0.6765856575256295,-0.0016603974212959782
2026,1574,0.6866963578763718,0.6745830484721904,-0.012113309404181427
2026,1575,0.6964158434234606,0.6810563507109101,-0.015359492712550549
2026,1576,0.7045062953573834,0.6932251208188445,-0.01128117453853894
2026,1577,0.7138365844464987,0.7070330943244212,-0.006803490122077482
2026,1578,0.6886677888035336,0.6911327762539005,0.002464987450366829
2026,1579,0.6936540918919727,0.6890953347163221,-0.004558757175650574
2026,1580,0.6683685249533435,0.6654927194487477,-0.002875805504595874
2026,1581,0.6920354146069317,0.6950678412687634,0.0030324266618316775
2026,1582,0.6873590133530461,0.687328376274161,-3.063707888506517e-05
2026,1583,0.6891294053956031,0.6781112890647627,-0.011018116330840377
2026,1584,0.6929042611176283,0.6829993849463782,-0.009904876171250021
2026,1585,0.6912104272413244,0.6881997438937355,-0.003010683347588916
2026,1586,0.7018185434986051,0.692445968966095,-0.009372574532510058
2026,1587,0.6902979239778857,0.6847195034085445,-0.005578420569341214
2026,1588,0.6916933039834247,0.6837094709343847,-0.007983833049039935
2026,1589,0.7085271139725331,0.7017254665472918,-0.006801647425241253
2026,1590,0.698409858918721,0.6854764663790288,-0.012933392539692168
2026,1591,0.6978162229104805,0.6868389512356224,-0.010977271674858069
2026,1592,0.6771329574980494,0.6805922642451956,0.003459306747146229
2026,1593,0.7026918206277609,0.6982685427644559,-0.004423277863304986
2026,1594,0.6857530324568312,0.6919090093450776,0.006155976888246428
2026,1595,0.7039780976763421,0.6840134004917917,-0.019964697184550406
2026,1596,0.7007150030261571,0.7021108824491735,0.001395879423016444
2026,1597,0.6934599514025728,0.6856628277796453,-0.007797123622927504
2026,1598,0.6922059856128956,0.6931065898393791,0.0009006042264835257
2026,1599,0.6939300138556442,0.6787464625823856,-0.015183551273258655
2026,1600,0.6860002124391723,0.6772367435976072,-0.008763468841565092
2026,1601,0.7016820602650583,0.6945700591194577,-0.007112001145600622
2026,1602,0.696414204442734,0.6869530390026242,-0.009461165440109887
2026,1603,0.687922339747192,0.6784657989218685,-0.009456540825323434
2026,1604,0.6893146478548178,0.6915876621729137,0.0022730143180959006
2026,1605,0.7020533535324283,0.6864599320572731,-0.01559342147515519
2026,1606,0.6936502348256481,0.6856800024302461,-0.007970232395402066
2026,1607,0.6946755050308766,0.6832593083300279,-0.011416196700848702
2026,1608,0.7046373539196675,0.686400499679757,-0.018236854239910505
2026,1609,0.6962054267942067,0.6948313043697333,-0.001374122424473434
2026,1610,0.6946012897450446,0.6837664582728434,-0.010834831472201212
2026,1611,0.6898992799314171,0.678226597686457,-0.011672682244960098
2026,1612,0.6894737415042451,0.677603668971596,-0.011870072532649156
2026,1613,0.6843095901502005,0.6817540099157433,-0.002555580234457233
2026,1614,0.6897398634482331,0.6793789757324076,-0.01036088771582555
2026,1615,0.6892870458857623,0.6824598451642501,-0.006827200721512217
2026,1616,0.695817751765142,0.6934441781077141,-0.002373573657427963
2026,1617,0.698527623243616,0.6927086624215884,-0.005818960822027597
2026,1618,0.6823590828003014,0.6738953821737104,-0.008463700626591075
2026,1619,0.6925355784313902,0.6866132779384929,-0.0059223004928973255
2026,1620,0.6875514191829237,0.68051632032385,-0.0070350988590737185
2026,1621,0.6944318918741305,0.6921597244280713,-0.002272167446059181
2026,1622,0.6880599669630216,0.6877512926467286,-0.00030867431629300057
2026,1623,0.6917284650900579,0.6887140657624684,-0.003014399327589512
2026,1624,0.6979559040656811,0.6789567341000183,-0.018999169965662754
2026,1625,0.7079364911049075,0.6913911876661281,-0.01654530343877947
2026,1626,0.6880143931705779,0.6740430489101322,-0.013971344260445662
2026,1627,0.6941304882031711,0.685367152140027,-0.008763336063144167
2026,1628,0.7034259679814702,0.6871015812102044,-0.016324386771265798
2026,1629,0.6856101913249281,0.6882601554357719,0.0026499641108438388
2026,1630,0.6987888217152519,0.6902619707940596,-0.00852685092119232
2026,1631,0.6965692211308727,0.6805320989955913,-0.016037122135281412
2026,1632,0.6916140911567424,0.6960676540840836,0.004453562927341115
2026,1633,0.7011961621939413,0.695268896143421,-0.005927266050520297
2026,1634,0.6862383947484199,0.683731712015152,-0.0025066827332678177
2026,1635,0.6850268786400247,0.6754684502489323,-0.009558428391092333
2026,1636,0.695402893610152,0.6960153299464344,0.0006124363362824958
2026,1637,0.7070956095074892,0.6978694783142199,-0.009226131193269316
2026,1638,0.6951142473578721,0.6904261653928775,-0.004688081964994595
2026,1639,0.692595246237018,0.698344956399843,0.005749710162824995
2026,1640,0.6834506549308996,0.681879138601768,-0.0015715163291316614
2026,1641,0.6960143941320953,0.6964500177653229,0.0004356236332275776
2026,1642,0.6760759054758032,0.6796573509430959,0.0035814454672926654
2026,1643,0.6857696206954602,0.6797053215724682,-0.006064299122992001
2026,1644,0.692289859575665,0.6906035405107387,-0.0016863190649263338
2026,1645,0.7018206562849028,0.6996165101894627,-0.0022041460954400627
2026,1646,0.6995161654044606,0.6920747472414228,-0.007441418163037783
2026,1647,0.7014261563569597,0.686317005033576,-0.015109151323383752
2026,1648,0.6957974796229114,0.6860647043240341,-0.009732775298877283
2026,1649,0.6959625399860176,0.6946647230649838,-0.001297816921033812
2026,1650,0.6915841888488197,0.6922823162847862,0.0006981274359665335
2026,1651,0.6964519923616996,0.6951736855617354,-0.0012783067999642128
2026,1652,0.6883703253175752,0.6843571446336296,-0.0040131806839456274
2026,1653,0.703614392382759,0.6910611428221511,-0.012553249560607882
2026,1654,0.7042011661019618,0.6943455856034484,-0.009855580498513428
2026,1655,0.6989457913299313,0.6936386586048141,-0.005307132725117181
2026,1656,0.6912502712474702,0.6851716623003273,-0.0060786089471428495
2026,1657,0.7006180030568601,0.6920769672199518,-0.00854103583690824
2026,1658,0.7052745161899272,0.6988958214877885,-0.006378694702138699
2026,1659,0.6822956025860785,0.6766621661666217,-0.005633436419456794
2026,1660,0.6898032529642741,0.6860090132657719,-0.003794239698502233
2026,1661,0.6946890534035874,0.6814760374401968,-0.01321301596339064
2026,1662,0.6941822934483279,0.6907691662371674,-0.0034131272111604938
2026,1663,0.6920688976435534,0.6772760448925361,-0.014792852751017271
2026,1664,0.6935897742259185,0.6903973162026658,-0.003192458023252742
2026,1665,0.6992733507670165,0.6775341450688307,-0.02173920569818577
2026,1666,0.695629648798838,0.6911682390372271,-0.004461409761610913
2026,1667,0.6939583611292472,0.694491541021167,0.0005331798919196995
2026,1668,0.7010338631337049,0.6925427161159425,-0.008491147017762324
2026,1669,0.7078920709528993,0.6989393068984087,-0.008952764054490636
2026,1670,0.6891529904721823,0.6862198557519462,-0.0029331347202360414
2026,1671,0.6905711420016811,0.6753178626418146,-0.015253279359866534
2026,1672,0.6895043887286906,0.6770530526095355,-0.012451336119155054
2026,1673,0.7010954315971822,0.6979746947284275,-0.003120736868754692
2026,1674,0.696758419494989,0.6957950762036899,-0.0009633432912991013
2026,1675,0.694906923578436,0.6920031052897115,-0.0029038182887244357
2026,1676,0.6824500017567048,0.6870139893490732,0.004563987592368424
2026,1677,0.6887604874036887,0.6898446226237118,0.0010841352200231524
2026,1678,0.6982747703394958,0.6923777564181152,-0.005897013921380645
2026,1679,0.6855500613938313,0.6771025034614566,-0.008447557932374727
2026,1680,0.6877254767423997,0.6924178557339544,0.004692378991554724
2026,1681,0.6909899200665669,0.6861538252302737,-0.004836094836293214
2026,1682,0.7037981255714677,0.6921684027636968,-0.01162972280777086
2026,1683,0.6995271575304358,0.7033869149864529,0.0038597574560170766
2026,1684,0.6864302788915638,0.690040267903377,0.003609989011813197
2026,1685,0.6928981388572322,0.6949504345189255,0.002052295661693293
2026,1686,0.6901785002109775,0.6798072721253443,-0.010371228085633177
2026,1687,0.695947820135109,0.6921195182417826,-0.0038283018933263913
2026,1688,0.6924032908975906,0.6811129425918442,-0.011290348305746378
2026,1689,0.6963722640835883,0.6876350318459092,-0.008737232237679082
2026,1690,0.6995806257690937,0.6971182450479092,-0.0024623807211845428
2026,1691,0.7039274941588862,0.6910756697975398,-0.012851824361346464
2026,1692,0.6900807971055678,0.6890462801366464,-0.0010345169689214284
2026,1693,0.6962596667747764,0.695345695945405,-0.0009139708293713911
2026,1694,0.6968534068066663,0.6881885310799574,-0.008664875726708932
2026,1695,0.7038880155076787,0.6944423433898881,-0.009445672117790571
2026,1696,0.6987188820162964,0.6976889999979414,-0.0010298820183549662
2026,1697,0.6895759564070468,0.6789498122846449,-0.010626144122401926
2026,1698,0.6954864129389144,0.6933869447077519,-0.0020994682311625823
2026,1699,0.6864896139154144,0.6768170832539722,-0.009672530661442247
2026,1700,0.6909964758090525,0.6863441342571576,-0.0046523415518949784
2026,1701,0.6957182421026764,0.6798095147421694,-0.01590872736050697
2026,1702,0.6907987579167489,0.6913380759513618,0.0005393180346128235
2026,1703,0.6944813506950926,0.6865091891291485,-0.007972161565944158
2026,1704,0.6859515986012982,0.6708567719496362,-0.015094826651661952
2026,1705,0.6860359351909073,0.6879979288914401,0.001961993700532738
2026,1706,0.6902882010217704,0.6886490575004154,-0.0016391435213549688
2026,1707,0.7052659932408908,0.6901796529960244,-0.015086340244866436
2026,1708,0.6957168885545537,0.6898010007188617,-0.005915887835691969
2026,1709,0.6816934919698255,0.6866683363922705,0.004974844422445002
2026,1710,0.6941778212331453,0.6910875465982651,-0.003090274634880208
2026,1711,0.7024883215067613,0.6958146493299678,-0.006673672176793488
2026,1712,0.6932718041310407,0.7017925605586897,0.008520756427648934
2026,1713,0.695569356312251,0.6936555863178417,-0.0019137699944092867
2026,1714,0.7043312236276653,0.6991012933735121,-0.005229930254153192
2026,1715,0.6922907835835727,0.6798059329882524,-0.01248485059532023
2026,1716,0.7069125656143604,0.7014931875731611,-0.0054193780411992964
2026,1717,0.6871226957270996,0.6807088568090298,-0.006413838918069792
2026,1718,0.7028279802084847,0.6859573236247822,-0.01687065658370246
2026,1719,0.701359694477947,0.6986728146627604,-0.0026868798151865603
2026,1720,0.697137841462558,0.6869539803155527,-0.010183861147005313
2026,1721,0.7080811579010269,0.7004554538684954,-0.007625704032531488
2026,1722,0.6969498023765379,0.6952606408676157,-0.0016891615089221768
2026,1723,0.7092871506509912,0.6936183828511386,-0.0156687677998526
2026,1724,0.6920606559709108,0.6745275443650052,-0.01753311160590565
2026,1725,0.693783782118462,0.697949650671999,0.0041658685535369555
2026,1726,0.6962768169991277,0.6972429762319835,0.0009661592328558122
2026,1727,0.7031002389635901,0.7024312533814088,-0.000668985582181314
2026,1728,0.6904958084854895,0.6828050100113943,-0.007690798474095262
2026,1729,0.6982472147893629,0.692757624336349,-0.005489590453013893
2026,1730,0.7097411245588774,0.702599376213648,-0.007141748345229404
2026,1731,0.6838007164445187,0.6813436586150794,-0.0024570578294392798
2026,1732,0.6818140129651917,0.6762048458161876,-0.005609167149004168
2026,1733,0.7018928923024541,0.6849166597459697,-0.016976232556484394
2026,1734,0.693185460554298,0.6872840773266589,-0.005901383227639112
2026,1735,0.685406546799184,0.6861804234369707,0.000773876637786719
2026,1736,0.6968033876100074,0.6863248565745803,-0.010478531035427063
2026,1737,0.6895343292242638,0.6750479087014707,-0.014486420522793142
2026,1738,0.6884652613702306,0.6899723651322653,0.0015071037620347782
2026,1739,0.6907422067727451,0.69052913443492,-0.00021307233782508206
2026,1740,0.7013630297625238,0.6860109222143538,-0.015352107548170069
2026,1741,0.700898994761044,0.6990196976187317,-0.001879297142312275
2026,1742,0.6895510197999779,0.6861785738024029,-0.0033724459975750243
2026,1743,0.6873247504330295,0.6842725396599318,-0.0030522107730976966
2026,1744,0.7026814969345625,0.6959996639845598,-0.006681832950002686
2026,1745,0.6938402117154092,0.6853801046996533,-0.008460107015755947
2026,1746,0.6905540876510341,0.6742323561931698,-0.016321731457864308
2026,1747,0.7067912077372637,0.7002824540748608,-0.0065087536624028886
2026,1748,0.6982951265692496,0.6898406098170804,-0.008454516752169239
2026,1749,0.6778845218540284,0.6719506379468955,-0.0059338839071328975
2026,1750,0.676500647097274,0.6807493197728485,0.004248672675574494
2026,1751,0.6940306804935648,0.6831558755629898,-0.01087480493057491
2026,1752,0.6878164875019652,0.6833061840822281,-0.004510303419737127
2026,1753,0.7016622952605316,0.697131164126102,-0.0045311311344296
2026,1754,0.6836055477052652,0.6863702357215589,0.0027646880162937038
2026,1755,0.6932751708462739,0.6938848996532443,0.000609728806970411
2026,1756,0.7046523747983853,0.6933973076738188,-0.011255067124566476
2026,1757,0.6885776918385484,0.6817706634675806,-0.006807028370967805
2026,1758,0.6761449794589172,0.6721355355998612,-0.004009443859055994
2026,1759,0.7018643482186282,0.6908916633344421,-0.010972684884186124
2026,1760,0.6981905371848615,0.6964005046694084,-0.001790032515453066
2026,1761,0.6901747649572243,0.6854575383009127,-0.0047172266563115794
2026,1762,0.6885598404640824,0.6907629277666553,0.0022030873025729036
2026,1763,0.6945188510483024,0.6851832034277372,-0.009335647620565157
2026,1764,0.6852000959404538,0.6766637932332293,-0.008536302707224497
2026,1765,0.6925925627406725,0.6907035484454618,-0.0018890142952107114
2026,1766,0.6902956509676429,0.682610667733116,-0.007684983234526932
2026,1767,0.6886995046793729,0.6816842581575973,-0.007015246521775653
2026,1768,0.6858581844409164,0.6798266328053539,-0.00603155163556246
2026,1769,0.6875562964698454,0.6921725031388642,0.004616206669018852
2026,1770,0.6878755922027844,0.6834262875182955,-0.004449304684488897
2026,1771,0.7062358683362173,0.6984082785524032,-0.007827589783814148
2026,1772,0.6904758067368605,0.6884962420397169,-0.0019795646971435543
2026,1773,0.6858318796289717,0.6980723878674797,0.012240508238507974
2026,1774,0.6870034282319304,0.6857656892386002,-0.0012377389933302396
2026,1775,0.6849169001384785,0.6738640140256369,-0.011052886112841609
2026,1776,0.6980366364036166,0.6943356002070625,-0.0037010361965540417
2026,1777,0.6974120422364651,0.689156356573184,-0.008255685663281165
2026,1778,0.6970190938641139,0.6915943607440662,-0.005424733120047653
2026,1779,0.6951310785212927,0.6835100744610823,-0.011621004060210494
2026,1780,0.6914804337371991,0.68735846282551,-0.004121970911689088
2026,1781,0.6994052652665712,0.6895586642162673,-0.009846601050303883
2026,1782,0.6894644258432858,0.6777726211424411,-0.011691804700844743
2026,1783,0.6922566937078077,0.6859488833891734,-0.006307810318634366
2026,1784,0.682084270127923,0.6826118107866173,0.0005275406586942033
2026,1785,0.6950793833880009,0.6972911182829663,0.0022117348949654003
2026,1786,0.6940501910601893,0.6897560260926376,-0.004294164967551639
2026,1787,0.6824699099460092,0.6840793069277094,0.0016093969817001508
2026,1788,0.6901287024576082,0.6883441586453162,-0.0017845438122919832
2026,1789,0.6867328717395977,0.6899664967501977,0.003233625010599983
2026,1790,0.6875202990620819,0.6795050303172447,-0.008015268744837156
2026,1791,0.6880614361800743,0.675160302806666,-0.012901133373408369
2026,1792,0.694418505967317,0.697219961399008,0.002801455431690969
2026,1793,0.6940021265384198,0.6932547182227848,-0.0007474083156349121
2026,1794,0.6942857779169693,0.6869657290770519,-0.007320048839917437
2026,1795,0.6941699697076247,0.6906653179793101,-0.0035046517283146006
2026,1796,0.6725631423161635,0.6693433375641898,-0.0032198047519736983
2026,1797,0.6898245276034427,0.6812900837557083,-0.008534443847734385
2026,1798,0.7025035724564004,0.696493361572604,-0.006010210883796385
2026,1799,0.6833571012785797,0.6908394602320456,0.007482358953465829
2026,1800,0.7046534329430572,0.6953471250034806,-0.009306307939576541
2026,1801,0.6872233930096143,0.6887921561338293,0.0015687631242149447
2026,1802,0.692258943735325,0.6965159954801754,0.00425705174485036
2026,1803,0.7016157793271651,0.6969311256897937,-0.004684653637371472
2026,1804,0.6982107084789271,0.6935875664044581,-0.004623142074469011
2026,1805,0.6854469068663559,0.6783731145207773,-0.007073792345578589
2026,1806,0.6878195868209483,0.6835873760225828,-0.004232210798365554
2026,1807,0.710440417456258,0.7026546649271304,-0.00778575252912761
2026,1808,0.7025134474240451,0.6956182293971374,-0.0068952180269077346
2026,1809,0.6856401587215127,0.6775768678822021,-0.008063290839310677
2026,1810,0.6934639831787379,0.6911332399904004,-0.0023307431883374807
2026,1811,0.6946360401625444,0.6807816500029171,-0.013854390159627306
2026,1812,0.6884706324175652,0.6856657396337298,-0.0028048927838354443
2026,1813,0.691958859124556,0.6844817069848566,-0.007477152139699461
2026,1814,0.6951192513260314,0.6847191876910717,-0.010400063634959711
2026,1815,0.6816211434726731,0.6782777176682313,-0.003343425804441802
2026,1816,0.696173797914025,0.6856173041412083,-0.010556493772816755
2026,1817,0.674062038867951,0.6790466944137965,0.004984655545845484
2026,1818,0.6964640635371644,0.6867623483810077,-0.009701715156156698
2026,1819,0.6881803749560256,0.6820868557960355,-0.006093519159990124
2026,1820,0.6829694188403874,0.6739020250509598,-0.009067393789427669
2026,1821,0.6842943574846745,0.677482973277513,-0.006811384207161542
2026,1822,0.6926358758501476,0.6964414015165753,0.003805525666427667
2026,1823,0.6871789757557147,0.6863765637045807,-0.0008024120511340715
2026,1824,0.7045547646671033,0.6927910498240719,-0.011763714843031403
2026,1825,0.7008464512438088,0.6918852122625408,-0.008961238981267994
2026,1826,0.7050550566368505,0.6885133996639761,-0.016541656972874463
2026,1827,0.7045042753610776,0.6967644517263927,-0.00773982363468495
2026,1828,0.7004345251385393,0.68430381441231,-0.01613071072622929
2026,1829,0.6861495503899737,0.6769746718289784,-0.009174878560995303
2026,1830,0.700433767988274,0.7002620698902982,-0.00017169809797579205
2026,1831,0.6886523724494268,0.6951434249117582,0.0064910524623313925
2026,1832,0.6827061652142074,0.6759619261463661,-0.006744239067841273
2026,1833,0.7004616991435391,0.6966890575302386,-0.003772641613300487
2026,1834,0.6996704367718538,0.696979910546297,-0.0026905262255567663
2026,1835,0.6914062412436546,0.6825588251072088,-0.008847416136445796
2026,1836,0.691501490518142,0.687799293746158,-0.003702196771984023
2026,1837,0.6847231929413511,0.6810146037490106,-0.0037085891923405168
2026,1838,0.6990808470655875,0.6945384375869175,-0.0045424094786700175
2026,1839,0.6940471204452696,0.6859375204474776,-0.008109599997792039
2026,1840,0.6973547241822553,0.6955787874823038,-0.0017759366999514636
2026,1841,0.6778347103147209,0.6721993199041625,-0.005635390410558383
2026,1842,0.6872349548396604,0.6844616370393082,-0.002773317800352171
2026,1843,0.6944391155270815,0.6977478539408641,0.0033087384137826525
2026,1844,0.6964745962022683,0.695966568780634,-0.0005080274216342495
2026,1845,0.6898495934116398,0.688144254350781,-0.0017053390608587904
2026,1846,0.6924571343225887,0.6919047446314659,-0.0005523896911228121
2026,1847,0.6851674675281889,0.6839735517397532,-0.001193915788435751
2026,1848,0.6825878697079979,0.6884990900033428,0.0059112202953448545
2026,1849,0.6910738044876051,0.686963175731379,-0.004110628756226142
2026,1850,0.6953874461623335,0.6910240436312614,-0.004363402531072147
2026,1851,0.6888048480181261,0.6796915375351813,-0.009113310482944836
2026,1852,0.6994205072165545,0.6913477737941005,-0.00807273342245396
2026,1853,0.6970978377516299,0.6780453423090902,-0.01905249544253973
2026,1854,0.7030064555511084,0.6963822400363869,-0.0066242155147214765
2026,1855,0.7012457215944482,0.7035146642981054,0.002268942703657184
2026,1856,0.6964026364981111,0.6929987961558954,-0.003403840342215636
2026,1857,0.6918288048610999,0.6808707683213526,-0.010958036539747251
2026,1858,0.6999768633008776,0.6773124586318922,-0.02266440466898545
2026,1859,0.701165102403648,0.6921441958298349,-0.009020906573813159
2026,1860,0.6851393606024758,0.6851932160811323,5.385547865643936e-05
2026,1861,0.6802396382956786,0.6800937443119672,-0.00014589398371134266
2026,1862,0.6911171116136794,0.6837802127264128,-0.00733689888726663
2026,1863,0.6848080332199704,0.6922944558354374,0.007486422615466948
2026,1864,0.6978067683584068,0.6844960295255709,-0.013310738832835955
2026,1865,0.6896795490794063,0.6815076353455021,-0.008171913733904246
2026,1866,0.685325314560935,0.6828940547279345,-0.002431259833000521
2026,1867,0.703434502915486,0.6942851278429127,-0.009149375072573296
2026,1868,0.6945559342733101,0.6862556757386984,-0.008300258534611693
2026,1869,0.6840398150439958,0.6748833248515089,-0.009156490192486877
2026,1870,0.7033205690378105,0.6944164908739527,-0.008904078163857743
2026,1871,0.692681453903164,0.6874003762187173,-0.005281077684446744
2026,1872,0.7011135811242941,0.6858404081554978,-0.015273172968796267
2026,1873,0.6783336854377384,0.6806933340163824,0.0023596485786440136
2026,1874,0.7008651831161383,0.6953299337083853,-0.005535249407753073
2026,1875,0.693170298879562,0.6819427817032812,-0.011227517176280899
2026,1876,0.6900678408474717,0.6792023480805737,-0.010865492766898077
2026,1877,0.6914002167017728,0.691507056325111,0.0001068396233382396
2026,1878,0.6911752998106029,0.6772996574331008,-0.013875642377502051
2026,1879,0.6867093089778038,0.6861612963289576,-0.0005480126488461856
2026,1880,0.6884543657387793,0.6910571926524238,0.0026028269136445514
2026,1881,0.6833632063797076,0.691059625934956,0.007696419555248357
2026,1882,0.6977933570363296,0.6928050893548496,-0.004988267681479974
2026,1883,0.6967126837096438,0.6864857534110695,-0.010226930298574244
2026,1884,0.685754126817082,0.6748051212943253,-0.010949005522756683
2026,1885,0.6969818458493069,0.6896092857606713,-0.007372560088635627
2026,1886,0.6864990833056402,0.6770412246261244,-0.009457858679515874
2026,1887,0.7065416538936349,0.697224128871145,-0.009317525022489836
2026,1888,0.6990576957241392,0.6890689638054244,-0.009988731918714855
2026,1889,0.6902515806935836,0.6855456123789367,-0.004705968314646869
2026,1890,0.7039307985559573,0.7055268642181418,0.0015960656621845093
2026,1891,0.700354116654482,0.6937912976139794,-0.006562819040502599
2026,1892,0.6829264446305148,0.6784098825777561,-0.0045165620527586325
2026,1893,0.7001536685625966,0.6916087783477356,-0.008544890214861045
2026,1894,0.6949106613995306,0.6904886168771815,-0.004422044522349067
2026,1895,0.6998240915056035,0.6876762304001476,-0.01214786110545596
2026,1896,0.6878418310834441,0.6902483429596888,0.0024065118762447435
2026,1897,0.6928787004835248,0.6887740641511384,-0.0041046363323864465
2026,1898,0.6949814147620598,0.6917155530800452,-0.0032658616820145925
2026,1899,0.6918438664778563,0.690336328269765,-0.0015075382080913524
2026,1900,0.6872893676082572,0.675129973065288,-0.012159394542969215
2026,1901,0.6920686913831254,0.6801602685526169,-0.011908422830508525
2026,1902,0.6821540839020004,0.6765252342984014,-0.0056288496035989954
2026,1903,0.6989395849156912,0.6931157580890741,-0.0058238268266170845
2026,1904,0.705063944482051,0.6853424812773233,-0.019721463204727674
2026,1905,0.701960653734005,0.691113054996578,-0.010847598737426911
2026,1906,0.686438589608109,0.6912009842415898,0.0047623946334808265
2026,1907,0.6940487099286732,0.6894116749132584,-0.004637035015414792
2026,1908,0.6870966788713134,0.6938495810633404,0.006752902192026955
2026,1909,0.7054953320320909,0.694289104279225,-0.01120622775286595
2026,1910,0.7032972109779445,0.6842754132924549,-0.019021797685489616
2026,1911,0.7015068123032282,0.6923944524193051,-0.009112359883923116
2026,1912,0.6939645788174382,0.6883734317938968,-0.005591147023541465
2026,1913,0.6828375831962399,0.6778384969829917,-0.004999086213248183
2026,1914,0.6954475633329418,0.6757440581394316,-0.019703505193510162
2026,1915,0.6952177296903019,0.6838002664854841,-0.011417463204817846
2026,1916,0.6915555213746714,0.6783157828951358,-0.013239738479535523
2026,1917,0.6940638437630083,0.6814681234727157,-0.012595720290292656
2026,1918,0.6842963036235548,0.6806980665859496,-0.003598237037605201
2026,1919,0.7081074823211092,0.7035860905647366,-0.004521391756372561
2026,1920,0.6891527753516415,0.6891764097890793,2.3634437437802802e-05
2026,1921,0.702533074600497,0.69941334429245,-0.0031197303080470196
2026,1922,0.6854832935629649,0.671616068536656,-0.013867225026308883
2026,1923,0.6971864704645703,0.6906449950518567,-0.006541475412713549
2026,1924,0.6857085565427333,0.6857617714180064,5.321487527309987e-05
2026,1925,0.6852617405918418,0.6842755690131597,-0.0009861715786820824
2026,1926,0.6859123612185049,0.6846517720949079,-0.0012605891235969446
2026,1927,0.6999960245628939,0.6982904497257716,-0.0017055748371223034
2026,1928,0.6967048164961829,0.6819695359065397,-0.01473528058964313
2026,1929,0.70335152944807,0.6947160817439936,-0.008635447704076427
2026,1930,0.6880487433676874,0.672296199234774,-0.015752544132913382
2026,1931,0.6818254485961277,0.6777354454024473,-0.004090003193680358
2026,1932,0.6962574537941653,0.6963936586941355,0.0001362048999702381
2026,1933,0.6955644515931589,0.6937935991516158,-0.0017708524415431803
2026,1934,0.7101967603937562,0.6873256327353006,-0.02287112765845567
2026,1935,0.6920449126615484,0.6838803431052196,-0.008164569556328827
2026,1936,0.7034500633008882,0.693127573177035,-0.010322490123853223
2026,1937,0.6870275545189637,0.6809325577376082,-0.0060949967813554995
2026,1938,0.7024944861237225,0.6945523196075187,-0.00794216651620372
2026,1939,0.688570029415141,0.6847831444184551,-0.003786884996685891
2026,1940,0.6747712543118768,0.6739590364894064,-0.0008122178224704291
2026,1941,0.693008027909458,0.6893346614176934,-0.0036733664917646403
2026,1942,0.702407937943307,0.6991751337521699,-0.0032328041911371397
2026,1943,0.6978557342375609,0.6839091651761136,-0.013946569061447311
2026,1944,0.6763016597577415,0.6736088085930887,-0.0026928511646527875
2026,1945,0.6924834243187087,0.6789345736383094,-0.013548850680399238
2026,1946,0.6994441398705875,0.6916152979161403,-0.007828841954447219
2026,1947,0.690342141239867,0.6866424439562525,-0.0036996972836145225
2026,1948,0.7035880776650685,0.6954105601663949,-0.00817751749867357
2026,1949,0.7025212938994769,0.6887732098870558,-0.013748084012421113
2026,1950,0.6846329967875875,0.6758099822650666,-0.008823014522520878
2026,1951,0.6814764008001388,0.6874846512022326,0.00600825040209374
2026,1952,0.6859779453313767,0.6748265870586972,-0.011151358272679435
2026,1953,0.6963539403878911,0.6979416026445842,0.0015876622566930454
2026,1954,0.6964027131902882,0.6981223225375233,0.0017196093472350293
2026,1955,0.6930630022312259,0.6835920505784017,-0.009470951652824189
2026,1956,0.6996424478585317,0.6925009105335886,-0.007141537324943048
2026,1957,0.694521125217809,0.696916969003228,0.002395843785419016
2026,1958,0.6934576010266018,0.6822186021323955,-0.01123899889420632
2026,1959,0.7008757442303329,0.6889598582411927,-0.011915885989140285
2026,1960,0.69758633653879,0.6928890520147083,-0.004697284524081691
2026,1961,0.6879606273268242,0.6788015397951899,-0.009159087531634302
2026,1962,0.6893049803965068,0.6813162310579066,-0.007988749338600165
2026,1963,0.6942322309698423,0.6842543502927567,-0.009977880677085604
2026,1964,0.704377294995777,0.6902926786688938,-0.014084616326883181
2026,1965,0.6966875777532611,0.6938444707416909,-0.0028431070115702006
2026,1966,0.6855140171627305,0.6859226514182951,0.0004086342555645883
2026,1967,0.6886783171269153,0.6738354064989228,-0.014842910627992478
2026,1968,0.7038837396073847,0.6903410650614522,-0.013542674545932498
2026,1969,0.6907605494436043,0.6917512817578348,0.0009907323142305247
2026,1970,0.6893455485715495,0.6900187062293115,0.0006731576577619913
2026,1971,0.7013152587634413,0.6913138653030277,-0.01000139346041351
2026,1972,0.7004827131423279,0.6822522160817919,-0.018230497060536033
2026,1973,0.6928581484577203,0.6921037775284716,-0.0007543709292486822
2026,1974,0.6930744793974588,0.6894921048492694,-0.0035823745481894376
2026,1975,0.6956893498077408,0.6870045815180089,-0.008684768289731859
2026,1976,0.7040934158907795,0.7002568640081486,-0.0038365518826308787
2026,1977,0.6962639244618581,0.6865392953001852,-0.009724629161672937
2026,1978,0.6807292531954863,0.6777624313304196,-0.0029668218650666933
2026,1979,0.6937138874028967,0.6928490215790153,-0.0008648658238814555
2026,1980,0.6910614905990599,0.6904653335135631,-0.0005961570854967624
2026,1981,0.6906052091055614,0.6889646294712042,-0.0016405796343572643
2026,1982,0.6935087445668007,0.6880874925504127,-0.00542125201638799
2026,1983,0.697698777533651,0.6851417651242078,-0.01255701240944318
2026,1984,0.6970397435378076,0.6784729414175141,-0.01856680212029349
2026,1985,0.6856098424557897,0.68771094656171,0.0021011041059202373
2026,1986,0.6846262998494079,0.6838832781205563,-0.0007430217288516561
2026,1987,0.6798547088160002,0.6769340473478207,-0.0029206614681794862
2026,1988,0.6926405521436072,0.6879975222647031,-0.004643029878904081
2026,1989,0.6872332626025561,0.682726608746132,-0.004506653856424125
2026,1990,0.6898212802026854,0.6889427005428067,-0.0008785796598786977
2026,1991,0.687322537308772,0.6796488817460795,-0.007673655562692505
2026,1992,0.686872491976618,0.6872675932732348,0.0003951012966167955
2026,1993,0.6919928779201915,0.68756340883145,-0.004429469088741533
2026,1994,0.6999357605946978,0.6837745939907306,-0.01616116660396716
2026,1995,0.6871150080875326,0.6873830211195519,0.0002680130320192875
2026,1996,0.7014782553165313,0.6862901616970981,-0.015188093619433185
2026,1997,0.6882591372456278,0.6818813853146557,-0.00637775193097212
2026,1998,0.7119394798715373,0.6936640843453961,-0.018275395526141214
2026,1999,0.6949281270064953,0.6930507070324032,-0.001877419974092076
2026,2000,0.6897026648287301,0.6801586460620176,-0.009544018766712514
2026,2001,0.6955343926990645,0.6882520479870613,-0.007282344712003175
2026,2002,0.7021557226424557,0.6940434282377129,-0.008112294404742815
2026,2003,0.6787468595254466,0.6716761743086423,-0.007070685216804207
2026,2004,0.686520152313299,0.6862295226111672,-0.00029062970213178385
2026,2005,0.6988783683156565,0.6974447343582486,-0.0014336339574079204
2026,2006,0.6874935699330387,0.6812231577376501,-0.006270412195388597
2026,2007,0.7040140180022469,0.7011321401941896,-0.002881877808057376
2026,2008,0.6984730628124409,0.6831122025868515,-0.015360860225589468
2026,2009,0.6819369317401998,0.678464937568534,-0.003471994171665771
2026,2010,0.6830213444165452,0.6759689762763353,-0.007052368140209819
2026,2011,0.6989444359728019,0.6855343753025187,-0.013410060670283164
2026,2012,0.6866350730144487,0.6829892947674754,-0.003645778246973319
2026,2013,0.692467507629642,0.6945289069125927,0.002061399282950682
2026,2014,0.6935769221281348,0.6882691366645544,-0.005307785463580461
2026,2015,0.7007285522807107,0.6892348728739448,-0.011493679406765933
2026,2016,0.6785515976183526,0.6846280684612833,0.006076470842930726
2026,2017,0.7003386865592027,0.691841238366419,-0.008497448192783752
2026,2018,0.6862175899037299,0.6863301279792757,0.00011253807554578721
2026,2019,0.6733945652519461,0.6854770129564834,0.012082447704537369
2026,2020,0.6982981244523939,0.699972178727662,0.001674054275268122
2026,2021,0.6861859676008262,0.6827137803068768,-0.0034721872939493803
2026,2022,0.701942785425881,0.6968676369953537,-0.005075148430527254
2026,2023,0.6941663164549654,0.6957011051872024,0.0015347887322370024
2026,2024,0.692991605514095,0.6911278935772487,-0.0018637119368463129
2026,2025,0.6797500751634347,0.6811112891379814,0.0013612139745466934
2026,2026,0.6922511101782016,0.6915963816642003,-0.0006547285140012793
2026,2027,0.6875542873297624,0.6833876816996818,-0.004166605630080644
2026,2028,0.6889892748430941,0.6917839565163402,0.0027946816732460356
2026,2029,0.6958061117820014,0.6892731661088085,-0.006532945673192847
2026,2030,0.6849453995357233,0.682296973945797,-0.0026484255899262843
2026,2031,0.7010648029681642,0.692210915795203,-0.008853887172961206
2026,2032,0.6996164738293991,0.6840749360916474,-0.015541537737751687
2026,2033,0.6925803973767071,0.6760884439064445,-0.016491953470262555
2026,2034,0.701777542508935,0.6855294656588427,-0.01624807685009233
2026,2035,0.6902026200531136,0.6848459120164323,-0.0053567080366813125
2026,2036,0.6785336292784635,0.6809631620350114,0.002429532756547892
2026,2037,0.6897891422223835,0.6827254195763213,-0.007063722646062254
2026,2038,0.6901869081950274,0.6889164741464422,-0.0012704340485851784
2026,2039,0.6947879715676232,0.6979106862163994,0.003122714648776226
2026,2040,0.6949868789152913,0.699876642343062,0.004889763427770699
2026,2041,0.7039482255654081,0.6971237745898244,-0.006824450975583707
2026,2042,0.6848532950738754,0.6896477606570263,0.0047944655831508864
2026,2043,0.6848738566369789,0.6705369257881559,-0.014336930848822926
2026,2044,0.6829924590610227,0.684935674157181,0.0019432150961583572
2026,2045,0.6994425182710956,0.7014352827147494,0.001992764443653816
2026,2046,0.6893954843237963,0.6883047383414115,-0.0010907459823847887
2026,2047,0.6936549238898855,0.694141759685754,0.000486835795868501
2026,2048,0.6852269607005399,0.6827951209005169,-0.002431839800023039
2026,2049,0.691729207203613,0.6860346451470245,-0.00569456205658847
2026,2050,0.6983534054953136,0.6738800504730911,-0.024473355022222476
2026,2051,0.6852606422676089,0.6725569828622224,-0.012703659405386425
2026,2052,0.6935294181735836,0.6899654465812404,-0.003563971592343229
2026,2053,0.6926008574068777,0.6895976647187774,-0.0030031926881003423
2026,2054,0.6853052243827984,0.6825102910069323,-0.0027949333758661155
2026,2055,0.6840235007015785,0.6817182554503088,-0.0023052452512696275
2026,2056,0.6936716669160072,0.6897747542795525,-0.0038969126364547524
2026,2057,0.6891028818889908,0.6807504862793514,-0.008352395609639407
2026,2058,0.6865242427426514,0.6924034405473195,0.005879197804668057
2026,2059,0.6948143933153059,0.6912426641514118,-0.003571729163894144
2026,2060,0.6984688095163416,0.687804159440842,-0.01066465007549966
2026,2061,0.6948977754568577,0.6851861964314994,-0.009711579025358352
2026,2062,0.6908883107911619,0.6868291822445367,-0.004059128546625157
2026,2063,0.6975445796111326,0.6907118670894847,-0.006832712521647855
2026,2064,0.694964179168436,0.6955954253795109,0.0006312462110749095
2026,2065,0.7002602144486134,0.699333421825595,-0.0009267926230184242
2026,2066,0.6962420303377925,0.6888536048348612,-0.007388425502931284
2026,2067,0.6920904643175356,0.685999564686757,-0.006090899630778579
2026,2068,0.6944920455647282,0.6818646801871583,-0.012627365377569921
2026,2069,0.7005654717583029,0.6849607891866236,-0.01560468257167924
2026,2070,0.6950849058092311,0.6845770764682926,-0.010507829340938524
2026,2071,0.6894135047700294,0.6830933060702948,-0.006320198699734547
2026,2072,0.6897865810388373,0.6911363045732877,0.0013497235344503977
2026,2073,0.6853300113785613,0.6828101802483976,-0.002519831130163741
2026,2074,0.7020146296333415,0.6880940440291248,-0.013920585604216718
2026,2075,0.6983181450323408,0.6936592655143798,-0.0046588795179609566
2026,2076,0.6958308894579086,0.6940263984484786,-0.0018044910094300315
2026,2077,0.695515050564468,0.6899674254771763,-0.005547625087291785
2026,2078,0.7022556108927648,0.6871279394424971,-0.015127671450267721
2026,2079,0.6907450245385833,0.6836250170657513,-0.007120007472832035
2026,2080,0.6957964539653037,0.6902084334969922,-0.0055880204683114165
2026,2081,0.6962279072382369,0.6922746615830316,-0.003953245655205273
2026,2082,0.7014240920225907,0.6948723355086583,-0.006551756513932361
2026,2083,0.6893459319192488,0.6851236110857245,-0.004222320833524251
2026,2084,0.7126464280472814,0.6936616616382474,-0.018984766409034015
2026,2085,0.6783633191672129,0.6885893249364275,0.010226005769214619
2026,2086,0.6969810438787536,0.6878134425247502,-0.009167601354003407
2026,2087,0.6877929435647504,0.6848737776587389,-0.0029191659060114894
2026,2088,0.6998538505091596,0.6924689853544902,-0.007384865154669407
2026,2089,0.702926256778326,0.7020327489332623,-0.0008935078450637013
2026,2090,0.695195627696876,0.6950566788635406,-0.0001389488333354283
2026,2091,0.7011485240243684,0.693048007264992,-0.008100516759376397
2026,2092,0.6925876335689705,0.6911654423958258,-0.0014221911731446824
2026,2093,0.690301009230248,0.6885041340291659,-0.001796875201082071
2026,2094,0.6988896711488592,0.6908284611312381,-0.008061210017621168
2026,2095,0.689608399872173,0.6846097869073656,-0.004998612964807414
2026,2096,0.7003396246987998,0.6916957465885493,-0.00864387811025058
2026,2097,0.6906279433695195,0.6823393291964511,-0.008288614173068365
2026,2098,0.6970801387758068,0.6923767335881497,-0.004703405187657106
2026,2099,0.6845737669886167,0.6747627823754715,-0.009810984613145224
2026,2100,0.6854167650858765,0.6928392628216709,0.007422497735794398
2026,2101,0.6935415867350866,0.7008670016746467,0.007325414939560071
2026,2102,0.7014180355703918,0.696451416842349,-0.0049666187280428264
2026,2103,0.6978421937522621,0.6901677994201748,-0.007674394332087275
2026,2104,0.6850867987364821,0.6799513677379783,-0.005135430998503887
2026,2105,0.6902604422853414,0.6905603992373277,0.0002999569519862577
2026,2106,0.6906720495639322,0.6884396273777981,-0.0022324221861341753
2026,2107,0.6829023731225682,0.676218491484222,-0.006683881638346212
2026,2108,0.7003292859641992,0.6964523521189886,-0.003876933845210595
2026,2109,0.6818365952274635,0.6774507911657499,-0.004385804061713627
2026,2110,0.6964860504259842,0.6823799397911928,-0.014106110634791391
2026,2111,0.6883569123493066,0.6730049860165155,-0.015351926332791144
2026,2112,0.7006185630398876,0.6911573531482187,-0.009461209891668876
2026,2113,0.6867276552014375,0.6883267200927654,0.0015990648913278838
2026,2114,0.6790640185951998,0.6750267107079495,-0.004037307887250319
2026,2115,0.6965254737902715,0.6868339087111031,-0.009691565079168463
2026,2116,0.6858612460604174,0.6816116775792305,-0.0042495684811869605
2026,2117,0.686179990708969,0.6841131796745807,-0.0020668110343882162
2026,2118,0.6830659800521417,0.6744465215919009,-0.008619458460240814
2026,2119,0.6983677824190786,0.691759526254965,-0.006608256164113646
2026,2120,0.685448589788512,0.6849089057789234,-0.0005396840095885924
2026,2121,0.6990135784241258,0.6845445990061708,-0.014468979417954997
2026,2122,0.6951932087014041,0.6831627905938447,-0.012030418107559449
2026,2123,0.6989337584349545,0.6861154479280325,-0.01281831050692206
2026,2124,0.6896166225273914,0.689915711125778,0.00029908859838656543
2026,2125,0.6878240271223228,0.6782731938480245,-0.009550833274298287
2026,2126,0.6903578299130995,0.6919329408615249,0.00157511094842544
2026,2127,0.6929827882548232,0.6913823520367043,-0.0016004362181188947
2026,2128,0.6875915992335504,0.6883173160463891,0.0007257168128387281
2026,2129,0.6943154534539957,0.6913741362470086,-0.002941317206987093
2026,2130,0.6857433645964882,0.6708685771557172,-0.014874787440770976
2026,2131,0.6884917993273538,0.6755550640308516,-0.012936735296502189
2026,2132,0.6854091342246525,0.6781541548688732,-0.007254979355779345
2026,2133,0.6768587541077715,0.6712165093005886,-0.0056422448071828946
2026,2134,0.6876361363743118,0.6912965295717943,0.00366039319748257
2026,2135,0.69201556803212,0.6911321615995314,-0.0008834064325886626
2026,2136,0.6853776345634544,0.6788561859059914,-0.006521448657462958
2026,2137,0.6865502477686354,0.6826705199654199,-0.003879727803215438
2026,2138,0.6875570170074362,0.6816317813065049,-0.005925235700931286
2026,2139,0.6985206704443733,0.6917512624055246,-0.006769408038848623
2026,2140,0.6937652410284355,0.6946836347725625,0.0009183937441269441
2026,2141,0.6872014517798768,0.6836689303805809,-0.0035325213992959403
2026,2142,0.6978242455946092,0.689900132941012,-0.00792411265359716
2026,2143,0.6856540117161554,0.6849766517685455,-0.000677359947609868
2026,2144,0.6883920771096299,0.6897795290390583,0.0013874519294283516
2026,2145,0.6869996341462463,0.6785669787240323,-0.008432655422214053
2026,2146,0.6867621989108615,0.6801504047602811,-0.006611794150580441
2026,2147,0.693692540398186,0.6929880981035272,-0.0007044422946587137
2026,2148,0.7105011497156616,0.6977103644843585,-0.012790785231303059
2026,2149,0.7065918552647339,0.6994872171788825,-0.007104638085851378
2026,2150,0.7002700662735208,0.680623336660212,-0.019646729613308822
2026,2151,0.6820365959523806,0.6660460504333781,-0.015990545519002586
2026,2152,0.6869922011926765,0.6754957548720978,-0.011496446320578668
2026,2153,0.692348039010254,0.6823830858149301,-0.009964953195323867
2026,2154,0.6956822869858025,0.6897293054447713,-0.005952981541031188
2026,2155,0.699006862895488,0.6827770499745567,-0.016229812920931286
2026,2156,0.7015663347015331,0.683077565773328,-0.018488768928205057
2026,2157,0.7068386234229036,0.6934990988208799,-0.0133395246020237
2026,2158,0.704612485690086,0.6933891169682125,-0.011223368721873572
2026,2159,0.6900908303329334,0.6796597313094626,-0.010431099023470836
2026,2160,0.6855013479315812,0.6727316778369137,-0.012769670094667562
2026,2161,0.6822363581957613,0.6849626167156413,0.002726258519879954
2026,2162,0.6854735615119253,0.6837183098841709,-0.0017552516277543617
2026,2163,0.6879094453946368,0.6811617444834925,-0.006747700911144294
2026,2164,0.6883057763089486,0.6865791555355547,-0.0017266207733939165
2026,2165,0.6975927188175342,0.6907565729631608,-0.00683614585437331
2026,2166,0.6881940762659845,0.6805401140085671,-0.007653962257417435
2026,2167,0.6966831588379372,0.6837766777809332,-0.012906481057003982
2026,2168,0.6926303609621536,0.6825337955928525,-0.010096565369301036
2026,2169,0.69291068538364,0.698650004473408,0.005739319089767991
2026,2170,0.6942248525014709,0.6879536828618427,-0.00627116963962826
2026,2171,0.7062182619732242,0.6963729276044232,-0.009845334368801084
2026,2172,0.6926049452187141,0.6874396054919409,-0.005165339726773133
2026,2173,0.6939366922661954,0.6896053581235362,-0.004331334142659182
2026,2174,0.7030392191964449,0.6981378427760998,-0.004901376420345049
2026,2175,0.687540908057567,0.6795478870097877,-0.007993021047779214
2026,2176,0.6905264027109902,0.6803031221152673,-0.010223280595722861
2026,2177,0.6917488503888654,0.6836356958451434,-0.008113154543721968
2026,2178,0.6980962458054852,0.6936052189982016,-0.004491026807283638
2026,2179,0.7006613998204989,0.6900670063599782,-0.010594393460520712
2026,2180,0.694373655305097,0.6816688101979278,-0.012704845107169183
2026,2181,0.6994001876673345,0.692374037617257,-0.007026150050077451
2026,2182,0.6768808948434919,0.6869605584360312,0.010079663592539312
2026,2183,0.7040751783820871,0.6949490054030303,-0.009126172979056824
2026,2184,0.7054730213344629,0.6959527547200528,-0.009520266614410078
2026,2185,0.6944973322078424,0.6885953006867958,-0.0059020315210466245
2026,2186,0.6907408138262354,0.6856766486470024,-0.005064165179233027
2026,2187,0.6865082785653901,0.6800070387793937,-0.006501239785996371
2026,2188,0.6890813351008218,0.682185402731535,-0.006895932369286761
2026,2189,0.7061442081136152,0.6936153324474359,-0.012528875666179329
2026,2190,0.6960917011198038,0.6913399135491344,-0.004751787570669408
2026,2191,0.6868609532681534,0.6822443798632764,-0.004616573404877089
2026,2192,0.6898284630753184,0.6893252826766285,-0.0005031803986899064
2026,2193,0.6955522036402455,0.6914102675302183,-0.004141936110027222
2026,2194,0.685017231903675,0.6847192518672438,-0.0002979800364312224
2026,2195,0.6852698685656085,0.6791861176779803,-0.0060837508876281365
2026,2196,0.6825126724089535,0.6753758680893716,-0.007136804319581969
2026,2197,0.6956986838162986,0.6849955069256934,-0.010703176890605182
2026,2198,0.6891175355958488,0.6865298747959561,-0.0025876607998926993
2026,2199,0.6889450191784263,0.6864303213963764,-0.002514697782049935
2026,2200,0.7016204799974999,0.6930637946401653,-0.00855668535733456
2026,2201,0.690223444944043,0.6882454457257794,-0.001977999218263582
2026,2202,0.6886156756345736,0.6840894949835499,-0.004526180651023726
2026,2203,0.6869823261558874,0.6841392249553899,-0.0028431012004974665
2026,2204,0.6935921663904294,0.6823859241346695,-0.011206242255759946
2026,2205,0.6875145922005871,0.6857170566768692,-0.0017975355237178636
2026,2206,0.690301952103853,0.6762875372388684,-0.01401441486498467
2026,2207,0.6900231137056975,0.6925212761578301,0.002498162452132635
2026,2208,0.6959250111954356,0.6863224315975704,-0.009602579597865146
2026,2209,0.7069961611009337,0.7000929779576862,-0.006903183143247449
2026,2210,0.6883125137627029,0.6811442989116102,-0.007168214851092647
2026,2211,0.6936304468009398,0.6872002078171577,-0.006430238983782033
2026,2212,0.6869842069297823,0.6838073491414411,-0.003176857788341203
2026,2213,0.6854965283264429,0.6914065165101236,0.0059099881836807144
2026,2214,0.693801620936271,0.6885109662865182,-0.005290654649752757
2026,2215,0.6901074825328023,0.6776655242396139,-0.012441958293188393
2026,2216,0.688354554057939,0.688080432597632,-0.0002741214603070308
2026,2217,0.7014005885298983,0.6890141847512568,-0.01238640377864153
2026,2218,0.7011295006068181,0.6975959264359539,-0.0035335741708641955
2026,2219,0.6947182643436931,0.6836844468743469,-0.011033817469346174
2026,2220,0.6886343288612669,0.6868255357729582,-0.0018087930883086134
2026,2221,0.6931053734318589,0.6879189703568693,-0.005186403074989521
2026,2222,0.6839062874213625,0.6867384031483255,0.002832115726962958
2026,2223,0.681599771483903,0.6762729551185396,-0.005326816365363474
2026,2224,0.6925289179264573,0.6852714748591133,-0.007257443067343994
2026,2225,0.6922963772894313,0.687014135674708,-0.005282241614723238
2026,2226,0.6894001655022481,0.6928382223369572,0.0034380568347091023
2026,2227,0.6979160068067227,0.6970812999337442,-0.0008347068729784857
2026,2228,0.6974203292092628,0.6932791695596929,-0.004141159649569848
2026,2229,0.6895330506242097,0.6814124273870668,-0.00812062323714291
2026,2230,0.6816019257049681,0.6771602215043329,-0.004441704200635277
2026,2231,0.697782442455259,0.6815666353871106,-0.016215807068148402
2026,2232,0.6982397195591207,0.6871989413044823,-0.01104077825463834
2026,2233,0.6895097700026602,0.6872130526729433,-0.002296717329716924
2026,2234,0.7016079773867816,0.6890845962069946,-0.012523381179787019
2026,2235,0.6898202519480243,0.6831355237493668,-0.006684728198657508
2026,2236,0.6941701283048505,0.6884255284809406,-0.005744599823909846
2026,2237,0.6998009533359006,0.6914683153969826,-0.00833263793891803
2026,2238,0.6892089378103041,0.689004296171972,-0.0002046416383321148
2026,2239,0.6887925291875249,0.6918447722403078,0.0030522430527829547
2026,2240,0.7015070221752712,0.6934062477809415,-0.008100774394329657
2026,2241,0.6976812584298475,0.6856292776212791,-0.012051980808568397
2026,2242,0.6873474670156885,0.688358455200856,0.0010109881851675384
2026,2243,0.6843290564691611,0.6777034636982662,-0.006625592770894917
2026,2244,0.697156010750381,0.6932425196030164,-0.003913491147364612
2026,2245,0.6902159828676249,0.6966120177664918,0.006396034898866976
2026,2246,0.7018317587165761,0.6930993869687245,-0.008732371747851575
2026,2247,0.685026341308151,0.669381960742381,-0.01564438056577
2026,2248,0.700756304236742,0.6985132334839095,-0.0022430707528324767
2026,2249,0.6985727420994294,0.6940796913627454,-0.0044930507366840455
2026,2250,0.6830709390951041,0.684988837932059,0.0019178988369549232
2026,2251,0.6952641793191724,0.6857362971501291,-0.009527882169043322
2026,2252,0.6869397722759096,0.6881056589017361,0.0011658866258265066
2026,2253,0.7035702238891588,0.6892291722584194,-0.014341051630739399
2026,2254,0.6939191527463289,0.6931656382886846,-0.0007535144576442665
2026,2255,0.6953814001396097,0.6855652927715368,-0.009816107368072924
2026,2256,0.6813293496967698,0.6742335550461578,-0.007095794650612053
2026,2257,0.7026269249509497,0.6901481363990332,-0.012478788551916531
2026,2258,0.6999668312155862,0.7024224304411452,0.0024555992255589354
2026,2259,0.6848174902482762,0.6874611289494696,0.0026436387011934404
2026,2260,0.6913448131456135,0.6953133115748269,0.0039684984292134295
2026,2261,0.7011906850662357,0.699394857321179,-0.0017958277450567106
2026,2262,0.7028944844817778,0.6966967534265551,-0.006197731055222699
2026,2263,0.6847773810463931,0.6944991511830126,0.009721770136619567
2026,2264,0.7088309120363366,0.7002605796279469,-0.00857033240838978
2026,2265,0.6831972068202444,0.6864935773053443,0.0032963704850998976
2026,2266,0.6784649540083904,0.6852950114342704,0.006830057425880054
2026,2267,0.693795886870927,0.6815366724184851,-0.012259214452441825
2026,2268,0.7078404805685491,0.6899559319422971,-0.017884548626251995
2026,2269,0.6829689858044449,0.6862031284136136,0.0032341426091687664
2026,2270,0.6816082626644102,0.6852787833546139,0.0036705206902036824
2026,2271,0.6940379386497837,0.6925182438769413,-0.001519694772842417
2026,2272,0.6766089219550566,0.6695748016439955,-0.007034120311061098
2026,2273,0.6939043509993317,0.6928102011262092,-0.0010941498731225074
2026,2274,0.6949654253199111,0.6904571520326401,-0.004508273287270992
2026,2275,0.7036604946339365,0.6833924640632814,-0.020268030570655182
2026,2276,0.7029669933495435,0.6889696464252872,-0.013997346924256249
2026,2277,0.6833511831688717,0.6825523546647441,-0.0007988285041276022
2026,2278,0.6962153036720743,0.6956008122525502,-0.0006144914195240769
2026,2279,0.6885717976497221,0.6914686257062305,0.0028968280565083715
2026,2280,0.6847312931604443,0.6803934008331372,-0.004337892327307191
2026,2281,0.7068893851740721,0.6943718509803547,-0.012517534193717372
2026,2282,0.6870545218063049,0.6881767482744348,0.0011222264681298721
2026,2283,0.6940719296844375,0.6919852927582758,-0.0020866369261617335
2026,2284,0.7004614374775635,0.6991217958920176,-0.001339641585545892
2026,2285,0.6774499193889281,0.6753494972754392,-0.00210042211348882
2026,2286,0.6851137916201513,0.6836817597173189,-0.0014320319028323647
2026,2287,0.7004436490465852,0.69883933948019,-0.0016043095663952345
2026,2288,0.7031584116365375,0.6915311418057003,-0.011627269830837172
2026,2289,0.7034665156725197,0.6862354229670862,-0.01723109270543355
2026,2290,0.6915560393283904,0.6788491152393963,-0.012706924088994098
2026,2291,0.6975259813834662,0.6875184450912488,-0.0100075362922174
2026,2292,0.7015308308929213,0.6935012053854483,-0.008029625507472993
2026,2293,0.6974562269450799,0.692792834581351,-0.004663392363728924
2026,2294,0.6832264534093961,0.6782915249693596,-0.004934928440036512
2026,2295,0.6975697576756315,0.6912886706119792,-0.006281087063652269
2026,2296,0.6887897341163245,0.6825268659836365,-0.006262868132687949
2026,2297,0.6832562655174531,0.6852048246454139,0.0019485591279607695
2026,2298,0.7047068528104588,0.7015218805414227,-0.003184972269036024
2026,2299,0.6940189724141933,0.6856122175976034,-0.008406754816589923
2026,2300,0.6939918690148799,0.6815388262083394,-0.01245304280654047
2026,2301,0.6843296875533769,0.6767784395535441,-0.007551247999832755
2026,2302,0.6974360134458636,0.6906055887059144,-0.006830424739949215
2026,2303,0.6967326576074273,0.6870087226043813,-0.009723935003046025
2026,2304,0.6969805041940904,0.6857839596557117,-0.011196544538378705
2026,2305,0.7032399957349924,0.7041545136192484,0.0009145178842560053
2026,2306,0.6829525079696748,0.6851249814348939,0.0021724734652190936
2026,2307,0.6972687110000013,0.6953503284157747,-0.0019183825842266078
2026,2308,0.6866991181029931,0.6868765687109726,0.000177450607979468
2026,2309,0.7059565674330939,0.7012837504174931,-0.004672817015600739
2026,2310,0.6964687261330659,0.6976823082526598,0.0012135821195938812
2026,2311,0.6938145409939629,0.6824756627057493,-0.01133887828821356
2026,2312,0.6793370312574147,0.6731504902961856,-0.00618654096122917
2026,2313,0.6968383960917961,0.6919440910395377,-0.0048943050522584075
2026,2314,0.7011587512937529,0.6850523693814434,-0.01610638191230951
2026,2315,0.6952857076213914,0.6858700380953799,-0.009415669526011472
2026,2316,0.6755060927506762,0.682944299994068,0.007438207243391837
2026,2317,0.6867813559281766,0.6820240219885515,-0.004757333939625075
2026,2318,0.6957112994247507,0.6953420655796221,-0.0003692338451286581
2026,2319,0.696461177137302,0.6937634288077034,-0.0026977483295986815
2026,2320,0.6864279315715087,0.6886688065737454,0.0022408750022366863
2026,2321,0.6970099708952766,0.6852354725639698,-0.011774498331306837
2026,2322,0.6934907596655001,0.6900339972234606,-0.003456762442039518
2026,2323,0.6960113345563395,0.6925202420248933,-0.003491092531446194
2026,2324,0.6985369509018037,0.6927467656114716,-0.0057901852903320394
2026,2325,0.6912733132165128,0.6886428197393832,-0.002630493477129514
2026,2326,0.6974011796055735,0.6842261430149237,-0.01317503659064978
2026,2327,0.6874903405600411,0.6924650254519399,0.004974684891898784
2026,2328,0.6983970361612255,0.6873029731586509,-0.01109406300257465
2026,2329,0.6924249958642293,0.6847453209339713,-0.007679674930258007
2026,2330,0.6762874512456916,0.672163517617164,-0.004123933628527587
2026,2331,0.6842518669955555,0.6709916756705687,-0.013260191324986792
2026,2332,0.684612897899094,0.6897816834991273,0.00516878560003331
2026,2333,0.6978947043134004,0.6882250576457802,-0.009669646667620158
2026,2334,0.6886622719149584,0.6804400899065066,-0.008222182008451817
2026,2335,0.705004148110344,0.6989553352933299,-0.006048812817014082
2026,2336,0.6829514809713109,0.6779184165214761,-0.0050330644498347565
2026,2337,0.6957722692466235,0.687125777626888,-0.008646491619735519
2026,2338,0.6952647830265649,0.6885373582357077,-0.006727424790857195
2026,2339,0.6879619620111456,0.6845364360937312,-0.003425525917414407
2026,2340,0.6926212162827134,0.6931749452058185,0.0005537289231050124
2026,2341,0.6805151606189341,0.6845856931451157,0.004070532526181614
2026,2342,0.7018353294476478,0.6912434594279939,-0.010591870019653893
2026,2343,0.6861997142780143,0.6733826089591753,-0.01281710531883895
2026,2344,0.6926271246348671,0.6870900643305466,-0.00553706030432044
2026,2345,0.6966684815227225,0.6930998584690689,-0.0035686230536536856
2026,2346,0.693991210232527,0.6973225028719788,0.003331292639451866
2026,2347,0.6993731820649729,0.6947388350656556,-0.004634346999317307
2026,2348,0.6757916119862177,0.688693864236547,0.01290225225032926
2026,2349,0.6876192305377069,0.6868098726732232,-0.0008093578644836619
2026,2350,0.6916033509834763,0.686746602823169,-0.004856748160307234
2026,2351,0.693013527991001,0.6937328671194425,0.0007193391284414652
2026,2352,0.6930203873026093,0.6872966932508433,-0.005723694051765982
2026,2353,0.7039920345817168,0.7004954184049508,-0.0034966161767659987
2026,2354,0.6893263539961335,0.6772521096880034,-0.012074244308130089
2026,2355,0.6932019547043721,0.6931292702961882,-7.268440818386512e-05
2026,2356,0.7122193182116897,0.7061050037439955,-0.006114314467694171
2026,2357,0.7021868651606218,0.6898920901110198,-0.01229477504960197
2026,2358,0.6936161691720132,0.6828933881072106,-0.010722781064802622
2026,2359,0.6898572190538597,0.6910201371892994,0.0011629181354397833
2026,2360,0.6976827405240837,0.692773780505293,-0.004908960018790709
2026,2361,0.6893385091919308,0.6902008280488171,0.0008623188568862572
2026,2362,0.6755594200172769,0.6764986716192497,0.0009392516019728347
2026,2363,0.6852767566616322,0.6768722244089335,-0.008404532252698771
2026,2364,0.6948408640869692,0.6877726795230119,-0.007068184563957303
2026,2365,0.6927994588424369,0.6894470033747504,-0.003352455467686477
2026,2366,0.696654378644965,0.6846200597470229,-0.012034318897942153
2026,2367,0.6971419803352046,0.6879879870437802,-0.009153993291424412
2026,2368,0.7043216739952536,0.6895938815421907,-0.014727792453062882
2026,2369,0.6805570166074505,0.6761508969449415,-0.004406119662509034
2026,2370,0.7106501336000608,0.6978595147729374,-0.012790618827123401
2026,2371,0.6950041661181519,0.6873219227007449,-0.007682243417406975
2026,2372,0.6878175616037616,0.6811998516496813,-0.006617709954080286
2026,2373,0.6966539987491602,0.6838751798994089,-0.012778818849751294
2026,2374,0.6962716523134516,0.6889771188178999,-0.007294533495551647
2026,2375,0.686623612658347,0.6848681462617306,-0.0017554663966163897
2026,2376,0.6914649898099496,0.6885837366074363,-0.002881253202513312
2026,2377,0.696566547938689,0.6841675896880308,-0.012398958250658176
2026,2378,0.680943799986738,0.6664271977378455,-0.014516602248892507
2026,2379,0.6855771293948034,0.6896985041435,0.00412137474869656
2026,2380,0.6905058528856366,0.6825545090767261,-0.007951343808910494
2026,2381,0.6987110987309135,0.6967435521450929,-0.0019675465858206564
2026,2382,0.7076503684954315,0.694480234856713,-0.01317013363871855
2026,2383,0.6969985247470355,0.6832876816315587,-0.013710843115476767
2026,2384,0.6978844814599519,0.687316368672302,-0.010568112787649908
2026,2385,0.7042125005933602,0.6872860595361983,-0.0169264410571619
2026,2386,0.7020796288228586,0.6842200586376875,-0.017859570185171036
2026,2387,0.6863147697300516,0.683361005718775,-0.0029537640112765606
2026,2388,0.6951885312970656,0.6843003475351639,-0.010888183761901704
2026,2389,0.7036907862830699,0.7012879068136979,-0.00240287946937201
2026,2390,0.6960322391510141,0.6801259866523909,-0.015906252498623208
2026,2391,0.7016131681600413,0.6969265134176367,-0.0046866547424045946
2026,2392,0.6978898107240847,0.6934094335823727,-0.004480377141712011
2026,2393,0.6880767228162782,0.6888221563548218,0.0007454335385436162
2026,2394,0.7023153766457829,0.6937905385376049,-0.008524838108178057
2026,2395,0.6980616066400249,0.6874808765186387,-0.010580730121386273
2026,2396,0.6890653890013049,0.6777326682833312,-0.011332720717973643
2026,2397,0.6877140160864922,0.682236819449092,-0.005477196637400206
2026,2398,0.693071140388514,0.6857681802407964,-0.007302960147717585
2026,2399,0.6879185605306255,0.6865628090111018,-0.001355751519523718
2026,2400,0.6944443285546792,0.6940604658815858,-0.0003838626730934269
2026,2401,0.7066080313479259,0.6988018628192602,-0.00780616852866578
2026,2402,0.6919998490613614,0.6838663303248953,-0.008133518736466061
2026,2403,0.6939403765362178,0.6947640528298368,0.0008236762936190134
2026,2404,0.6929504307036867,0.6817703029893076,-0.01118012771437904
2026,2405,0.6854367019473488,0.6800481388231387,-0.0053885631242100995
2026,2406,0.7087985008182955,0.6785462312969099,-0.0302522695213856
2026,2407,0.7067934309464337,0.6945097803072084,-0.012283650639225208
2026,2408,0.6867742597650734,0.6770930062012007,-0.009681253563872727
2026,2409,0.6786954653503945,0.6721697952999278,-0.00652567005046667
2026,2410,0.6921756407152613,0.6933652280829808,0.001189587367719569
2026,2411,0.6996112271406932,0.6860115920196332,-0.013599635121059994
2026,2412,0.6900666600293076,0.6851203747601827,-0.004946285269124884
2026,2413,0.688438694085301,0.6837709186885088,-0.004667775396792195
2026,2414,0.6798630143934408,0.6738072208729211,-0.006055793520519659
2026,2415,0.6857037173174014,0.6882135257280341,0.0025098084106326413
2026,2416,0.6880600366169852,0.6861806365777581,-0.0018794000392271526
2026,2417,0.6941446372651935,0.676500956326333,-0.017643680938860484
2026,2418,0.686532975646936,0.6801711626594928,-0.006361812987443205
2026,2419,0.6917262325506343,0.6900654470808438,-0.0016607854697904267
2026,2420,0.6929154216092391,0.6893791940378144,-0.0035362275714246882
2026,2421,0.6928654204115557,0.6961317866045398,0.003266366192984038
2026,2422,0.6917935932201508,0.6924262967974308,0.0006327035772800693
2026,2423,0.6889306036047755,0.6826145093811897,-0.006316094223585811
2026,2424,0.6833177777598285,0.6861559742090044,0.0028381964491759337
2026,2425,0.6959325180753784,0.6888730417167139,-0.0070594763586644405
2026,2426,0.6834264738853355,0.6800750737408945,-0.003351400144441019
2026,2427,0.6757097867243563,0.6800700505773914,0.004360263853035118
2026,2428,0.6949915082547012,0.6804868035815316,-0.014504704673169666
2026,2429,0.6954983491614606,0.680379451270812,-0.015118897890648575
2026,2430,0.7032103172183815,0.6929638402037547,-0.010246477014626776
2026,2431,0.6947106763834499,0.6801582646620975,-0.014552411721352354
2026,2432,0.6985106824351952,0.6916821380755929,-0.00682854435960234
2026,2433,0.6867292701342007,0.6777693400842775,-0.008959930049923237
2026,2434,0.6894248818173493,0.6848066527667733,-0.0046182290505759616
2026,2435,0.6935572229175941,0.6977280258959295,0.004170802978335386
2026,2436,0.6840194121134067,0.6812758435667886,-0.002743568546618058
2026,2437,0.6871301566593255,0.6870468175243511,-8.333913497438061e-05
2026,2438,0.6821585199775262,0.6809129095090958,-0.0012456104684304137
2026,2439,0.6877995582324148,0.689179671764766,0.0013801135323512348
2026,2440,0.6958597318690678,0.6816277778056934,-0.014231954063374408
2026,2441,0.6834493995755897,0.6896926887288057,0.006243289153216036
2026,2442,0.6900854872555018,0.6901349664298706,4.9479174368816103e-05
2026,2443,0.6788960796487081,0.6713591780017387,-0.007536901646969407
2026,2444,0.7010315936789426,0.6966127580700063,-0.0044188356089363
2026,2445,0.693027676589658,0.6877130300361816,-0.005314646553476465
2026,2446,0.7022240688444126,0.6934409635772061,-0.008783105267206492
2026,2447,0.6893172502804135,0.6883042186635974,-0.0010130316168160958
2026,2448,0.6841738038646841,0.685522244114942,0.0013484402502579318
2026,2449,0.7012273811080534,0.6949293308785437,-0.0062980502295096885
2026,2450,0.6829808626010433,0.6739020298114775,-0.009078832789565783
2026,2451,0.6861047943694489,0.6773667017895467,-0.008738092579902212
2026,2452,0.6955729764694316,0.6941210636312509,-0.0014519128381806912
2026,2453,0.697881984328384,0.6936085742960425,-0.004273410032341496
2026,2454,0.6953258652799854,0.6865455395661273,-0.008780325713858117
2026,2455,0.6939056772205988,0.6805081648121551,-0.013397512408443668
2026,2456,0.6825946029792347,0.6893738286238384,0.006779225644603759
2026,2457,0.6923053441621023,0.6879956686361459,-0.004309675525956402
2026,2458,0.7068367261460021,0.6960644199797609,-0.010772306166241252
2026,2459,0.7001770312027262,0.6903153302487688,-0.009861700953957442
2026,2460,0.6967839794419161,0.6958086614900169,-0.0009753179518992017
2026,2461,0.6929266465999825,0.6784982857009563,-0.014428360899026216
2026,2462,0.6813351936183818,0.6788493331717302,-0.0024858604466515555
2026,2463,0.6942653271032104,0.68092515631445,-0.013340170788760375
2026,2464,0.7058464882915538,0.7022583407790074,-0.0035881475125464357
2026,2465,0.6945845457870413,0.693940439583165,-0.0006441062038763379
2026,2466,0.6843812486418465,0.6822156691819,-0.002165579459946443
2026,2467,0.6934240555265138,0.6930101077074264,-0.0004139478190873236
2026,2468,0.6917885045931274,0.6859878534554997,-0.0058006511376276215
2026,2469,0.6893356798209316,0.678786861131135,-0.010548818689796624
2026,2470,0.6893359303360773,0.6911222092289122,0.0017862788928348916
2026,2471,0.6930743333433977,0.6730699344354206,-0.020004398907977117
2026,2472,0.6946521599777394,0.6927877874144598,-0.0018643725632796482
2026,2473,0.6862430139880344,0.6833532689964154,-0.002889744991619092
2026,2474,0.6937046202230593,0.6747706803911007,-0.01893393983195868
2026,2475,0.6977850888512258,0.6859373057562378,-0.011847783094988018
2026,2476,0.689115349998276,0.6803192544201373,-0.008796095578138652
2026,2477,0.7082872632678354,0.6940291207318432,-0.014258142535992224
2026,2478,0.6841469927673669,0.6861248339178012,0.001977841150434312
2026,2479,0.6927654949482153,0.696594136281877,0.0038286413336617864
2026,2480,0.6986801881445996,0.6941483023947144,-0.004531885749885278
2026,2481,0.6958527528856382,0.6852441540527142,-0.010608598832923977
2026,2482,0.7077315817210097,0.7019126424762123,-0.005818939244797372
2026,2483,0.6974284615003461,0.6951277065904394,-0.002300754909906666
2026,2484,0.695469846088157,0.6968017734914946,0.0013319274033376516
2026,2485,0.699769917441553,0.690399293849174,-0.009370623592379057
2026,2486,0.6986412502128916,0.7003537347003315,0.0017124844874398804
2026,2487,0.6985086125699825,0.6860742839380911,-0.012434328631891423
2026,2488,0.6941041120774709,0.6917443664085217,-0.0023597456689492535
2026,2489,0.705926721793669,0.6877861477397469,-0.01814057405392211
2026,2490,0.7025811903397883,0.6891334877201384,-0.013447702619649893
2026,2491,0.6914318669225554,0.678394515878297,-0.013037351044258405
2026,2492,0.6974411213200103,0.6897523677933424,-0.00768875352666798
2026,2493,0.6898059087741727,0.6912407728305758,0.00143486405640314
2026,2494,0.6970832263976905,0.692990775537295,-0.004092450860395447
2026,2495,0.6949216351875276,0.6884098424930727,-0.006511792694454899
2026,2496,0.7111989614763903,0.6915903035734903,-0.019608657902900006
2026,2497,0.7009747109132158,0.6990016830467308,-0.001973027866485011
2026,2498,0.6970073968932176,0.6847674846785403,-0.01223991221467724
2026,2499,0.6976723592481269,0.6978393114517806,0.000166952203653703
2026,2500,0.7037453799873221,0.6956555035647716,-0.008089876422550546
2026,2501,0.6819737630074285,0.6899262805401857,0.007952517532757164
2026,2502,0.6943603576326141,0.6898150938981752,-0.004545263734438865
2026,2503,0.6852310007876768,0.685985598522911,0.0007545977352341193
2026,2504,0.7041855904957022,0.6776240674974281,-0.02656152299827408
2026,2505,0.6920588275422885,0.6804625606747594,-0.011596266867529126
2026,2506,0.6931372067947584,0.6833248004709204,-0.009812406323838063
2026,2507,0.687353238764002,0.687889137310155,0.0005358985461529908
2026,2508,0.6961855155243184,0.6854095659500162,-0.010775949574302168
2026,2509,0.6914263358277656,0.6921212512573617,0.0006949154295960991
2026,2510,0.6904002705102301,0.6880896163236465,-0.002310654186583605
2026,2511,0.685412095881199,0.6900247736241127,0.00461267774291374
2026,2512,0.6865597237415522,0.6776994966072899,-0.008860227134262266
2026,2513,0.6933463063367125,0.6970487801914435,0.003702473854730992
2026,2514,0.6943045857123088,0.7047799045614611,0.010475318849152315
2026,2515,0.687812155957473,0.6899702737704059,0.002158117812932847
2026,2516,0.6904736074802841,0.6800658798139989,-0.010407727666285171
2026,2517,0.7077160849560145,0.6899837416920971,-0.01773234326391737
2026,2518,0.6931211553567249,0.6848533761845752,-0.008267779172149714
2026,2519,0.6908427626941693,0.6960916954606546,0.005248932766485304
2026,2520,0.6901828567403784,0.6921079236967511,0.001925066956372734
2026,2521,0.6822484612327684,0.682955934050957,0.0007074728181886147
2026,2522,0.6915227112508913,0.6963241608008345,0.004801449549943215
2026,2523,0.6836847365890262,0.6831548305323345,-0.0005299060566916758
2026,2524,0.6941253858370717,0.6925776228157703,-0.0015477630213014404
2026,2525,0.7018591481690681,0.6854118929312811,-0.016447255237787006
2026,2526,0.7072489326356938,0.6881816100351801,-0.019067322600513692
2026,2527,0.6747517442403295,0.6814087575286629,0.006657013288333458
2026,2528,0.6908010794113988,0.6884804331806932,-0.002320646230705603
2026,2529,0.6775098286577188,0.6859802241921639,0.008470395534445063
2026,2530,0.7061235857194748,0.6947284430076271,-0.011395142711847606
2026,2531,0.6849942572001875,0.685603761295333,0.0006095040951454855
2026,2532,0.6957961856013231,0.6880341610449447,-0.007762024556378311
2026,2533,0.6851520470747129,0.680465309234973,-0.004686737839739941
2026,2534,0.6970595582685024,0.6896264948397973,-0.007433063428705089
2026,2535,0.7000497437749175,0.6899982958272675,-0.010051447947650005
2026,2536,0.6880570722689514,0.6881731021254818,0.00011602985653036413
2026,2537,0.6943968308243099,0.6905000548180241,-0.003896776006285796
2026,2538,0.6904809262974895,0.6898372943438289,-0.0006436319536605728
2026,2539,0.6984017486646774,0.6938952077306726,-0.004506540934004821
2026,2540,0.6886666641655969,0.683292200051338,-0.005374464114258903
2026,2541,0.6916855601998386,0.6880873698881207,-0.0035981903117179304
2026,2542,0.6884799211403632,0.6924316434819823,0.003951722341619113
2026,2543,0.6803917537273654,0.6775223490881113,-0.002869404639254114
2026,2544,0.6828318642057039,0.6783739999898447,-0.004457864215859142
2026,2545,0.697405824143761,0.6924107151029377,-0.004995109040823231
2026,2546,0.6848359924066567,0.6825340405809237,-0.0023019518257330063
2026,2547,0.6995242564347688,0.6999592269252015,0.00043497049043272895
2026,2548,0.7004884784571636,0.6983019801369696,-0.002186498320193908
2026,2549,0.6847500357143631,0.6850363315615144,0.00028629584715134104
2026,2550,0.6957701407351741,0.6927560980862035,-0.0030140426489705385
2026,2551,0.6957242500706459,0.6975420315870975,0.001817781516451622
2026,2552,0.6909667587006741,0.6841959992367166,-0.006770759463957554
2026,2553,0.6981600538518524,0.7026309288527998,0.004470875000947339
2026,2554,0.6853920510358147,0.6816828211062271,-0.003709229929587554
2026,2555,0.6971284957659696,0.6886025474129309,-0.00852594835303866
2026,2556,0.6871840188776139,0.6800270920034335,-0.007156926874180458
2026,2557,0.681031995618083,0.689696175896912,0.008664180278828981
2026,2558,0.6996573604998223,0.6925039549130383,-0.007153405586784012
2026,2559,0.6856031267456058,0.6798952011384689,-0.005707925607136843
2026,2560,0.6945536482993391,0.689036567419549,-0.005517080879790082
2026,2561,0.6856982246730361,0.6872966937515931,0.0015984690785569855
2026,2562,0.6946365731092699,0.6856977773301458,-0.008938795779124042
2026,2563,0.6919944358592132,0.6830546107284293,-0.00893982513078384
2026,2564,0.7040569207167025,0.6958630239646986,-0.008193896752003882
2026,2565,0.6943261103260279,0.6998097701020758,0.005483659776047922
2026,2566,0.6904149064436759,0.6832456247566292,-0.007169281687046669
2026,2567,0.6956310420108879,0.6947746582822334,-0.0008563837286544862
2026,2568,0.6985226433726002,0.6855380266420866,-0.012984616730513543
2026,2569,0.6900538032073386,0.6795362562671995,-0.010517546940139066
2026,2570,0.7130683571995955,0.6975502959416996,-0.015518061257895899
2026,2571,0.6986032866175698,0.6879968681635297,-0.01060641845404009
2026,2572,0.7053083742337041,0.6913201650502208,-0.013988209183483313
2026,2573,0.6833628865604575,0.6827951778804673,-0.0005677086799902309
2026,2574,0.6883267803895469,0.6834500499914626,-0.004876730398084228
2026,2575,0.6970996472553056,0.6956548344878805,-0.001444812767425141
2026,2576,0.6932967210910834,0.6837817632330903,-0.009514957857993167
2026,2577,0.6947268334188711,0.6894495931820077,-0.005277240236863379
2026,2578,0.6955338136052074,0.6867280706944747,-0.008805742910732661
2026,2579,0.6929405157799597,0.6802845923281593,-0.012655923451800444
2026,2580,0.7035214853700601,0.6867247021818839,-0.016796783188176234
2026,2581,0.7014111300502666,0.6936839779713388,-0.007727152078927713
2026,2582,0.6964801471036208,0.6874270534320136,-0.009053093671607226
2026,2583,0.6827669989606964,0.6835499032649692,0.0007829043042728578
2026,2584,0.6920786797909557,0.6892462338558681,-0.0028324459350875797
2026,2585,0.6913838160054526,0.6842236242067394,-0.007160191798713189
2026,2586,0.6819564961212415,0.6724331894951374,-0.009523306626104122
2026,2587,0.6900189155446539,0.689369499122467,-0.0006494164221868548
2026,2588,0.6843729074144369,0.6830798012974764,-0.0012931061169605407
2026,2589,0.7057696229074232,0.6979659372756333,-0.007803685631789903
2026,2590,0.7043696442404872,0.6931843628857063,-0.011185281354780918
2026,2591,0.6843772988091739,0.6785037324828942,-0.005873566326279667
2026,2592,0.6945249843203223,0.6894851680424212,-0.005039816277901066
2026,2593,0.6810728960403084,0.6871558181753772,0.00608292213506878
2026,2594,0.6882304832926899,0.6783223263806111,-0.009908156912078803
2026,2595,0.6867216561081972,0.6828411134624195,-0.0038805426457777514
2026,2596,0.7006363714713907,0.6880725591319762,-0.012563812339414504
2026,2597,0.7000873511337176,0.6986751276239638,-0.001412223509753785
2026,2598,0.6902504069157456,0.6871533226250034,-0.0030970842907421803
2026,2599,0.6960615852486058,0.6942451068449457,-0.001816478403660171
2026,2600,0.6975316540185317,0.6897207688631544,-0.007810885155377312
2026,2601,0.7039124818925113,0.6922315854859861,-0.011680896406525254
2026,2602,0.6898540730325867,0.6779307094343281,-0.01192336359825863
2026,2603,0.6890586239274693,0.6869120574376988,-0.0021465664897705183
2026,2604,0.6872387599364478,0.676227518038796,-0.011011241897651791
2026,2605,0.6897671481864737,0.6804028668093495,-0.009364281377124195
2026,2606,0.6804155859316985,0.6808232919056831,0.00040770597398465114
2026,2607,0.6892283336052152,0.6912688116710564,0.002040478065841178
2026,2608,0.6941697352803811,0.6896407770385046,-0.004528958241876491
2026,2609,0.7009679773160007,0.6914818035973833,-0.009486173718617374
2026,2610,0.6882185485402488,0.6880133909025405,-0.00020515763770823092
2026,2611,0.6988891130224681,0.6902712483212732,-0.008617864701194966
2026,2612,0.6997885583450638,0.6902616781673226,-0.00952688017774117
2026,2613,0.6993990425368224,0.6900482944666622,-0.00935074807016023
2026,2614,0.6909119559687686,0.6859846958729106,-0.004927260095858088
2026,2615,0.6846878853956355,0.676186419978019,-0.008501465417616538
2026,2616,0.6998018623271489,0.6898947717842214,-0.009907090542927488
2026,2617,0.6851644489996698,0.6825862190616049,-0.002578229938064891
2026,2618,0.7010648911953188,0.6947746691804132,-0.006290222014905589
2026,2619,0.6926624101729493,0.6762141501280362,-0.016448260044913066
2026,2620,0.7068244922664692,0.7027017197407872,-0.004122772525681939
2026,2621,0.6960300494342821,0.690679137788712,-0.005350911645570111
2026,2622,0.6937763495378841,0.6786836603021877,-0.0150926892356964
2026,2623,0.6966878225892102,0.6852832425875346,-0.011404580001675657
2026,2624,0.6918722028051754,0.6794021204697167,-0.012470082335458654
2026,2625,0.6852609013045844,0.6893239083852327,0.004063007080648329
2026,2626,0.7025874025038025,0.6869191512039134,-0.015668251299889024
2026,2627,0.6952903415259806,0.6843508889476719,-0.01093945257830864
2026,2628,0.7049588938381941,0.695854238301189,-0.009104655537005124
2026,2629,0.698325119954234,0.6906375764286046,-0.007687543525629392
2026,2630,0.6843309144129888,0.6837856512347227,-0.0005452631782660866
2026,2631,0.7008492970238913,0.6932509306629058,-0.007598366360985542
2026,2632,0.6896809319616198,0.681669458745377,-0.008011473216242848
2026,2633,0.6868371938022496,0.6844394622760334,-0.0023977315262162513
2026,2634,0.6862077623658727,0.6840994202091453,-0.002108342156727394
2026,2635,0.6839212149394861,0.6781207148514781,-0.0058005000880080315
2026,2636,0.7048582731196014,0.693196862731167,-0.011661410388434379
2026,2637,0.697544377462239,0.6876883421693893,-0.009856035292849619
2026,2638,0.7029156145015241,0.6916327332472567,-0.011282881254267352
2026,2639,0.6946867173202749,0.6873795674973582,-0.007307149822916692
2026,2640,0.6825494772604119,0.6801473896348414,-0.0024020876255704815
2026,2641,0.6933060288734838,0.6761827291072555,-0.017123299766228284
2026,2642,0.6942090507177106,0.6946235692971134,0.0004145185794028894
2026,2643,0.697056501091476,0.693765732337131,-0.003290768754344975
2026,2644,0.7018742120667107,0.6923116526764996,-0.009562559390211112
2026,2645,0.6886401141634343,0.6896799859718697,0.0010398718084354552
2026,2646,0.6849630738422683,0.690578343094207,0.0056152692519386704
2026,2647,0.7064015198246906,0.6893386227419631,-0.017062897082727457
2026,2648,0.6822983948914946,0.6736049478543573,-0.008693447037137259
2026,2649,0.7128954279444573,0.6871287169479258,-0.025766710996531494
2026,2650,0.6837210438635801,0.6803297252741082,-0.0033913185894719478
2026,2651,0.6969722403121561,0.6890387111529488,-0.007933529159207309
2026,2652,0.7036567950976618,0.688113536283913,-0.01554325881374874
2026,2653,0.6988292628371984,0.6861111921481765,-0.012718070689021865
2026,2654,0.7068977856392109,0.6944125470667728,-0.012485238572438107
2026,2655,0.704512562048476,0.6957248960458009,-0.00878766600267511
2026,2656,0.6850399957738428,0.6815500388356052,-0.003489956938237615
2026,2657,0.7015081533666054,0.6799320443547899,-0.021576109011815503
2026,2658,0.6965948494340175,0.6900835585712352,-0.0065112908627823485
2026,2659,0.6807401755994542,0.676185173683203,-0.0045550019162512445
2026,2660,0.6914949262979013,0.6855182164058187,-0.0059767098920826545
2026,2661,0.7018979160762786,0.6878964315483052,-0.014001484527973451
2026,2662,0.6930042035199355,0.6903832573464227,-0.002620946173512828
2026,2663,0.6945594383142429,0.6798836880699699,-0.014675750244273034
2026,2664,0.684037642308184,0.6713517624351006,-0.012685879873083339
2026,2665,0.7000508830714264,0.6858823407757905,-0.01416854229563591
2026,2666,0.6972249733278767,0.6919592980713607,-0.005265675256516
2026,2667,0.6987947051701499,0.7051013662851449,0.006306661114995005
2026,2668,0.6956808865321854,0.6824911648402032,-0.013189721691982181
2026,2669,0.7007028550955354,0.6840698560025844,-0.016632999092951017
2026,2670,0.6851330878334567,0.6831884779763439,-0.0019446098571128667
2026,2671,0.6915243794850097,0.6815000620110945,-0.01002431747391519
2026,2672,0.6977441549512746,0.6978552791962952,0.00011112424502057738
2026,2673,0.6896940750005258,0.6831103477608851,-0.006583727239640735
2026,2674,0.6878263955441233,0.6849843100174159,-0.002842085526707394
2026,2675,0.6896177881025971,0.6832628196008333,-0.006354968501763758
2026,2676,0.7041351800491027,0.6920779911574177,-0.012057188891684945
2026,2677,0.6968935990716436,0.6844454954510839,-0.012448103620559703
2026,2678,0.695898668701527,0.6949226049817185,-0.0009760637198084066
2026,2679,0.6920901428916915,0.691654688232469,-0.0004354546592224562
2026,2680,0.6968888260555186,0.685853686348032,-0.011035139707486596
2026,2681,0.709537882614494,0.7021308265874373,-0.007407056027056713
2026,2682,0.6969562136643515,0.6868272567275677,-0.010128956936783728
2026,2683,0.6949301505759109,0.692487235107957,-0.0024429154679539433
2026,2684,0.6871721299186234,0.6850459342441533,-0.002126195674470144
2026,2685,0.7037407000525698,0.7029355156561573,-0.0008051843964125283
2026,2686,0.69567668994599,0.6965567537489482,0.0008800638029582419
2026,2687,0.6967217361627626,0.686892293274279,-0.00982944288848353
2026,2688,0.6969419005333424,0.6927574667487676,-0.0041844337845747814
2026,2689,0.6993122612404278,0.6997822544326997,0.0004699931922719225
2026,2690,0.6960333464697518,0.684624142471009,-0.01140920399874279
2026,2691,0.7021509596918041,0.6954262013138539,-0.0067247583779501685
2026,2692,0.6848275793352854,0.6734942072268801,-0.011333372108405237
2026,2693,0.688743301986658,0.6753197319664325,-0.01342357002022554
2026,2694,0.6934562444305971,0.6864982324966691,-0.006958011933927977
2026,2695,0.6883205447568064,0.6887734344103129,0.00045288965350653854
2026,2696,0.6924035334837841,0.6852009895856823,-0.007202543898101821
2026,2697,0.6864156006550967,0.6801606660056531,-0.0062549346494436
2026,2698,0.6986533819354503,0.689699238163272,-0.008954143772178291
2026,2699,0.6909013679038578,0.6891054776534258,-0.0017958902504320307
2026,2700,0.6998208160824573,0.6983900244282006,-0.0014307916542566357
2026,2701,0.6877884330432816,0.6788287724167277,-0.008959660626553956
2026,2702,0.6952876712891862,0.6837964602930462,-0.011491210996140033
2026,2703,0.6939836365548984,0.6888348608038901,-0.00514877575100825
2026,2704,0.6920135900800639,0.6940228266977344,0.0020092366176704957
2026,2705,0.6959795686265603,0.6821923862211055,-0.013787182405454845
2026,2706,0.6938875751326534,0.6825295432429075,-0.011358031889745934
2026,2707,0.7033712786671797,0.6949496355197948,-0.008421643147384916
2026,2708,0.7087058288440657,0.6949252172833047,-0.013780611560761047
2026,2709,0.6833802046152767,0.6805432267346387,-0.0028369778806379697
2026,2710,0.7028185018561223,0.6897253135775536,-0.013093188278568646
2026,2711,0.6767571401731154,0.6721807172973293,-0.004576422875786079
2026,2712,0.6927226461636263,0.6864023574800366,-0.006320288683589692
2026,2713,0.6904254668426092,0.6754913941626951,-0.01493407267991409
2026,2714,0.6948985958824738,0.6863075975141306,-0.008590998368343206
2026,2715,0.6698704477029217,0.6894666130099618,0.019596165307040114
2026,2716,0.6868451848170491,0.6804427983302166,-0.006402386486832556
2026,2717,0.6900071227100992,0.6836022817481473,-0.00640484096195193
2026,2718,0.685757802277396,0.6739355982508876,-0.011822204026508465
2026,2719,0.6936612835840389,0.6771125490045229,-0.016548734579516
2026,2720,0.69121073657362,0.6889313260926169,-0.002279410481003108
2026,2721,0.6970223832541906,0.6939763535723483,-0.0030460296818423105
2026,2722,0.7033359260328782,0.700392622901973,-0.002943303130905184
2026,2723,0.6928201695448495,0.6797903478288797,-0.01302982171596978
2026,2724,0.6821609876469472,0.6897009792898516,0.00753999164290442
2026,2725,0.6867301389057237,0.6738450867017554,-0.012885052203968295
2026,2726,0.7006009990933666,0.6887637973307295,-0.01183720176263714
2026,2727,0.6876240986107914,0.6828866435849681,-0.004737455025823345
2026,2728,0.6964725851087878,0.6913307776001552,-0.00514180750863269
2026,2729,0.6750262611803959,0.6791150389917465,0.004088777811350641
2026,2730,0.7012475697428039,0.7019827554794852,0.0007351857366812986
2026,2731,0.6958102607727167,0.6865588174974637,-0.009251443275252957
2026,2732,0.6887664759988246,0.6938197559616875,0.005053279962862978
2026,2733,0.6879247345911611,0.6779747504830655,-0.009949984108095555
2026,2734,0.6923238547324267,0.6959524681184522,0.003628613386025492
2026,2735,0.6845593329289597,0.6826522275876267,-0.001907105341332982
2026,2736,0.6809807925297297,0.6747759903330952,-0.00620480219663444
2026,2737,0.6944554818349082,0.687895198690134,-0.006560283144774193
2026,2738,0.6895601807353938,0.6879659002483037,-0.001594280487090094
2026,2739,0.6949798428513658,0.6971749217592191,0.0021950789078533095
2026,2740,0.6914766967351065,0.680585146600815,-0.010891550134291439
2026,2741,0.6917151253691566,0.6810763255830661,-0.010638799786090503
2026,2742,0.6934033462621279,0.6836460652879052,-0.009757280974222682
2026,2743,0.683130911163015,0.6786499524976919,-0.004480958665323165
2026,2744,0.6866950137340413,0.6749152806117091,-0.011779733122332159
2026,2745,0.6941541578108142,0.688239520776427,-0.005914637034387216
2026,2746,0.6829573735463362,0.6737335068674999,-0.009223866678836345
2026,2747,0.6881580703854225,0.6912181793054308,0.0030601089200082976
2026,2748,0.7044328299751595,0.6919328520627774,-0.01249997791238211
2026,2749,0.6888185866597323,0.6839712121632524,-0.004847374496479873
2026,2750,0.6974316880050155,0.6941635847787717,-0.0032681032262438237
2026,2751,0.6847431097197685,0.6844539783657415,-0.00028913135402697243
2026,2752,0.6860699454334978,0.6802433781401883,-0.005826567293309437
2026,2753,0.6895385378751652,0.6794186937359239,-0.010119844139241274
2026,2754,0.6931281835075997,0.6940704555774946,0.0009422720698948339
2026,2755,0.6962586743284388,0.6896365308585375,-0.006622143469901309
2026,2756,0.6941059922086704,0.6884783573990124,-0.005627634809658
2026,2757,0.682720425190674,0.6814967555763287,-0.0012236696143452797
2026,2758,0.696351834983449,0.6829569544742374,-0.01339488050921156
2026,2759,0.7029456905803605,0.6891094725699729,-0.013836218010387591
2026,2760,0.6979153045162876,0.6933686405938683,-0.004546663922419314
2026,2761,0.6868425488631728,0.6780592851679383,-0.008783263695234411
2026,2762,0.6856179357279529,0.6826869639716207,-0.002930971756332279
2026,2763,0.7010695039946759,0.6921913752351656,-0.008878128759510329
2026,2764,0.6906611640978656,0.6932907549034714,0.0026295908056057637
2026,2765,0.6939163823831634,0.6889881089535994,-0.004928273429564034
2026,2766,0.7074030134344469,0.7053260473475491,-0.00207696608689778
2026,2767,0.6959097046996373,0.689590214678064,-0.006319490021573282
2026,2768,0.6826701603164236,0.6739498841625817,-0.008720276153841855
2026,2769,0.6902494656385327,0.6890775579031025,-0.0011719077354301888
2026,2770,0.6968901044748883,0.6942198430743771,-0.002670261400511187
2026,2771,0.6873298603105654,0.6912232589630083,0.00389339865244287
2026,2772,0.7021391691537664,0.6979795887375146,-0.004159580416251751
2026,2773,0.6993331093983577,0.6884131024670912,-0.01092000693126649
2026,2774,0.6912997455005657,0.6915194568101342,0.00021971130956843776
2026,2775,0.682564093464695,0.6852523289170697,0.002688235452374621
2026,2776,0.6901880371002029,0.6777800672276755,-0.012407969872527458
2026,2777,0.7025813248853631,0.6927479968610932,-0.009833328024269838
2026,2778,0.6947583464673907,0.6886742662723442,-0.006084080195046471
2026,2779,0.7100553929771566,0.6930160647898849,-0.01703932818727172
2026,2780,0.6841799809830764,0.6896562557097068,0.00547627472663037
2026,2781,0.6863379220392833,0.6828627875182396,-0.0034751345210437545
2026,2782,0.6935120020293809,0.6889314629278948,-0.004580539101486147
2026,2783,0.678795769111453,0.6654503368724134,-0.013345432239039612
2026,2784,0.6876532326462581,0.6846747464693888,-0.002978486176869355
2026,2785,0.6814921216092424,0.6824405859626042,0.000948464353361711
2026,2786,0.6934506669049175,0.6877089668048754,-0.0057417001000421575
2026,2787,0.692883630664877,0.6922434835115248,-0.0006401471533522551
2026,2788,0.6833137850643749,0.6791719259737772,-0.0041418590905977215
2026,2789,0.6909992427687923,0.6908293552213979,-0.00016988754739444278
2026,2790,0.6868004464326658,0.6820098110872135,-0.004790635345452321
2026,2791,0.6936314905641017,0.6891039838888737,-0.004527506675227944
2026,2792,0.6899503060109933,0.6866808494083613,-0.0032694566026320038
2026,2793,0.6848373980488531,0.6798084833607397,-0.005028914688113395
2026,2794,0.7057585607102279,0.6883962587211185,-0.017362301989109374
2026,2795,0.6892178112242692,0.6890528465193311,-0.00016496470493809756
2026,2796,0.6788169503832471,0.674861228100944,-0.00395572228230312
2026,2797,0.6971826424230321,0.6922021915844638,-0.00498045083856824
2026,2798,0.6796718617833798,0.6754644138720605,-0.004207447911319329
2026,2799,0.6871352017416273,0.6781442554104293,-0.008990946331198013
2026,2800,0.6920014489559189,0.6853882830058836,-0.006613165950035249
2026,2801,0.6901763763900106,0.6797885072339467,-0.010387869156063934
2026,2802,0.6870816857869724,0.683116643006379,-0.003965042780593397
2026,2803,0.7026922141571849,0.6933170711297614,-0.009375143027423483
2026,2804,0.6913520376357506,0.6856789055432964,-0.005673132092454236
2026,2805,0.6854705244009156,0.6914178456915454,0.005947321290629803
2026,2806,0.69697511904272,0.6975135856349324,0.0005384665922123499
2026,2807,0.6960225211512947,0.6864286626403133,-0.009593858510981379
2026,2808,0.6795028926953617,0.6791555662600995,-0.0003473264352621408
2026,2809,0.6880867907945878,0.6925435987521041,0.004456807957516351
2026,2810,0.6834774488673889,0.6880171817106875,0.004539732843298561
2026,2811,0.6944804238491455,0.6953750118273988,0.0008945879782532584
2026,2812,0.6865718420937331,0.6840900559467311,-0.0024817861470020075
2026,2813,0.696233981751522,0.6866721768860251,-0.009561804865496848
2026,2814,0.6795831060728725,0.6653827898022269,-0.014200316270645663
2026,2815,0.6953586593024196,0.6875193049345114,-0.007839354367908169
2026,2816,0.6869467535112428,0.6877266441072503,0.0007798905960074709
2026,2817,0.6964001235944455,0.696924766479368,0.0005246428849224882
2026,2818,0.7019160295233118,0.6950240874859812,-0.006891942037330567
2026,2819,0.7024407410203816,0.6890044031714788,-0.013436337848902746
2026,2820,0.6860024974147242,0.6766241325932185,-0.00937836482150567
2026,2821,0.7116467910079268,0.6964814836579303,-0.015165307349996549
2026,2822,0.6811048473098972,0.6850204833492762,0.003915636039379056
2026,2823,0.6940410025870966,0.6955843683807665,0.0015433657936699818
2026,2824,0.6973100437025501,0.6869491569331785,-0.010360886769371636
2026,2825,0.685160407937466,0.6732169950808642,-0.011943412856601832
2026,2826,0.7006964657494095,0.6967788247242352,-0.003917641025174223
2026,2827,0.6864905190644188,0.6798431623542927,-0.006647356710126173
2026,2828,0.6941399715541846,0.6906976498280266,-0.003442321726157993
2026,2829,0.6836354264082452,0.6927676953956063,0.009132268987361192
2026,2830,0.6951918076400598,0.6865589437871585,-0.008632863852901296
2026,2831,0.6895477703186751,0.6926848794059721,0.0031371090872970298
2026,2832,0.6802846255137607,0.678635434563237,-0.0016491909505236269
2026,2833,0.6863635967085573,0.683242300783129,-0.0031212959254283135
2026,2834,0.7070415350819101,0.7031891925182108,-0.0038523425636993736
2026,2835,0.6888456473957623,0.6871019424693583,-0.0017437049264039661
2026,2836,0.691561947948722,0.6930984858940583,0.0015365379453363692
2026,2837,0.687472021825863,0.6888637413873842,0.0013917195615211764
2026,2838,0.7012613292911285,0.695946856743785,-0.005314472547343518
2026,2839,0.6809409373910471,0.6851705306579754,0.004229593266928289
2026,2840,0.6972641623749152,0.6834153669596539,-0.013848795415261295
2026,2841,0.6789837769431393,0.6702951297594287,-0.00868864718371054
2026,2842,0.702434581162293,0.6895071004055287,-0.012927480756764309
2026,2843,0.6809956339013328,0.6741210666076697,-0.006874567293663092
2026,2844,0.6884133270362648,0.6911686973601239,0.0027553703238590854
2026,2845,0.6905757110091902,0.690828749208303,0.00025303819911270953
2026,2846,0.6967579271272308,0.6841587571146763,-0.012599170012554506
2026,2847,0.6968180787140656,0.6913742978382915,-0.005443780875774129
2026,2848,0.6925271329493488,0.6907971352892328,-0.001729997660115945
2026,2849,0.6904269080006262,0.6809953078065704,-0.009431600194055867
2026,2850,0.68976677275072,0.6910673552914348,0.0013005825407148563
2026,2851,0.6815542291206382,0.6777690621611572,-0.0037851669594810566
2026,2852,0.6989239307867933,0.6913286410382472,-0.0075952897485460635
2026,2853,0.683651637195697,0.675718781378027,-0.007932855817670004
2026,2854,0.6947103552991443,0.6915814504046389,-0.0031289048945053466
2026,2855,0.6899916577658907,0.6849310926411621,-0.005060565124728522
2026,2856,0.6980894766064852,0.6936416485965857,-0.004447828009899513
2026,2857,0.6951536992233148,0.6927586288411948,-0.002395070382120057
2026,2858,0.6915869197839428,0.6885369366322511,-0.003049983151691693
2026,2859,0.7057780160157979,0.6917943464342337,-0.013983669581564273
2026,2860,0.7005268868383724,0.6942396893247806,-0.006287197513591747
2026,2861,0.6860590705645986,0.6920910947673835,0.006032024202784925
2026,2862,0.6904438678592169,0.6865714752176963,-0.0038723926415205057
2026,2863,0.6759730289317776,0.6748355774431396,-0.001137451488637975
2026,2864,0.6991804708427272,0.6897059031889634,-0.009474567653763755
2026,2865,0.6979619259544627,0.6891304244096558,-0.008831501544806941
2026,2866,0.6946619251810822,0.6760054724545776,-0.018656452726504513
2026,2867,0.6834426007979368,0.6911924069602063,0.007749806162269501
2026,2868,0.6648366209797949,0.6628056660604231,-0.0020309549193717746
2026,2869,0.6958972770072573,0.6828022376623929,-0.013095039344864445
2026,2870,0.704000338866537,0.6821119464886856,-0.02188839237785145
2026,2871,0.698195672886744,0.6897190545829981,-0.008476618303745909
2026,2872,0.7108779579729889,0.6962892648217429,-0.014588693151246002
2026,2873,0.683205854797306,0.6883877401634312,0.005181885366125183
2026,2874,0.6929973946960699,0.6895664158164496,-0.0034309788796202945
2026,2875,0.6906546469508765,0.6854524413978457,-0.005202205553030859
2026,2876,0.6876630920617215,0.6853318930871497,-0.002331198974571791
2026,2877,0.6887462359646446,0.6838575643168023,-0.004888671647842235
2026,2878,0.6925725164845953,0.6820218168667689,-0.010550699617826398
2026,2879,0.6919029076688326,0.6845240140938291,-0.007378893575003431
2026,2880,0.686810542066536,0.6816533392620601,-0.005157202804475958
2026,2881,0.6871336878121492,0.6850161367992433,-0.002117551012905894
2026,2882,0.6919771832617192,0.6773690299876102,-0.014608153274109026
2026,2883,0.6998511147073859,0.6950186193917129,-0.00483249531567298
2026,2884,0.700889855402101,0.702341485528803,0.0014516301267020193
2026,2885,0.6948044368298708,0.6941744792240373,-0.0006299576058335088
2026,2886,0.6850690368022709,0.6773854610583788,-0.007683575743892113
2026,2887,0.6833361556529401,0.6816655984977371,-0.001670557155203034
2026,2888,0.6990561811329437,0.6961649665177416,-0.0028912146152020313
2026,2889,0.692376764820712,0.6818140471016904,-0.01056271771902162
2026,2890,0.6929197319489284,0.6814809584560775,-0.01143877349285094
2026,2891,0.7054715159380747,0.7074240234104746,0.0019525074723999447
2026,2892,0.6992741441327089,0.690197348317773,-0.009076795814935923
2026,2893,0.6879728774504739,0.6823444746535272,-0.005628402796946652
2026,2894,0.6991540646471339,0.7023075357981541,0.0031534711510201596
2026,2895,0.6840547880400563,0.6858759590131203,0.0018211709730640013
2026,2896,0.7025944785908451,0.6824197693375363,-0.020174709253308776
2026,2897,0.6852036002136204,0.6840939813283743,-0.0011096188852460775
2026,2898,0.6773611250330052,0.6776556010583349,0.0002944760253297263
2026,2899,0.6965905247355821,0.6848957014169205,-0.011694823318661673
2026,2900,0.6889322863112363,0.6809789969859334,-0.007953289325302815
2026,2901,0.6933596756437672,0.6854647153563436,-0.007894960287423647
2026,2902,0.6962976894998559,0.6869031434722075,-0.009394546027648443
2026,2903,0.6990349369105868,0.6956046425005615,-0.003430294410025292
2026,2904,0.6960054022762734,0.6913039625723245,-0.004701439703948873
2026,2905,0.6909732170269065,0.6942599441299298,0.003286727103023246
2026,2906,0.7032879962457114,0.6903580186416012,-0.012929977604110188
2026,2907,0.7053956844312943,0.7001178741639154,-0.005277810267378946
2026,2908,0.6929359591517444,0.6923054342231869,-0.0006305249285575298
2026,2909,0.6935523332279677,0.6846623771190261,-0.00888995610894161
2026,2910,0.7121813782754063,0.6944600819749329,-0.017721296300473366
2026,2911,0.6974436970929225,0.6887194727162328,-0.008724224376689738
2026,2912,0.6888111114621067,0.6803894112483899,-0.008421700213716798
2026,2913,0.704541630836407,0.6952129284072404,-0.009328702429166613
2026,2914,0.6870730238860545,0.688925051353654,0.001852027467599493
2026,2915,0.6871418445233338,0.68956203720996,0.002420192686626188
2026,2916,0.698840277989072,0.6947058748736359,-0.004134403115436114
2026,2917,0.6975765577757025,0.6947987452332214,-0.002777812542481106
2026,2918,0.6927916867716177,0.6921460600303254,-0.0006456267412923156
2026,2919,0.6866830703160274,0.6762695753905174,-0.010413494925510025
2026,2920,0.6979680859879398,0.6890860658740534,-0.00888202011388639
2026,2921,0.6875606671732455,0.6694814591066821,-0.01807920806656338
2026,2922,0.6832013110696762,0.6858049684567508,0.002603657387074576
2026,2923,0.6879409491459705,0.6829094472672254,-0.005031501878745126
2026,2924,0.6999292709981959,0.6933773298448943,-0.006551941153301599
2026,2925,0.6887111988885362,0.6853943885599573,-0.0033168103285788897
2026,2926,0.6970338655645991,0.6898816649220175,-0.0071522006425815965
2026,2927,0.7006742938387709,0.6938613182493504,-0.006812975589420511
2026,2928,0.6883850532299518,0.6876808700076729,-0.0007041832222789424
2026,2929,0.6986098576551453,0.6935936915151328,-0.005016166140012435
2026,2930,0.6862463559155421,0.6953044601706847,0.00905810425514264
2026,2931,0.6953180077084652,0.6885040626692142,-0.006813945039251035
2026,2932,0.6949291485836357,0.6902842107171572,-0.004644937866478571
2026,2933,0.6879073920023897,0.6832311846401883,-0.004676207362201423
2026,2934,0.6947533240039585,0.6900340023086475,-0.004719321695310974
2026,2935,0.688376312995987,0.6747903081306124,-0.013586004865374646
2026,2936,0.7030992828031235,0.691859834748356,-0.011239448054767509
2026,2937,0.6843827739621421,0.6791138027925179,-0.005268971169624215
2026,2938,0.6946499523647374,0.703087420553963,0.008437468189225639
2026,2939,0.6882089025830015,0.679237691759726,-0.008971210823275455
2026,2940,0.6886337328004825,0.6816787670650366,-0.0069549657354458505
2026,2941,0.6857562531525192,0.6809188889515718,-0.0048373642009473805
2026,2942,0.6990951827901861,0.6890398617447531,-0.010055321045433052
2026,2943,0.6893531267368671,0.6871664367198507,-0.002186690017016435
2026,2944,0.6881422072383999,0.6812760932111191,-0.0068661140272807675
2026,2945,0.6905210536708261,0.6870172938897945,-0.003503759781031568
2026,2946,0.6805912909941843,0.6839781563769209,0.0033868653827366924
2026,2947,0.6970710857504967,0.6857067847287578,-0.01136430102173891
2026,2948,0.6859834214246776,0.6861244229490875,0.00014100152440987834
2026,2949,0.6910585361276628,0.6789270553105844,-0.012131480817078377
2026,2950,0.7149361644519492,0.6861685263960442,-0.028767638055904987
2026,2951,0.6982243918516318,0.696611875508864,-0.0016125163427677114
2026,2952,0.6855516848452918,0.6905867027719881,0.00503501792669625
2026,2953,0.6923219261789042,0.6835055845498501,-0.008816341629054092
2026,2954,0.6899908900768456,0.6897340078290781,-0.0002568822477674315
2026,2955,0.6926991856466161,0.6918885678801556,-0.0008106177664605196
2026,2956,0.687106773969355,0.6812422280808379,-0.0058645458885171475
2026,2957,0.7026232856566097,0.7007491230523117,-0.0018741626042979576
2026,2958,0.696469481555915,0.69525913125835,-0.0012103502975649993
2026,2959,0.6882111793935524,0.6895621016992151,0.001350922305662694
2026,2960,0.6983531805811469,0.6964204201050134,-0.0019327604761335548
2026,2961,0.6874350093759497,0.6888780496591942,0.00144304028324449
2026,2962,0.6879644477506319,0.6906059670582004,0.0026415193075685073
2026,2963,0.6883820574608568,0.6891269799238846,0.0007449224630278195
2026,2964,0.6958797733952995,0.685396194084425,-0.010483579310874513
2026,2965,0.6952267751444918,0.6928857202413943,-0.0023410549030975503
2026,2966,0.6975941843630815,0.6875763521353151,-0.010017832227766421
2026,2967,0.6984956497285544,0.697759417761193,-0.0007362319673613893
2026,2968,0.6879562541019176,0.6842274399329173,-0.003728814169000283
2026,2969,0.7005824731092634,0.6891139166396126,-0.011468556469650726
2026,2970,0.6990812448109793,0.6889238815018761,-0.010157363309103218
2026,2971,0.6976537171624568,0.6908152535490368,-0.006838463613419998
2026,2972,0.6881903687610458,0.6784590649591078,-0.009731303801937985
2026,2973,0.694815822172171,0.692988622556599,-0.0018271996155719838
2026,2974,0.7034031613069153,0.6929126565184303,-0.010490504788485011
2026,2975,0.6941484200789739,0.6944588341703549,0.00031041409138099496
2026,2976,0.6950352071671457,0.6816518428508082,-0.013383364316337576
2026,2977,0.7026444502915374,0.6977848081680325,-0.004859642123504981
2026,2978,0.7033630111745375,0.6941866567749909,-0.00917635439954656
2026,2979,0.7040176434239321,0.6933764363862465,-0.010641207037685674
2026,2980,0.6780056110035593,0.677766535954725,-0.00023907504883424746
2026,2981,0.6935292426606265,0.6835884575850879,-0.009940785075538638
2026,2982,0.6922814286393252,0.683808474296998,-0.008472954342327199
2026,2983,0.6860981201017184,0.6773283970706121,-0.008769723031106347
2026,2984,0.7042966120214196,0.6988411165240831,-0.005455495497336482
2026,2985,0.6896765961856637,0.6923089092470578,0.0026323130613941093
2026,2986,0.6935020245883455,0.6907512013813588,-0.002750823206986719
2026,2987,0.6975445738236576,0.6907016166913155,-0.006842957132342176
2026,2988,0.6882482704389599,0.6850920280815874,-0.0031562423573724407
2026,2989,0.7041119849444117,0.698462766960669,-0.005649217983742738
2026,2990,0.6868640171075655,0.6902234464703785,0.0033594293628129712
2026,2991,0.6874097209754917,0.6807480296977371,-0.006661691277754622
2026,2992,0.6937364006762357,0.7008191152477034,0.0070827145714676965
2026,2993,0.6971021086324057,0.6822549178310291,-0.014847190801376642
2026,2994,0.6833225403860932,0.6715061715598155,-0.011816368826277679
2026,2995,0.6999356722367681,0.6944197770457619,-0.005515895191006259
2026,2996,0.6932866464075116,0.6967114116953235,0.0034247652878118817
2026,2997,0.6938944671275551,0.6773094785036313,-0.01658498862392377
2026,2998,0.6862790120590951,0.6776081339579947,-0.008670878101100454
2026,2999,0.6922092081564152,0.6847028174402511,-0.007506390716164102
2026,3000,0.6978269387106962,0.6917056873825962,-0.006121251328100041
2026,3001,0.6897664999598347,0.6805725736282022,-0.009193926331632518
2026,3002,0.6923548437112826,0.6845996476170984,-0.007755196094184291
2026,3003,0.6836509761464824,0.6805746119406956,-0.00307636420578683
2026,3004,0.7017645760618354,0.6928094925570167,-0.008955083504818662
2026,3005,0.6888268889973892,0.6860924669969789,-0.002734422000410297
2026,3006,0.6964493941571066,0.6969138585566741,0.000464464399567488
2026,3007,0.6939574704533562,0.695548810018439,0.0015913395650828388
2026,3008,0.6880420546947622,0.6913984224412711,0.003356367746508937
2026,3009,0.6919142483674978,0.6878709112030303,-0.004043337164467475
2026,3010,0.6900438325033578,0.685471703114408,-0.004572129388949797
2026,3011,0.6955846929104119,0.690146030826312,-0.005438662084099932
2026,3012,0.687030690955913,0.6698566772863723,-0.017174013669540633
2026,3013,0.695314857248835,0.6854184980129168,-0.00989635923591825
2026,3014,0.6816540645613126,0.691161723720523,0.009507659159210369
2026,3015,0.7015230585566791,0.6804959143446456,-0.021027144212033444
2026,3016,0.6884312187093842,0.6898385568395926,0.0014073381302084353
2026,3017,0.6925238816233263,0.6759365907200134,-0.0165872909033129
2026,3018,0.6903082189332491,0.6891285150603657,-0.0011797038728834641
2026,3019,0.6795738647201028,0.6876249964555139,0.008051131735411055
2026,3020,0.6890330550147445,0.6886635465616839,-0.0003695084530606074
2026,3021,0.691033627112726,0.6835390235067816,-0.007494603605944339
2026,3022,0.6848873932565561,0.6853169441858857,0.00042955092932961403
2026,3023,0.6885542197355374,0.6797866689793001,-0.008767550756237363
2026,3024,0.7039957511966373,0.6997566940633936,-0.004239057133243684
2026,3025,0.6939006486754851,0.6840161308402535,-0.009884517835231588
2026,3026,0.6948908365078534,0.7015907083593549,0.006699871851501449
2026,3027,0.6952180083396122,0.6803839184713285,-0.014834089868283717
2026,3028,0.6902716673424542,0.6797118829223223,-0.010559784420131835
2026,3029,0.6978674260743363,0.6823679519448215,-0.0154994741295148
2026,3030,0.6918241127498546,0.6879327360049474,-0.003891376744907138
2026,3031,0.6929187731665882,0.679119816600768,-0.013798956565820197
2026,3032,0.6868810228335664,0.6738183432664714,-0.013062679567095059
2026,3033,0.6850449357183268,0.6810083451944069,-0.004036590523919914
2026,3034,0.6924063590579015,0.6888300521734118,-0.0035763068844897328
2026,3035,0.701600593958504,0.6964059557119919,-0.005194638246512118
2026,3036,0.6940925392803927,0.6824829088241848,-0.011609630456207887
2026,3037,0.6989354113296027,0.6867163191715571,-0.012219092158045619
2026,3038,0.7017946326253222,0.6995474544806664,-0.0022471781446558037
2026,3039,0.6959268096638952,0.6879332130302488,-0.007993596633646405
2026,3040,0.6939791734818991,0.6846573142275694,-0.009321859254329712
2026,3041,0.692111288541011,0.690487506814289,-0.0016237817267219512
2026,3042,0.6858024563204743,0.6783024303590786,-0.007500025961395762
2026,3043,0.6964694234623716,0.6814495246307674,-0.015019898831604261
2026,3044,0.6956555012914739,0.6964492993642646,0.0007937980727906746
2026,3045,0.6968047099721248,0.6968374961222159,3.2786150091057564e-05
2026,3046,0.6880780381067039,0.6833679260363563,-0.00471011207034755
2026,3047,0.6896723957734346,0.6853001706174604,-0.004372225155974241
2026,3048,0.6889187562453208,0.689383231428875,0.0004644751835541916
2026,3049,0.6843346667752397,0.6807490205150717,-0.003585646260167996
2026,3050,0.6886630139374007,0.6848139689835446,-0.0038490449538560734
2026,3051,0.6910733653549977,0.6913999600161208,0.00032659466112305857
2026,3052,0.685221742972892,0.6798911493358464,-0.0053305936370455775
2026,3053,0.6963725890720796,0.6845215278504841,-0.011851061221595405
2026,3054,0.7016530503027788,0.6954810427078817,-0.006172007594897111
2026,3055,0.6756769291328893,0.6698393272745116,-0.005837601858377783
2026,3056,0.7002061957970007,0.6976877377672659,-0.002518458029734827
2026,3057,0.6876934885364132,0.6872227799836969,-0.00047070855271635903
2026,3058,0.6828756086590066,0.6819914131337443,-0.0008841955252623102
2026,3059,0.6821996228036422,0.6889741372454519,0.006774514441809654
2026,3060,0.691001550511724,0.6787831325509028,-0.012218417960821126
2026,3061,0.6850569684357732,0.6777245877170294,-0.007332380718743869
2026,3062,0.6943353089501099,0.6917745848840133,-0.0025607240660965314
2026,3063,0.6896815392265865,0.6876883582091626,-0.0019931810174238507
2026,3064,0.6977171919190959,0.6841795452602871,-0.013537646658808744
2026,3065,0.6929992393603234,0.6836191334361559,-0.009380105924167492
2026,3066,0.6795651784367829,0.6759664076321683,-0.0035987708046145706
2026,3067,0.6998122322848677,0.6992247135539389,-0.000587518730928771
2026,3068,0.6730470564011283,0.6720222562875009,-0.0010248001136273777
2026,3069,0.6942368558753966,0.6800182756608366,-0.014218580214560017
2026,3070,0.6970883240632777,0.6973842036597941,0.00029587959651644624
2026,3071,0.6897365447967827,0.682639018195375,-0.007097526601407722
2026,3072,0.6756812895984481,0.6708205980569911,-0.004860691541456963
2026,3073,0.6963458147005002,0.678331221227306,-0.018014593473194118
2026,3074,0.6865052871863484,0.6868817817392753,0.00037649455292687595
2026,3075,0.6764773223121607,0.6757380234102504,-0.0007392989019103791
2026,3076,0.6942377969445862,0.690595910344817,-0.003641886599769162
2026,3077,0.6844926515696617,0.681828294849442,-0.002664356720219696
2026,3078,0.7005649796388602,0.6912285488966534,-0.009336430742206803
2026,3079,0.6860553415248745,0.6807037820429334,-0.005351559481941104
2026,3080,0.6948362576166982,0.6964833600278113,0.0016471024111130994
2026,3081,0.7030678882514074,0.6926197995339338,-0.010448088717473603
2026,3082,0.6927626629066111,0.7019260524716487,0.009163389565037594
2026,3083,0.6918768215754713,0.6791801394966201,-0.012696682078851107
2026,3084,0.690776321983813,0.6820082450797271,-0.008768076904085875
2026,3085,0.6907364886757243,0.6924702259637037,0.00173373728797932
2026,3086,0.6910177771546155,0.6914033599367533,0.0003855827821377389
2026,3087,0.7001471845844434,0.6875295930357526,-0.012617591548690799
2026,3088,0.7013078142201785,0.7023933537607199,0.0010855395405413581
2026,3089,0.708657614385644,0.70899322279996,0.0003356084143160132
2026,3090,0.6956803674339084,0.6817156881668106,-0.013964679267097768
2026,3091,0.6900417253729146,0.6751213560354001,-0.014920369337514505
2026,3092,0.7023778722348726,0.689729290549016,-0.012648581685856586
2026,3093,0.6923139916823913,0.6900912530148315,-0.0022227386675597316
2026,3094,0.7103799129504671,0.6913246393629073,-0.019055273587559762
2026,3095,0.6854594995340959,0.6886754254236714,0.0032159258895755327
2026,3096,0.6979284546725241,0.6943430772578316,-0.0035853774146924478
2026,3097,0.6885484702052469,0.6834428043297868,-0.00510566587546013
2026,3098,0.691311508124888,0.6751861554657275,-0.016125352659160486
2026,3099,0.6936149879493363,0.6923892814751096,-0.0012257064742267065
2026,3100,0.6913636184992245,0.6921434400700828,0.0007798215708583189
2026,3101,0.6997365968637617,0.6852072213928067,-0.014529375470955008
2026,3102,0.6854581838925717,0.675148185276139,-0.01030999861643278
2026,3103,0.7029022688897983,0.7000917823794743,-0.002810486510324006
2026,3104,0.6958424730370261,0.6927102314057398,-0.0031322416312862256
2026,3105,0.6830146864098294,0.6937006727115054,0.010685986301675943
2026,3106,0.6934305868420906,0.6929585416487571,-0.00047204519333343686
2026,3107,0.7018040033540653,0.6891657665964875,-0.012638236757577803
2026,3108,0.687040802582884,0.6803978825396355,-0.0066429200432485125
2026,3109,0.7084409794939592,0.6931826150095283,-0.015258364484430964
2026,3110,0.7006418897551427,0.6888137375791422,-0.011828152176000528
2026,3111,0.6985585420475484,0.6895750349312517,-0.008983507116296696
2026,3112,0.6887078999383254,0.6863791406456085,-0.00232875929271692
2026,3113,0.6866695478600184,0.6811998329920265,-0.0054697148679919705
2026,3114,0.6852510818264443,0.680112263677057,-0.005138818149387325
2026,3115,0.6904047023771371,0.6886332167316367,-0.001771485645500448
2026,3116,0.6954649454468174,0.698236551216975,0.00277160577015767
2026,3117,0.6849391955636113,0.6858165623314703,0.0008773667678589891
2026,3118,0.6958568912325431,0.6848133234079445,-0.011043567824598588
2026,3119,0.7078455798210872,0.7042535751595156,-0.003592004661571613
2026,3120,0.6911723171388504,0.6886518853363869,-0.0025204318024635297
2026,3121,0.6967191260491868,0.6909194010310792,-0.00579972501810766
2026,3122,0.6872205788830767,0.6931100436265105,0.00588946474343377
2026,3123,0.6974919573015369,0.6925358921794326,-0.004956065122104336
2026,3124,0.6860899585587465,0.6884784442379978,0.0023884856792512066
2026,3125,0.6850205315273091,0.6795112992360286,-0.00550923229128053
2026,3126,0.6863787026616316,0.684394673797764,-0.001984028863867615
2026,3127,0.6839080953417163,0.6858687105508308,0.0019606152091145024
2026,3128,0.6911007104226654,0.6943161651388092,0.0032154547161438174
2026,3129,0.6967177888427372,0.6913902294003754,-0.00532755944236174
2026,3130,0.6851141317587657,0.6849899236006691,-0.0001242081580965504
2026,3131,0.6926990458042346,0.7007000489278816,0.008001003123647044
2026,3132,0.6917419380510608,0.6801532769977299,-0.011588661053330895
2026,3133,0.7071614576321555,0.6991991703183389,-0.007962287313816652
2026,3134,0.6985363663235324,0.6878367722392755,-0.010699594084256914
2026,3135,0.6855397010716504,0.6809029824760755,-0.004636718595574907
2026,3136,0.701221422250506,0.6962239059837594,-0.004997516266746604
2026,3137,0.7006921715805308,0.6919767087668413,-0.008715462813689512
2026,3138,0.6817985966128806,0.6720221708591975,-0.009776425753683093
2026,3139,0.6936383559084299,0.6823020995102667,-0.011336256398163269
2026,3140,0.6835981930804919,0.6839585142259612,0.00036032114546935556
2026,3141,0.6923854991881282,0.6925391497391991,0.00015365055107086079
2026,3142,0.6959910504119962,0.7056633661764653,0.009672315764469142
2026,3143,0.6909102648498473,0.677975748981487,-0.012934515868360252
2026,3144,0.6853561953510214,0.6852113289912471,-0.0001448663597742872
2026,3145,0.691280729766124,0.6847479803282827,-0.006532749437841323
2026,3146,0.6962090967879617,0.6890635332212773,-0.0071455635666843875
2026,3147,0.6893362974871633,0.6770546392240324,-0.012281658263130879
2026,3148,0.7043953974358367,0.6944414397242842,-0.009953957711552497
2026,3149,0.6891736617513073,0.6989708955374812,0.009797233786173809
2026,3150,0.6941453373532488,0.6865751172427137,-0.0075702201105350975
2026,3151,0.6955940364367978,0.6935296022559072,-0.0020644341808906397
2026,3152,0.6875175003818146,0.6936357974167275,0.006118297034912956
2026,3153,0.6990361178182305,0.6931381618509258,-0.005897955967304691
2026,3154,0.695027951618118,0.6908535084943193,-0.004174443123798777
2026,3155,0.7006690172152664,0.6935056441447185,-0.007163373070547929
2026,3156,0.6964034427882818,0.7011977236163507,0.004794280828068875
2026,3157,0.700692127778663,0.6886891646394355,-0.01200296313922744
2026,3158,0.6907622580807358,0.6853693231189992,-0.00539293496173654
2026,3159,0.6809059186076886,0.6812415653311121,0.00033564672342356605
2026,3160,0.6992748952278891,0.6929086005291758,-0.006366294698713304
2026,3161,0.6940333119669819,0.6830223563282716,-0.011010955638710351
2026,3162,0.7024419223966509,0.68761102656701,-0.014830895829640922
2026,3163,0.6854808464730612,0.6786119659437154,-0.0068688805293457555
2026,3164,0.7045132993801391,0.6891378570496305,-0.015375442330508582
2026,3165,0.6998461130282814,0.6789126714652396,-0.020933441563041777
2026,3166,0.6984132668310505,0.6918905171261205,-0.006522749704930053
2026,3167,0.6884391390274037,0.689870598548754,0.0014314595213502646
2026,3168,0.6892452084407642,0.6852046100733618,-0.004040598367402448
2026,3169,0.6833857366597615,0.679113947565408,-0.004271789094353551
2026,3170,0.6973498761103722,0.6959075972306746,-0.0014422788796976116
2026,3171,0.6894037890712439,0.6898258620567226,0.0004220729854786942
2026,3172,0.6900905843478775,0.68924210370012,-0.0008484806477575546
2026,3173,0.6964924707528943,0.6881023041068868,-0.008390166646007557
2026,3174,0.7025786141917549,0.7001902478551016,-0.0023883663366532915
2026,3175,0.6864299706004228,0.6900869965435459,0.0036570259431231156
2026,3176,0.6953215475675025,0.6902006694998997,-0.005120878067602863
2026,3177,0.6905967647153819,0.6835231358294658,-0.007073628885916117
2026,3178,0.6964085957519739,0.682436415486283,-0.013972180265690914
2026,3179,0.7014382778330277,0.6918949351332916,-0.009543342699736113
2026,3180,0.7015445421563669,0.6946049888446448,-0.006939553311722024
2026,3181,0.6881167118279647,0.6935938995880262,0.005477187760061453
2026,3182,0.7026711281967827,0.6901719230117663,-0.012499205185016349
2026,3183,0.6800162268787132,0.6697147388635556,-0.010301488015157623
2026,3184,0.6932218628625363,0.685664535530023,-0.007557327332513242
2026,3185,0.6947642993123953,0.6792029110228417,-0.015561388289553557
2026,3186,0.6920260407699126,0.6814505235458194,-0.010575517224093223
2026,3187,0.6857563801486096,0.6823360811426242,-0.0034202990059853944
2026,3188,0.6883771068333024,0.6835355114858159,-0.004841595347486516
2026,3189,0.7002135714170081,0.6960807611505979,-0.004132810266410214
2026,3190,0.690675801779694,0.6904939033492525,-0.0001818984304414739
2026,3191,0.7081566839348244,0.6939118480070212,-0.014244835927803234
2026,3192,0.6874094751541242,0.6839764266767171,-0.003433048477407108
2026,3193,0.6931593751689942,0.6924105476712559,-0.0007488274977383025
2026,3194,0.6956347373114427,0.6929742278132067,-0.00266050949823593
2026,3195,0.6865361905148373,0.6819673403574715,-0.004568850157365745
2026,3196,0.6923511371458866,0.6971663879347408,0.004815250788854253
2026,3197,0.6977348870139646,0.6966333437331373,-0.001101543280827233
2026,3198,0.696105999013709,0.6881549992279832,-0.007950999785725776
2026,3199,0.6985714883923018,0.6894716889426373,-0.009099799449664436
2026,3200,0.6920165527414328,0.6821008841430257,-0.00991566859840709
2026,3201,0.6946264995682878,0.6933719465749977,-0.0012545529932901367
2026,3202,0.6967914578059753,0.6812928900213999,-0.015498567784575368
2026,3203,0.7011564838865405,0.695200795547876,-0.005955688338664555
2026,3204,0.6911145846774261,0.68465447227771,-0.006460112399716111
2026,3205,0.6874889602798429,0.6868031459737899,-0.0006858143060529676
2026,3206,0.6838065000198843,0.6832077925407316,-0.0005987074791526936
2026,3207,0.7058773625010756,0.6969443200051013,-0.008933042495974264
2026,3208,0.7029021680822292,0.6962749329603755,-0.006627235121853703
2026,3209,0.6918566395583097,0.6879098610598766,-0.003946778498433057
2026,3210,0.7030471567954102,0.700367091283962,-0.002680065511448171
2026,3211,0.6921742743756923,0.6905540585256642,-0.0016202158500281394
2026,3212,0.6956324306254767,0.6798432964778356,-0.01578913414764116
2026,3213,0.7011200505777291,0.6906843856004425,-0.01043566497728654
2026,3214,0.7019777876298873,0.6942330637225058,-0.007744723907381457
2026,3215,0.6970256946189268,0.6924035278502118,-0.004622166768715075
2026,3216,0.6935001079073071,0.6882091337272555,-0.005290974180051644
2026,3217,0.6903109065651774,0.6722102962264526,-0.018100610338724787
2026,3218,0.6813311699302531,0.6732835978584788,-0.008047572071774312
2026,3219,0.6880962713436609,0.6857379696779333,-0.0023583016657275913
2026,3220,0.6974047921842236,0.6852949414732237,-0.012109850710999903
2026,3221,0.6860179290199959,0.6794814895725788,-0.006536439447417108
2026,3222,0.7017857233550983,0.704187617294201,0.0024018939391027283
2026,3223,0.6802321508839135,0.676263826058496,-0.003968324825417535
2026,3224,0.6830647905372316,0.6756742210985589,-0.007390569438672667
2026,3225,0.6861998295161966,0.6812422537837514,-0.004957575732445263
2026,3226,0.6957673153664258,0.6900431087698695,-0.005724206596556258
2026,3227,0.685767137727725,0.6843217862519995,-0.0014453514757255537
2026,3228,0.6938043352105081,0.6821087564586643,-0.011695578751843794
2026,3229,0.6947510532573451,0.6913301249280931,-0.0034209283292520043
2026,3230,0.695968471217373,0.683466272098983,-0.012502199118390012
2026,3231,0.6933841382916592,0.6827434724663766,-0.010640665825282669
2026,3232,0.6785871660654005,0.6722492368473263,-0.00633792921807419
2026,3233,0.7035753207329883,0.6973083865889447,-0.006266934144043668
2026,3234,0.7005610863927527,0.6891971185756239,-0.011363967817128784
2026,3235,0.6914352560339296,0.6888650531053868,-0.0025702029285428196
2026,3236,0.6848708146393143,0.686384534269487,0.0015137196301726608
2026,3237,0.6875274743698683,0.6794986983622513,-0.008028776007616978
2026,3238,0.698648839298156,0.6884836804046951,-0.010165158893460924
2026,3239,0.7012164989128387,0.6924560306812764,-0.00876046823156229
2026,3240,0.6885826794684758,0.6853451360015398,-0.0032375434669360548
2026,3241,0.6969171208791818,0.6829924691747404,-0.013924651704441349
2026,3242,0.6906653583020923,0.6914408997597351,0.0007755414576428032
2026,3243,0.7019347773583432,0.6937435571070929,-0.008191220251250297
2026,3244,0.6957483659371366,0.6820235859062282,-0.013724780030908379
2026,3245,0.6896063228340263,0.6883495954010612,-0.0012567274329651212
2026,3246,0.6889783947990558,0.6834633388291738,-0.005515055969881999
2026,3247,0.6998874615594886,0.6894186579707515,-0.01046880358873703
2026,3248,0.6954125379801257,0.6989505899544548,0.003538051974329104
2026,3249,0.6908689478627815,0.6902102528898595,-0.0006586949729220359
2026,3250,0.6848757922205642,0.6917972792440091,0.006921487023444972
2026,3251,0.6881077763285149,0.6867714643834715,-0.0013363119450434668
2026,3252,0.7062741889960761,0.700541514711134,-0.005732674284942063
2026,3253,0.6990220684151727,0.7007710861700917,0.00174901775491898
2026,3254,0.6914553648133636,0.6726032256341843,-0.018852139179179273
2026,3255,0.6838398221608113,0.6792767580129524,-0.004563064147858897
2026,3256,0.6792116206166983,0.6776501467505975,-0.0015614738661007266
2026,3257,0.6855786135938631,0.6827835890218981,-0.00279502457196501
2026,3258,0.697907621425035,0.6949579224019311,-0.0029496990231039355
2026,3259,0.6861834375188092,0.6854627796415624,-0.0007206578772467331
2026,3260,0.6840109587166093,0.6744885861501755,-0.009522372566433845
2026,3261,0.6948431151555172,0.6845725951899004,-0.010270519965616787
2026,3262,0.700836842958803,0.694068864068353,-0.006767978890449999
2026,3263,0.7010329455920079,0.6974131140114402,-0.0036198315805676673
2026,3264,0.6903133595514565,0.6858034694343464,-0.004509890117110005
2026,3265,0.709991052347467,0.7015857401799672,-0.008405312167499734
2026,3266,0.6835768684016976,0.6804251350774002,-0.003151733324297412
2026,3267,0.6964911673610253,0.6924582415422638,-0.004032925818761579
2026,3268,0.6869544824209705,0.677652342895225,-0.009302139525745434
2026,3269,0.6911006197099798,0.6771314372998776,-0.013969182410102254
2026,3270,0.6894397517460231,0.6967817507224459,0.007341998976422737
2026,3271,0.6937714431275679,0.6728788547362183,-0.020892588391349554
2026,3272,0.6841708693795215,0.6901763145292611,0.006005445149739552
2026,3273,0.692264539141743,0.6835923508548195,-0.00867218828692351
2026,3274,0.6875573113639911,0.686411200142542,-0.001146111221449142
2026,3275,0.6950429103787111,0.6874253828803905,-0.007617527498320675
2026,3276,0.697224979971411,0.6871958044198005,-0.010029175551610425
2026,3277,0.6969302081682248,0.6927596820033404,-0.004170526164884447
2026,3278,0.7181611584024168,0.6990878052513491,-0.01907335315106773
2026,3279,0.686997584325165,0.6853373486191361,-0.001660235706028912
2026,3280,0.6792575717301497,0.6713725735474982,-0.007884998182651426
2026,3281,0.7056238518820712,0.6942396711568053,-0.011384180725265924
2026,3282,0.6987401599841102,0.6880363126213236,-0.010703847362786623
2026,3283,0.6930020180456868,0.6822183509907019,-0.010783667054984902
2026,3284,0.7040169031734005,0.7008865339948074,-0.0031303691785931065
2026,3285,0.6981070065422011,0.6873902321488792,-0.01071677439332197
2026,3286,0.6914096652927899,0.6926425233571589,0.0012328580643690135
2026,3287,0.7005796303908302,0.6868962903068188,-0.013683340084011397
2026,3288,0.6856663022098672,0.6851142973731461,-0.0005520048367211317
2026,3289,0.6854174065734212,0.6852550419733403,-0.0001623646000808998
2026,3290,0.6859835418713114,0.6751218796578582,-0.010861662213453194
2026,3291,0.7063281889230724,0.6942678285932959,-0.01206036032977642
2026,3292,0.6930963220922708,0.6925003305159316,-0.000595991576339161
2026,3293,0.7024659158302446,0.68885776517465,-0.01360815065559462
2026,3294,0.7065802473391101,0.6990875836280052,-0.007492663711104908
2026,3295,0.6859987590260187,0.6837009705021684,-0.0022977885238503193
2026,3296,0.6813408170438207,0.6738368692222405,-0.007503947821580148
2026,3297,0.6962797632181283,0.6760676913067983,-0.02021207191133001
2026,3298,0.6805022330669628,0.6734921310872699,-0.007010101979692873
2026,3299,0.7015140807616298,0.699073818863728,-0.0024402618979018076
2026,3300,0.6895293281046004,0.6868191995166266,-0.0027101285879738146
2026,3301,0.7001453241511979,0.6931190977738,-0.007026226377397915
2026,3302,0.6842567473771688,0.6846745270206265,0.00041777964345768304
2026,3303,0.6841842477361584,0.6788400916118491,-0.005344156124309274
2026,3304,0.692941473345637,0.692362879204119,-0.0005785941415180629
2026,3305,0.6890755815712888,0.6790290481340691,-0.010046533437219729
2026,3306,0.6894877817255887,0.6900264802310173,0.0005386985054286475
2026,3307,0.6828359011116676,0.6853809022763748,0.002545001164707239
2026,3308,0.7026070357887115,0.6990011520346042,-0.0036058837541073085
2026,3309,0.6907131877075636,0.6852395931412618,-0.005473594566301809
2026,3310,0.6916627669014186,0.6863654222408205,-0.005297344660598058
2026,3311,0.6925364404036314,0.6840964152620502,-0.008440025141581153
2026,3312,0.6980331796355538,0.6885210516127152,-0.009512128022838628
2026,3313,0.7015196601857763,0.6893681444699123,-0.012151515715863925
2026,3314,0.6897661870180273,0.6948195059589225,0.005053318940895224
2026,3315,0.7010181264671107,0.6841429601258384,-0.016875166341272285
2026,3316,0.6931721564761137,0.6881543168290096,-0.0050178396471041165
2026,3317,0.6777529872701181,0.6781296602308676,0.0003766729607495023
2026,3318,0.6933983097691718,0.6934341941244693,3.588435529744416e-05
2026,3319,0.6899235814889795,0.6894391827929032,-0.0004843986960763047
2026,3320,0.6805616511321154,0.6749623008058419,-0.005599350326273567
2026,3321,0.6932175732676851,0.6921890932476362,-0.0010284800200488498
2026,3322,0.6917292252586367,0.6957430702366943,0.004013844978057679
2026,3323,0.6878594252214028,0.6835144470901118,-0.004344978131290977
2026,3324,0.6978887625853591,0.6838181992644606,-0.01407056332089851
2026,3325,0.6863025332753253,0.6897803798250303,0.003477846549704955
2026,3326,0.6925971918631662,0.6804838498487745,-0.012113342014391626
2026,3327,0.683269688908067,0.6713365399718346,-0.01193314893623243
2026,3328,0.6860627639672925,0.6819611356458448,-0.00410162832144767
2026,3329,0.6818335056271763,0.6777109001340598,-0.0041226054931164935
2026,3330,0.6868827772041726,0.6865720892174036,-0.0003106879867689205
2026,3331,0.6971985622817027,0.6863146563977275,-0.010883905883975253
2026,3332,0.6911224948167262,0.6881373747299483,-0.0029851200867778704
2026,3333,0.6870831539874204,0.6815735081702055,-0.005509645817214914
2026,3334,0.7009483652510666,0.6810237107371053,-0.019924654513961304
2026,3335,0.6885396460921792,0.6837224439914396,-0.004817202100739659
2026,3336,0.687966360614924,0.6763675827431126,-0.011598777871811405
2026,3337,0.6867742839443709,0.6844425578865483,-0.002331726057822614
2026,3338,0.6864521246543326,0.6817225885802095,-0.004729536074123075
2026,3339,0.6922004159877232,0.6897649146336278,-0.0024355013540954262
2026,3340,0.6844511968071069,0.6857998949393646,0.0013486981322576863
2026,3341,0.6878995865209999,0.6861453051376483,-0.0017542813833516524
2026,3342,0.6837495020210244,0.689094150199727,0.005344648178702616
2026,3343,0.69010960052506,0.6881182359212902,-0.0019913646037698074
2026,3344,0.6896669728870273,0.6801509525609226,-0.009516020326104657
2026,3345,0.6856802650645718,0.6832920847933646,-0.002388180271207241
2026,3346,0.6904102329696609,0.6822286850616175,-0.008181547908043374
2026,3347,0.6893616866180475,0.6868879053042686,-0.0024737813137789555
2026,3348,0.696671411721576,0.6895334755103645,-0.007137936211211504
2026,3349,0.6939324816561049,0.6922318455305383,-0.0017006361255665903
2026,3350,0.7045530544669145,0.6948922533800619,-0.009660801086852633
2026,3351,0.6985111834690045,0.6930277059564767,-0.005483477512527868
2026,3352,0.700503693610554,0.7009318418202488,0.00042814820969483414
2026,3353,0.6937973550298356,0.6885251974686549,-0.0052721575611807125
2026,3354,0.6814201240400964,0.6875274161108731,0.006107292070776649
2026,3355,0.7000456962920514,0.6986792830343074,-0.0013664132577440036
2026,3356,0.700046306588364,0.6985222810616774,-0.0015240255266866232
2026,3357,0.6990578092556802,0.6949867254108687,-0.004071083844811474
2026,3358,0.6841125264229875,0.6796783336884449,-0.004434192734542597
2026,3359,0.695211065440488,0.6981732714203753,0.002962205979887278
2026,3360,0.69080502155999,0.6800820661257319,-0.010722955434258163
2026,3361,0.6812972497829057,0.6882608769847831,0.006963627201877376
2026,3362,0.6899537393104107,0.6855066093074687,-0.004447130002942057
2026,3363,0.6732102167390177,0.6744538984916082,0.0012436817525904864
2026,3364,0.6997038622085414,0.697414201432172,-0.0022896607763693844
2026,3365,0.6972544700936677,0.6812775800793327,-0.015976890014335
2026,3366,0.6821565050756049,0.6787305282436228,-0.0034259768319820916
2026,3367,0.7051158172215339,0.7026180424562449,-0.002497774765289007
2026,3368,0.6919659731981458,0.6816783674963731,-0.010287605701772673
2026,3369,0.6879740189491773,0.6888029278234625,0.0008289088742852169
2026,3370,0.6950904566795382,0.6901610601647761,-0.004929396514762097
2026,3371,0.6933588968954538,0.6984438990948953,0.005085002199441524
2026,3372,0.6946940439486289,0.6827501569058072,-0.011943887042821677
2026,3373,0.6978073257897682,0.6877286430049268,-0.010078682784841475
2026,3374,0.6940388971820505,0.6952831675357002,0.0012442703536497124
2026,3375,0.6924953247769354,0.6836516036371605,-0.00884372113977494
2026,3376,0.6990047148869432,0.6852793459925385,-0.013725368894404677
2026,3377,0.6917995966724728,0.6889662214792416,-0.0028333751932312357
2026,3378,0.6903504589671712,0.6804992444235296,-0.009851214543641573
2026,3379,0.6936813093447896,0.6900957130700405,-0.003585596274749081
2026,3380,0.6976235604136869,0.692742387678518,-0.004881172735168859
2026,3381,0.6930599756149958,0.6906530476438206,-0.0024069279711751435
2026,3382,0.6938331332210832,0.6841584809698615,-0.00967465225122166
2026,3383,0.6876417840810136,0.6787079627427344,-0.008933821338279246
2026,3384,0.6783548798883258,0.6791539811120177,0.0007991012236919781
2026,3385,0.6880978546615785,0.680532200273423,-0.007565654388155485
2026,3386,0.6964813556367245,0.6898228137974816,-0.006658541839242971
2026,3387,0.7031966818675344,0.6869338857029976,-0.01626279616453674
2026,3388,0.7024258266583895,0.6937900984226593,-0.008635728235730222
2026,3389,0.693639902906994,0.6969832442596658,0.0033433413526718914
2026,3390,0.6989531145204773,0.6941056850654685,-0.004847429455008712
2026,3391,0.7039703849985093,0.6940060001126431,-0.009964384885866151
2026,3392,0.6968271439783918,0.6868727693024327,-0.009954374675959166
2026,3393,0.6859266579324073,0.687764922158876,0.001838264226468711
2026,3394,0.6983633745304095,0.683460461400228,-0.01490291313018155
2026,3395,0.6877404362174948,0.6910003666023461,0.003259930384851284
2026,3396,0.6904884920610015,0.6894781279295621,-0.0010103641314394007
2026,3397,0.7004082072338302,0.6891022679909946,-0.011305939242835628
2026,3398,0.7093877741853867,0.7000253810975514,-0.009362393087835263
2026,3399,0.6863169365768046,0.6871626746002413,0.0008457380234366818
2026,3400,0.6859605896797029,0.6878927625178723,0.001932172838169488
2026,3401,0.6922213187411246,0.6929342354732031,0.0007129167320785168
2026,3402,0.7010702069979846,0.6904465028414979,-0.010623704156486724
2026,3403,0.6982183671066051,0.6888232683042941,-0.009395098802311042
2026,3404,0.6933458455211617,0.6908168304011792,-0.0025290151199824917
2026,3405,0.6874723208829208,0.6894741893392194,0.0020018684562986833
2026,3406,0.7035054276065698,0.699930009815263,-0.0035754177913067675
2026,3407,0.6920494573898403,0.6880418938467022,-0.004007563543138026
2026,3408,0.702894136632372,0.7021047892092749,-0.0007893474230971087
2026,3409,0.6891205409128779,0.6858190169267494,-0.003301523986128485
2026,3410,0.6959628632970166,0.6848959581959896,-0.011066905101027036
2026,3411,0.6897522635091049,0.6889427491580842,-0.0008095143510207237
2026,3412,0.7020449420900369,0.701734304282346,-0.00031063780769091665
2026,3413,0.7002004673103893,0.6956081402797453,-0.00459232703064405
2026,3414,0.6958584998787524,0.6949155128035942,-0.0009429870751581637
2026,3415,0.6950918212318273,0.6901807045623304,-0.004911116669496951
2026,3416,0.6941028397722844,0.6837612700921076,-0.010341569680176743
2026,3417,0.7033720219516424,0.6947501663984033,-0.008621855553239133
2026,3418,0.6973084573201058,0.6888542244312943,-0.00845423288881153
2026,3419,0.6961162818924316,0.69199556049847,-0.0041207213939615794
2026,3420,0.6974631014608069,0.6846079637059902,-0.012855137754816726
2026,3421,0.6949871731589707,0.6864683959068275,-0.008518777252143228
2026,3422,0.707916886556714,0.693207686268661,-0.014709200288053004
2026,3423,0.7084776996006007,0.697574427305529,-0.010903272295071709
2026,3424,0.6888497954537731,0.6923597347815575,0.003509939327784428
2026,3425,0.6917134745930353,0.6879921507596121,-0.0037213238334232734
2026,3426,0.6982788238023805,0.6809354531232081,-0.017343370679172354
2026,3427,0.6880951310793423,0.6824506524868451,-0.005644478592497171
2026,3428,0.6832997512604457,0.6812803603904044,-0.0020193908700413266
2026,3429,0.7010064201955839,0.689632514671412,-0.011373905524171946
2026,3430,0.7043979690217592,0.6963407061720717,-0.008057262849687552
2026,3431,0.6936713846912075,0.6914609745389213,-0.0022104101522861797
2026,3432,0.6903529668573842,0.6823065685516225,-0.008046398305761704
2026,3433,0.6914745919003744,0.6894809502069288,-0.0019936416934456247
2026,3434,0.6922631997688243,0.6896709682059804,-0.0025922315628439385
2026,3435,0.6942898326181769,0.6816575755668093,-0.012632257051367612
2026,3436,0.6963945430360229,0.6974106246239078,0.0010160815878849094
2026,3437,0.7022134519810566,0.6907773287138063,-0.011436123267250298
2026,3438,0.6878149852794884,0.6837964739866657,-0.004018511292822713
2026,3439,0.6952697852561982,0.6931111177095671,-0.0021586675466310767
2026,3440,0.6906057123041122,0.6907233078588007,0.0001175955546884877
2026,3441,0.7043596655891828,0.6936746374649927,-0.010685028124190143
2026,3442,0.6878121132108024,0.6905480233515728,0.002735910140770459
2026,3443,0.6809096794559593,0.685019975897728,0.004110296441768746
2026,3444,0.6915358016396489,0.6830867182310494,-0.008449083408599511
2026,3445,0.7030936834919091,0.6975313454171401,-0.005562338074769024
2026,3446,0.6944101482194547,0.6860205038362048,-0.00838964438324985
2026,3447,0.6886833866883733,0.6887920461249484,0.00010865943657512034
2026,3448,0.7088770725861163,0.6885626269420642,-0.02031444564405216
2026,3449,0.6962305076840543,0.685975986332807,-0.01025452135124727
2026,3450,0.6935817801650346,0.6826615843934594,-0.010920195771575214
2026,3451,0.6936134330483255,0.6872454804707993,-0.006367952577526204
2026,3452,0.7070658810686115,0.699710058071084,-0.007355822997527461
2026,3453,0.7029410132090502,0.6988824774472198,-0.004058535761830462
2026,3454,0.688999916544355,0.6787719468456622,-0.010227969698692774
2026,3455,0.685025832290347,0.6850278083010314,1.9760106844124437e-06
2026,3456,0.6856513845951766,0.6678279945803078,-0.017823390014868767
2026,3457,0.7043529803972045,0.6905326299531584,-0.013820350444046059
2026,3458,0.7016974510783809,0.7089145572279238,0.007217106149542962
2026,3459,0.6855631081492565,0.6784266874766838,-0.007136420672572696
2026,3460,0.7016514714963531,0.6888159384832975,-0.012835533013055622
2026,3461,0.6877341907611643,0.685153921071487,-0.0025802696896772837
2026,3462,0.6931907099270092,0.6908501844662662,-0.002340525460742926
2026,3463,0.6891199520570808,0.6870660855495178,-0.002053866507563007
2026,3464,0.7009810545088596,0.6963639528002792,-0.004617101708580429
2026,3465,0.6890567164339182,0.6776229911955125,-0.01143372523840569
2026,3466,0.6944586513502513,0.6891367400788692,-0.0053219112713821515
2026,3467,0.6894084521439435,0.690100961794385,0.0006925096504414308
2026,3468,0.6846280402858763,0.678543849557242,-0.006084190728634309
2026,3469,0.7029668373170473,0.6865509186674666,-0.016415918649580696
2026,3470,0.6999944435122469,0.6926748980029362,-0.007319545509310688
2026,3471,0.6932114360138057,0.6856763723782648,-0.007535063635540906
2026,3472,0.6956980934118779,0.6891925491980988,-0.006505544213779135
2026,3473,0.6890776073437122,0.6861146740949633,-0.0029629332487488558
2026,3474,0.6977874079073887,0.6927572018139769,-0.00503020609341176
2026,3475,0.7076146996741319,0.6859531873615059,-0.02166151231262603
2026,3476,0.6874666919942916,0.6850773809885357,-0.002389311005755901
2026,3477,0.7028509402711528,0.6964351587865081,-0.0064157814846447225
2026,3478,0.6863023528731403,0.6850482741951989,-0.0012540786779414725
2026,3479,0.6933926086883508,0.6848643990014552,-0.008528209686895605
2026,3480,0.6885811117144589,0.6798713211658767,-0.00870979054858223
2026,3481,0.6952230906273875,0.6795648860007815,-0.015658204626606054
2026,3482,0.6747500609220287,0.6845004804265716,0.009750419504542918
2026,3483,0.6986200773826006,0.6946553698859406,-0.003964707496660003
2026,3484,0.7004810570292702,0.6971665124815206,-0.0033145445477495983
2026,3485,0.6984814917854882,0.6945619177529727,-0.003919574032515527
2026,3486,0.6913813739009362,0.685329684394951,-0.006051689505985225
2026,3487,0.6963615163949742,0.6921227436041679,-0.004238772790806311
2026,3488,0.6933172887557535,0.6901816606701314,-0.0031356280856220664
2026,3489,0.6938610304883129,0.6835460582228929,-0.010314972265419997
2026,3490,0.6974483262805056,0.6881696161876782,-0.009278710092827325
2026,3491,0.696244009153563,0.6879764957713905,-0.008267513382172464
2026,3492,0.6913600721717053,0.6817108071462907,-0.009649265025414522
2026,3493,0.6832144226163398,0.6677233829133656,-0.015491039702974163
2026,3494,0.690836828577811,0.6892283916578517,-0.0016084369199593773
2026,3495,0.7128930130220588,0.702613483035406,-0.010279529986652713
2026,3496,0.7008670071120355,0.6873154641977275,-0.013551542914308046
2026,3497,0.6903280812455741,0.6847899855986564,-0.005538095646917651
2026,3498,0.6998516848781076,0.697164637922693,-0.0026870469554145515
2026,3499,0.6994069361132429,0.688719138320696,-0.010687797792546916
2026,3500,0.6918067511053323,0.6787386645944968,-0.013068086510835464
2026,3501,0.6869888756134555,0.6896282026040671,0.0026393269906116457
2026,3502,0.6918342911310498,0.687830915578679,-0.004003375552370736
2026,3503,0.688415951709503,0.690980653103104,0.0025647013936009877
2026,3504,0.6869612760887546,0.6868271716010085,-0.00013410448774608952
2026,3505,0.6868885709112478,0.6917956663138072,0.004907095402559403
2026,3506,0.6960083617718601,0.6937906822590814,-0.0022176795127787363
2026,3507,0.6825487804781523,0.6721084265100168,-0.010440353968135474
2026,3508,0.6923684116004558,0.6800237508624202,-0.01234466073803564
2026,3509,0.7025563857719141,0.699141032797369,-0.003415352974545094
2026,3510,0.7028504302024556,0.6924598340618033,-0.010390596140652297
2026,3511,0.7017555001537279,0.6934452160834417,-0.008310284070286222
2026,3512,0.692224102793944,0.6903402211989607,-0.0018838815949833165
2026,3513,0.688113642417294,0.6747896331838639,-0.013324009233430134
2026,3514,0.683269662007393,0.6773192336053098,-0.005950428402083263
2026,3515,0.7055990313900442,0.6893756741675322,-0.016223357222512003
2026,3516,0.6965160174688866,0.6895604777129156,-0.006955539755970963
2026,3517,0.6867053860311318,0.6829735735951761,-0.0037318124359557725
2026,3518,0.6896341673899485,0.6874728314799572,-0.0021613359099913465
2026,3519,0.6911810766867728,0.6837311452235126,-0.007449931463260118
2026,3520,0.6923833247118145,0.6793178558387294,-0.013065468873085129
2026,3521,0.6931465023554783,0.6959026372453051,0.0027561348898268445
2026,3522,0.6969467720917711,0.6894169301661496,-0.007529841925621561
2026,3523,0.6847463123012454,0.6903106958310743,0.005564383529828909
2026,3524,0.6882621110669314,0.6920983064491313,0.003836195382199925
2026,3525,0.6881063934249879,0.6839954739930556,-0.004110919431932314
2026,3526,0.7002459671057002,0.6965817131241663,-0.003664253981533916
2026,3527,0.6917195921704594,0.6928472604018776,0.0011276682314181885
2026,3528,0.6956321878580387,0.6907011849046569,-0.00493100295338178
2026,3529,0.69457220751451,0.6808521618409429,-0.013720045673567105
2026,3530,0.6924819164907613,0.6958381500949364,0.0033562336041751406
2026,3531,0.6934756264040411,0.688698918131567,-0.004776708272474117
2026,3532,0.6978600590091064,0.696755006738658,-0.0011050522704484367
2026,3533,0.6821861002543106,0.6710346627702565,-0.011151437484054116
2026,3534,0.7016235908204289,0.699993783192635,-0.0016298076277938556
2026,3535,0.6885272136771797,0.6786447257184345,-0.009882487958745245
2026,3536,0.6899539051715756,0.6836034074069486,-0.006350497764627039
2026,3537,0.6888827612598529,0.6888871126212646,4.35136141163639e-06
2026,3538,0.6911937777503485,0.687413780063282,-0.003779997687066494
2026,3539,0.689283598012556,0.6864256767760832,-0.0028579212364727713
2026,3540,0.6836053472269958,0.6835673914396416,-3.7955787354215786e-05
2026,3541,0.6922043090280985,0.696330871637767,0.004126562609668483
2026,3542,0.6852683529699295,0.6890298233408899,0.003761470370960418
2026,3543,0.6968826131480459,0.694217712194253,-0.0026649009537929036
2026,3544,0.701489031305445,0.6990213553105478,-0.002467675994897278
2026,3545,0.69207386963342,0.6908485122934913,-0.0012253573399286788
2026,3546,0.684346232510592,0.680757072040663,-0.0035891604699289648
2026,3547,0.6949260213468141,0.6939083665151908,-0.0010176548316233047
2026,3548,0.7042160208411197,0.6943037399455099,-0.009912280895609804
2026,3549,0.6979199212101522,0.6914630550953873,-0.006456866114764925
2026,3550,0.6900645206755321,0.6901090891525423,4.456847701017619e-05
2026,3551,0.6944799095925709,0.6846176843255565,-0.009862225267014413
2026,3552,0.6866314600038907,0.6764082194243759,-0.010223240579514847
2026,3553,0.7046082338100941,0.6999221226156953,-0.004686111194398768
2026,3554,0.6932775539703158,0.6828599162389231,-0.010417637731392704
2026,3555,0.6990782462551174,0.6886567702257995,-0.010421476029317867
2026,3556,0.701494530155311,0.6885715627689533,-0.012922967386357787
2026,3557,0.6915612719087143,0.6846189548075682,-0.006942317101146123
2026,3558,0.693860542038786,0.6893520001074096,-0.0045085419313763975
2026,3559,0.7041285400655287,0.6951101424274594,-0.009018397638069331
2026,3560,0.7050708447614459,0.6940073515620562,-0.011063493199389707
2026,3561,0.6910427716426806,0.687030064622134,-0.004012707020546569
2026,3562,0.6898852877293908,0.6862147501846286,-0.003670537544762209
2026,3563,0.6936426488162053,0.6858315883600445,-0.007811060456160757
2026,3564,0.6881250109983708,0.6758439575815967,-0.012281053416774101
2026,3565,0.6958082369326668,0.6825638488649391,-0.013244388067727653
2026,3566,0.694834074415855,0.6889135786650847,-0.005920495750770249
2026,3567,0.6903207705615713,0.6876589228358824,-0.002661847725688893
2026,3568,0.6909232789283442,0.6858472391319628,-0.005076039796381382
2026,3569,0.6714029915620682,0.6672744029529563,-0.004128588609111916
2026,3570,0.6906077257449916,0.6875849415797248,-0.003022784165266801
2026,3571,0.7028170600500947,0.6896557459037522,-0.013161314146342473
2026,3572,0.6850796943599959,0.6840766805688112,-0.0010030137911847259
2026,3573,0.7028645978062765,0.6954080190853744,-0.007456578720902107
2026,3574,0.6915886356718636,0.6946480037464238,0.003059368074560198
2026,3575,0.7093042249021277,0.6982177428334797,-0.01108648206864804
2026,3576,0.6995212881074684,0.6987974667708454,-0.0007238213366229651
2026,3577,0.6864641253448214,0.6869929809177155,0.0005288555728941713
2026,3578,0.6836600665987027,0.6773992396781394,-0.006260826920563289
2026,3579,0.6970581923960699,0.69047953444762,-0.0065786579484499175
2026,3580,0.7001556726150743,0.689477480537786,-0.010678192077288262
2026,3581,0.6829549532658054,0.6817578993524732,-0.0011970539133321356
2026,3582,0.6937376493929295,0.6869896904320998,-0.006747958960829692
2026,3583,0.6939839084249841,0.6748544224281252,-0.01912948599685893
2026,3584,0.697110116325962,0.6863713133204032,-0.010738803005558739
2026,3585,0.6836626128210106,0.6757850063618203,-0.007877606459190334
2026,3586,0.6910481187851549,0.6776300310767807,-0.013418087708374271
2026,3587,0.6815481423761247,0.6770348582609026,-0.004513284115222116
2026,3588,0.680872475576376,0.6717634637115816,-0.009109011864794403
2026,3589,0.689150885367652,0.6886586837043314,-0.0004922016633206461
2026,3590,0.6915772643675139,0.6910759968472653,-0.0005012675202485939
2026,3591,0.6925035544136913,0.6885285347037986,-0.003975019709892669
2026,3592,0.6908024892653641,0.6882676504089728,-0.002534838856391386
2026,3593,0.6775464137190148,0.6707761745026408,-0.0067702392163739855
2026,3594,0.6908504341752257,0.6853939442077882,-0.005456489967437528
2026,3595,0.7049691152627193,0.6967055361325631,-0.008263579130156185
2026,3596,0.6968221416177978,0.6900949177597553,-0.006727223858042475
2026,3597,0.6967288430803775,0.6912847186971873,-0.005444124383190196
2026,3598,0.6837370986169592,0.6749604567273855,-0.008776641889573722
2026,3599,0.6949343304058753,0.6860765440180472,-0.008857786387828082
2026,3600,0.6969202803574732,0.6867684825062383,-0.010151797851234878
2026,3601,0.6966010602145238,0.6932121560960847,-0.0033889041184391733
2026,3602,0.6793573631094707,0.6744464296077077,-0.004910933501762971
2026,3603,0.6974900865420752,0.6893655582050839,-0.008124528336991288
2026,3604,0.6961584865998962,0.6818448756446658,-0.014313610955230427
2026,3605,0.6833953896297285,0.6732526024815073,-0.010142787148221144
2026,3606,0.6986631232342397,0.6932161372490723,-0.005446985985167463
2026,3607,0.6842843665831175,0.6831806111339411,-0.0011037554491764023
2026,3608,0.694404603599043,0.689328693625639,-0.005075909973404014
2026,3609,0.6772395960209563,0.6785198636688967,0.0012802676479404251
2026,3610,0.6857394268693415,0.6803680158758363,-0.005371410993505243
2026,3611,0.7031780881543686,0.695455022263074,-0.007723065891294567
2026,3612,0.691748811759916,0.6777874395815662,-0.013961372178349807
2026,3613,0.6869974534891385,0.6865736724824074,-0.0004237810067311276
2026,3614,0.6849645052023892,0.678658357996348,-0.006306147206041168
2026,3615,0.6935658806413967,0.6817384140904426,-0.011827466550954124
2026,3616,0.703363233969167,0.6939281591716358,-0.009435074797531251
2026,3617,0.6827944932288152,0.6817746917290972,-0.0010198014997180316
2026,3618,0.687896906988015,0.6947416316545343,0.0068447246665193084
2026,3619,0.6905367976434305,0.681142236108413,-0.009394561535017498
2026,3620,0.6889473773478079,0.6902608208017096,0.0013134434539017192
2026,3621,0.6840797506706817,0.6821812879099621,-0.001898462760719588
2026,3622,0.7039595900143516,0.6995482332080192,-0.004411356806332423
2026,3623,0.691643474505848,0.6863520189401582,-0.005291455565689773
2026,3624,0.6820582404944988,0.6877951461415219,0.005736905647023116
2026,3625,0.677903262055066,0.6758411154393349,-0.0020621466157311197
2026,3626,0.680714422085279,0.6701790625952293,-0.01053535949004969
2026,3627,0.6927324863508662,0.6837571913312357,-0.008975295019630458
2026,3628,0.6975904162812592,0.6858734284322321,-0.011716987849027083
2026,3629,0.6985388508183756,0.695690635854349,-0.002848214964026652
2026,3630,0.6942197455081054,0.6883334416567064,-0.0058863038513989885
2026,3631,0.6973376301429417,0.6913782826608021,-0.005959347482139554
2026,3632,0.6971438494622169,0.6827787708147475,-0.014365078647469387
2026,3633,0.6849017593282786,0.6773775499318474,-0.00752420939643117
2026,3634,0.6912322420507477,0.6963758640252681,0.00514362197452034
2026,3635,0.6886779651723478,0.6762908540480738,-0.012387111124274042
2026,3636,0.6868985983734834,0.6970689568058172,0.010170358432333715
2026,3637,0.700113677378277,0.6899010814052688,-0.010212595973008165
2026,3638,0.6814418515218027,0.6768297676711748,-0.004612083850627946
2026,3639,0.6943813798754953,0.687753417992014,-0.006627961883481359
2026,3640,0.6893949571603288,0.68061702826431,-0.008777928896018805
2026,3641,0.7078558056190227,0.6834793909105648,-0.024376414708457972
2026,3642,0.69136869485338,0.6894758122792737,-0.0018928825741063582
2026,3643,0.7083788084195277,0.6932850927131375,-0.015093715706390176
2026,3644,0.6967047364457328,0.6814390338935994,-0.015265702552133442
2026,3645,0.6896405373972877,0.6885731542785588,-0.001067383118728893
2026,3646,0.6774609105696578,0.6741616736006069,-0.0032992369690509893
2026,3647,0.6978622797729032,0.6868615777357963,-0.011000702037106902
2026,3648,0.6780049734920831,0.6667181814496597,-0.011286792042423444
2026,3649,0.7084481945728779,0.6975875566977013,-0.010860637875176549
2026,3650,0.6887059624594805,0.6915484614182502,0.002842498958769757
2026,3651,0.6849405736697622,0.6910423515952233,0.0061017779254610716
2026,3652,0.695295006103166,0.6798414559365487,-0.015453550166617314
2026,3653,0.6946469540560887,0.6951695906211196,0.0005226365650309317
2026,3654,0.6890101749487427,0.6790836960713178,-0.009926478877424927
2026,3655,0.6927046463488502,0.6794576170656761,-0.013247029283174117
2026,3656,0.6990470103269902,0.7007797396089682,0.001732729281977985
2026,3657,0.6949215049817801,0.687001273003686,-0.007920231978094106
2026,3658,0.6943898360054026,0.693200703634425,-0.0011891323709776191
2026,3659,0.6745097790364367,0.672984103849134,-0.001525675187302733
2026,3660,0.6954542052689008,0.6853447659886234,-0.01010943928027741
2026,3661,0.7010406426813899,0.7020971635234473,0.001056520842057429
2026,3662,0.6940363436453099,0.6838627258581877,-0.010173617787122113
2026,3663,0.6906479865164383,0.6895003637566318,-0.0011476227598065103
2026,3664,0.6897828449512611,0.6820650486393265,-0.007717796311934588
2026,3665,0.6993933896064122,0.6900076801737905,-0.009385709432621625
2026,3666,0.6838307859932333,0.6803584908393663,-0.0034722951538670443
2026,3667,0.7009015557922207,0.6924275339204576,-0.008474021871763049
2026,3668,0.6905507242219099,0.6847001690356798,-0.005850555186230122
2026,3669,0.6897423141383013,0.690577009603406,0.0008346954651046179
2026,3670,0.7020268010661533,0.689928796476713,-0.012098004589440325
2026,3671,0.7023785347754553,0.6930027103884313,-0.009375824387024001
2026,3672,0.6913415642425633,0.6858067898981114,-0.0055347743444519315
2026,3673,0.6965979414770371,0.6945305286327499,-0.002067412844287242
2026,3674,0.7010427645289081,0.6849942861351356,-0.016048478393772547
2026,3675,0.6897890249399566,0.6829388599627263,-0.006850164977230344
2026,3676,0.6905974193966606,0.6808207175551373,-0.00977670184152335
2026,3677,0.675933156316261,0.6727273557026395,-0.0032058006136215234
2026,3678,0.7051836374824156,0.6996382507390413,-0.0055453867433743476
2026,3679,0.697985056471799,0.6919265491265798,-0.006058507345219177
2026,3680,0.6958828959399712,0.6876845473077049,-0.008198348632266317
2026,3681,0.6940730676995648,0.6786360807568661,-0.015436986942698683
2026,3682,0.6961289607772021,0.6886907097870154,-0.00743825099018669
2026,3683,0.6963081142170182,0.697809351102783,0.0015012368857647562
2026,3684,0.6942443992073309,0.6929869202945038,-0.0012574789128271258
2026,3685,0.6973791680219559,0.694191597232688,-0.0031875707892679017
2026,3686,0.6943648488953347,0.6910316404538435,-0.003333208441491209
2026,3687,0.6879110464220541,0.6787466496355248,-0.00916439678652936
2026,3688,0.6892093224402381,0.67863787852371,-0.01057144391652809
2026,3689,0.6924316275146357,0.6835924306919139,-0.008839196822721829
2026,3690,0.6796373691426576,0.682373731226873,0.002736362084215349
2026,3691,0.703857826939628,0.6945632311594626,-0.009294595780165338
2026,3692,0.6866411156056134,0.6776855273238865,-0.008955588281726823
2026,3693,0.6922434202356599,0.6853877328184687,-0.006855687417191225
2026,3694,0.6949897854069151,0.6952609341676099,0.0002711487606947838
2026,3695,0.6952422241964659,0.6887522633577761,-0.006489960838689801
2026,3696,0.6944252549449395,0.6900869085110737,-0.00433834643386577
2026,3697,0.683490960466504,0.6812607237801293,-0.002230236686374787
2026,3698,0.70199277043565,0.6935208574940822,-0.008471912941567794
2026,3699,0.6990820333650889,0.6870402297345464,-0.012041803630542525
2026,3700,0.6961511168110124,0.6954267373127678,-0.0007243794982445539
2026,3701,0.6991369641179536,0.6840001317606166,-0.015136832357336982
2026,3702,0.69296863477416,0.6848886573398147,-0.008079977434345298
2026,3703,0.6978671150415907,0.6867713592898226,-0.011095755751768133
2026,3704,0.6927770643184414,0.6855997244880381,-0.007177339830403362
2026,3705,0.6894912864734892,0.681300488190479,-0.008190798283010281
2026,3706,0.704783436818651,0.7003947368930312,-0.004388699925619743
2026,3707,0.6914107534079987,0.6839007562520434,-0.00750999715595535
2026,3708,0.6804746024471842,0.6757226759573092,-0.004751926489874991
2026,3709,0.6859116278193069,0.6783107219912735,-0.007600905828033411
2026,3710,0.6996265261710761,0.6900891220307125,-0.009537404140363637
2026,3711,0.6861307420561049,0.6809384345426488,-0.005192307513456118
2026,3712,0.6871836986877654,0.6905668534254092,0.0033831547376438342
2026,3713,0.700546788181781,0.6916771840515681,-0.008869604130212871
2026,3714,0.7008521995376928,0.6898869087230168,-0.01096529081467601
2026,3715,0.6924650289790761,0.6817797709063822,-0.010685258072693937
2026,3716,0.6833882037452824,0.6852619420733533,0.0018737383280709174
2026,3717,0.6969144769435998,0.6903473158220741,-0.0065671611215256664
2026,3718,0.6946796313213655,0.6959245554567769,0.0012449241354114404
2026,3719,0.7006229279392098,0.6923005003907227,-0.00832242754848711
2026,3720,0.6910088000929793,0.680295969130251,-0.010712830962728237
2026,3721,0.6921429516483152,0.6925987061307561,0.00045575448244095096
2026,3722,0.6769039521649993,0.6792442938527108,0.002340341687711467
2026,3723,0.6963161668871445,0.6819545077607336,-0.014361659126410853
2026,3724,0.6895045668056126,0.6840918173940734,-0.005412749411539131
2026,3725,0.6954396253984189,0.6944855602368045,-0.000954065161614337
2026,3726,0.6865671758774068,0.6795869148190633,-0.006980261058343484
2026,3727,0.6828998950039119,0.6910014919327057,0.008101596928793753
2026,3728,0.6776922014201157,0.6786051873966339,0.0009129859765182324
2026,3729,0.6951004359418742,0.6888074065323532,-0.006293029409521034
2026,3730,0.6885533972066347,0.677855097950387,-0.010698299256247656
2026,3731,0.6870020546349238,0.6929127882993755,0.005910733664451717
2026,3732,0.701157849705198,0.692682603844456,-0.008475245860741998
2026,3733,0.7008562080378684,0.7075079806008067,0.006651772562938252
2026,3734,0.7147850953400912,0.7135498356442275,-0.0012352596958636886
2026,3735,0.6855928691161381,0.6908708378696075,0.005277968753469309
2026,3736,0.6927996161874441,0.677041005259649,-0.01575861092779507
2026,3737,0.6851391843058388,0.6932150962808568,0.008075911975018002
2026,3738,0.6829191072880361,0.6797764314203724,-0.0031426758676637023
2026,3739,0.7018165004570809,0.7005020527002634,-0.0013144477568174384
2026,3740,0.701215644578397,0.6931060024203832,-0.008109642158013797
2026,3741,0.702169788292643,0.6918998206362716,-0.010269967656371337
2026,3742,0.691186640807038,0.6960927914064976,0.004906150599459647
2026,3743,0.6908633790266028,0.684122545432903,-0.006740833593699813
2026,3744,0.6829973492640173,0.6841159030719868,0.0011185538079694357
2026,3745,0.6892120258984973,0.6900802301396073,0.0008682042411100044
2026,3746,0.6919272029614765,0.6809229592001168,-0.011004243761359667
2026,3747,0.6925195512657408,0.6841797267690246,-0.00833982449671622
2026,3748,0.7003115765151522,0.7013821113545122,0.0010705348393600378
2026,3749,0.6905033776020761,0.6878938558369941,-0.0026095217650820013
2026,3750,0.6799866831925757,0.6697097391385672,-0.010276944054008474
2026,3751,0.6958246719436564,0.6913214034593218,-0.004503268484334577
2026,3752,0.6872064111212985,0.6794469814236488,-0.007759429697649756
2026,3753,0.6884532885889378,0.6872907680068081,-0.0011625205821297335
2026,3754,0.6843299835083589,0.671118567333353,-0.013211416175005986
2026,3755,0.691351555099478,0.6746981401779524,-0.01665341492152561
2026,3756,0.6920202078542994,0.6914136153581307,-0.0006065924961686786
2026,3757,0.6903904328345027,0.6897010338671985,-0.0006893989673042444
2026,3758,0.6870934970258024,0.6864739953786136,-0.0006195016471887138
2026,3759,0.6946316291887112,0.6998427137708335,0.005211084582122272
2026,3760,0.6999407407391163,0.6838091212686486,-0.016131619470467706
2026,3761,0.6872802122065466,0.686629791923698,-0.0006504202828485628
2026,3762,0.6833158818709688,0.6730995145652213,-0.010216367305747487
2026,3763,0.6843122219925101,0.6914224608644258,0.007110238871915753
2026,3764,0.6998754921505914,0.6814572134491705,-0.018418278701420876
2026,3765,0.6895008273728316,0.6995979101297845,0.010097082756952869
2026,3766,0.6979765916224108,0.6932759511687547,-0.004700640453656035
2026,3767,0.6981017877981148,0.6942731079540427,-0.0038286798440720915
2026,3768,0.6989162308146579,0.7007745481992884,0.0018583173846304923
2026,3769,0.696292886635821,0.6938266235271211,-0.0024662631086999065
2026,3770,0.6971871792203802,0.6919327831100828,-0.005254396110297432
2026,3771,0.688424778221846,0.6830251139565595,-0.005399664265286486
2026,3772,0.6968942564317913,0.6846507930026171,-0.01224346342917415
2026,3773,0.7014727052072298,0.6899117434262727,-0.011560961780957113
2026,3774,0.7006268224228988,0.689300286203336,-0.0113265362195627
2026,3775,0.6950439265697299,0.6926844804158869,-0.002359446153842981
2026,3776,0.6924776847678425,0.6839960188698623,-0.008481665897980273
2026,3777,0.6993524996307517,0.6865114698824808,-0.012841029748270949
2026,3778,0.6932197688271196,0.6928073925376471,-0.0004123762894724381
2026,3779,0.6908602013722864,0.680828882115214,-0.010031319257072457
2026,3780,0.6852481148839278,0.6818232809582597,-0.0034248339256680582
2026,3781,0.6767105278298429,0.6834365122025803,0.006725984372737415
2026,3782,0.6930253697234876,0.6876078656554062,-0.005417504068081391
2026,3783,0.6878074963115968,0.6884691203410964,0.0006616240294996523
2026,3784,0.6919545172480887,0.6912018036569798,-0.0007527135911088445
2026,3785,0.6841929663190615,0.6847887426746924,0.0005957763556309059
2026,3786,0.6936030601330763,0.6903286265098896,-0.00327443362318669
2026,3787,0.6965613741824102,0.6839137765576107,-0.0126475976247995
2026,3788,0.6916845310340144,0.6852581637294011,-0.006426367304613323
2026,3789,0.6883046798998353,0.6869073793542726,-0.0013973005455627519
2026,3790,0.6843667386297785,0.6747728175119347,-0.00959392111784374
2026,3791,0.7015954825279613,0.6931150686237337,-0.008480413904227602
2026,3792,0.6853527017601243,0.6835039809230821,-0.0018487208370422392
2026,3793,0.6875931723788442,0.6936108160108532,0.006017643632008962
2026,3794,0.702334062140698,0.6864145409133982,-0.015919521227299893
2026,3795,0.7049799629582125,0.6942074875765032,-0.010772475381709334
2026,3796,0.6923144064627129,0.6839278922382954,-0.008386514224417496
2026,3797,0.6796303303765707,0.6783903174679694,-0.0012400129086013179
2026,3798,0.6929452078659839,0.682191522096913,-0.010753685769070875
2026,3799,0.6879102104026971,0.6791432079292022,-0.008767002473494823
2026,3800,0.6994245792085483,0.6883558124369868,-0.011068766771561434
2026,3801,0.6983046162069366,0.6935377215121508,-0.0047668946947858615
2026,3802,0.6870669628210349,0.6800014666926484,-0.0070654961283864726
2026,3803,0.6993501987797748,0.7107571113576059,0.011406912577831108
2026,3804,0.6946284038314448,0.6923889118896482,-0.002239491941796512
2026,3805,0.6885089361450984,0.6781081345565736,-0.010400801588524855
2026,3806,0.6936518332466705,0.6824160783476074,-0.011235754899063033
2026,3807,0.6954016682195899,0.6790688634445385,-0.01633280477505139
2026,3808,0.6931183536352562,0.6914928826298279,-0.001625471005428314
2026,3809,0.68061612806739,0.6786555771007456,-0.001960550966644381
2026,3810,0.6987819292599433,0.6952450303223641,-0.003536898937579247
2026,3811,0.6921632157886879,0.6820744865382349,-0.01008872925045301
2026,3812,0.7000368903130254,0.697572009093164,-0.0024648812198614367
2026,3813,0.6760221462910777,0.6722834147068278,-0.003738731584249866
2026,3814,0.6988298077356124,0.693953214523931,-0.004876593211681435
2026,3815,0.6893573375411741,0.6893108576346774,-4.647990649675471e-05
2026,3816,0.6897519870704653,0.6909756979832656,0.0012237109128003798
2026,3817,0.6943892423141362,0.685484745378452,-0.00890449693568418
2026,3818,0.6930280099796738,0.6840929242348028,-0.008935085744871007
2026,3819,0.6892552971113782,0.6850188384188514,-0.004236458692526868
2026,3820,0.6907895623786664,0.6825334925614627,-0.008256069817203726
2026,3821,0.6908676267313014,0.6937119521641637,0.0028443254328622825
2026,3822,0.6850608691906954,0.6922536266990418,0.007192757508346359
2026,3823,0.6913727784780332,0.6824214934228507,-0.0089512850551825
2026,3824,0.6831079726790331,0.6749331436590713,-0.008174829019961805
2026,3825,0.6914877538894422,0.7003995408391365,0.0089117869496943
2026,3826,0.6986708055393176,0.6867664544129353,-0.011904351126382329
2026,3827,0.6842638412330927,0.6771577676842857,-0.00710607354880699
2026,3828,0.6937160275620156,0.7002425650070487,0.006526537445033176
2026,3829,0.6959180491106765,0.6935045202326684,-0.0024135288780080533
2026,3830,0.6987530253002159,0.6990304189009188,0.000277393600702891
2026,3831,0.6892043830311365,0.6863717903366803,-0.0028325926944562374
2026,3832,0.7066035840126098,0.7078710680469322,0.0012674840343224192
2026,3833,0.6863424810498966,0.6869447708406033,0.0006022897907067559
2026,3834,0.7013308384623025,0.6920803572150194,-0.009250481247283115
2026,3835,0.6958300351565332,0.6835228659591711,-0.012307169197362078
2026,3836,0.6981847532528993,0.6972054612863212,-0.0009792919665780886
2026,3837,0.6997591473903324,0.6934302526887556,-0.006328894701576826
2026,3838,0.6936908724904433,0.6932212429175975,-0.00046962957284579776
2026,3839,0.6955456888355084,0.6930038065377053,-0.0025418822978030553
2026,3840,0.7025668621172138,0.6954852761894301,-0.007081585927783629
2026,3841,0.6952132087164838,0.6836530767972684,-0.011560131919215455
2026,3842,0.7074504529420844,0.6966647181037448,-0.010785734838339667
2026,3843,0.6843261106769284,0.6823890087652154,-0.001937101911713035
2026,3844,0.696216526279267,0.6944260655039676,-0.0017904607752994295
2026,3845,0.6902016825996534,0.6800089265975386,-0.010192756002114778
2026,3846,0.7039886049910642,0.6976309337054787,-0.006357671285585509
2026,3847,0.6946953271751909,0.6885870003400363,-0.006108326835154609
2026,3848,0.6994429995867941,0.694214614397888,-0.005228385188906115
2026,3849,0.6863940861209237,0.6787127515408153,-0.007681334580108334
2026,3850,0.6968474661066945,0.6904102176509049,-0.006437248455789524
2026,3851,0.7010211648567977,0.6824415409026041,-0.018579623954193547
2026,3852,0.6928842406603891,0.6933459388942858,0.00046169823389663467
2026,3853,0.7085567970910422,0.700914021062861,-0.007642776028181197
2026,3854,0.6901618314131163,0.6833162455519977,-0.006845585861118608
2026,3855,0.6688027312405495,0.6689616843596087,0.00015895311905922416
2026,3856,0.7013176119900679,0.6889076722715397,-0.012409939718528218
2026,3857,0.6894212230272554,0.6837122868495665,-0.005708936177688861
2026,3858,0.6837766428918965,0.6827020706843381,-0.0010745722075584663
2026,3859,0.6797769990056641,0.6803073972065514,0.0005303982008872943
2026,3860,0.687432519849765,0.687875441986334,0.0004429221365690461
2026,3861,0.6838755160434791,0.6965352896056343,0.012659773562155197
2026,3862,0.6882244014101523,0.6949289896446318,0.006704588234479503
2026,3863,0.6910467506342459,0.6921526788016049,0.0011059281673589938
2026,3864,0.701546565478196,0.6975631661524703,-0.003983399325725778
2026,3865,0.6944422280504208,0.6902046137741873,-0.004237614276233481
2026,3866,0.6937711840206287,0.6980800065966764,0.0043088225760476995
2026,3867,0.6899593654353873,0.690710799493167,0.0007514340577797762
2026,3868,0.6930513915675853,0.6921260286149638,-0.0009253629526215779
2026,3869,0.6858701632792696,0.6815958817799596,-0.004274281499310084
2026,3870,0.694127871220312,0.6864360374617917,-0.007691833758520339
2026,3871,0.708648706061112,0.6944884240542036,-0.014160282006908331
2026,3872,0.6843516367552974,0.6805524287469189,-0.0037992080083785185
2026,3873,0.6853249663685897,0.6816180323315539,-0.003706934037035814
2026,3874,0.6816278688505171,0.6737226510781276,-0.007905217772389506
2026,3875,0.6882592621948482,0.6888798914519308,0.0006206292570826166
2026,3876,0.6819962854412955,0.6782818748459015,-0.003714410595394013
2026,3877,0.6825164862513413,0.6841134622003429,0.0015969759490015445
2026,3878,0.6995376842449039,0.6960935698404414,-0.0034441144044625727
2026,3879,0.6930876855268345,0.6888816360285157,-0.00420604949831882
2026,3880,0.6998363378543995,0.6968681365409362,-0.0029682013134633145
2026,3881,0.6871806425770699,0.6870949020662604,-8.574051080945111e-05
2026,3882,0.6938686584211647,0.6910445574394661,-0.0028241009816986073
2026,3883,0.6896966435136804,0.6837523374046977,-0.0059443061089827776
2026,3884,0.7134285738167105,0.7035713127191999,-0.009857261097510617
2026,3885,0.6972388736782269,0.6889273671193112,-0.00831150655891566
2026,3886,0.6989274416137954,0.6931538204712835,-0.005773621142511898
2026,3887,0.6844161073832646,0.6757406209349557,-0.008675486448308956
2026,3888,0.6937084973507279,0.689396440040328,-0.004312057310399964
2026,3889,0.6828077468487295,0.6810816803399652,-0.001726066508764279
2026,3890,0.6802741999454666,0.6770256727210192,-0.0032485272244473506
2026,3891,0.7058323005375555,0.703976846445575,-0.001855454091980513
2026,3892,0.6982849961950439,0.6834638439057981,-0.014821152289245854
2026,3893,0.6984182960028237,0.691420423256913,-0.006997872745910683
2026,3894,0.6877667048452476,0.6883325109378347,0.0005658060925870512
2026,3895,0.6967713003241494,0.693740954421678,-0.0030303459024713097
2026,3896,0.6911737231769318,0.683323346705245,-0.007850376471686848
2026,3897,0.6996464415275142,0.6950614371109318,-0.004585004416582383
2026,3898,0.6919626294631107,0.6928267045336358,0.0008640750705251055
2026,3899,0.6945060685495528,0.682515404212906,-0.01199066433664675
2026,3900,0.6994692962848175,0.6841268383784564,-0.015342457906361018
2026,3901,0.6944107262886081,0.6853801475018466,-0.0090305787867615
2026,3902,0.6875889644541398,0.6769852533596055,-0.010603711094534285
2026,3903,0.6972847706283657,0.6935066231122831,-0.0037781475160826306
2026,3904,0.697618234349137,0.695007203495422,-0.0026110308537149463
2026,3905,0.6810504064259284,0.6773694837871025,-0.003680922638825912
2026,3906,0.6886979825134062,0.6782276730277712,-0.010470309485634988
2026,3907,0.6866022694596917,0.6793088195423482,-0.007293449917343486
2026,3908,0.6927001630955882,0.6920925224565453,-0.0006076406390429501
2026,3909,0.7016242272548745,0.6811069845855463,-0.020517242669328195
2026,3910,0.6983093039012372,0.6907370799536507,-0.007572223947586498
2026,3911,0.7091485727688891,0.6972693451956904,-0.011879227573198703
2026,3912,0.694791923029281,0.6902836050754589,-0.004508317953822005
2026,3913,0.6828148635208607,0.6824259937173434,-0.00038886980351737765
2026,3914,0.6889426543874841,0.6904387233995521,0.001496069012068002
2026,3915,0.6902317110129894,0.6834611584269842,-0.00677055258600523
2026,3916,0.6916334670923474,0.686816151759218,-0.004817315333129457
2026,3917,0.687590898323123,0.6831426285575157,-0.0044482697656073045
2026,3918,0.6852959503943978,0.6667877944752345,-0.018508155919163327
2026,3919,0.687415910190204,0.6780660602695197,-0.009349849920684328
2026,3920,0.6946963409446292,0.6898638543873459,-0.0048324865572833
2026,3921,0.6898596874375234,0.6899200468436489,6.0359406125587434e-05
2026,3922,0.7041481660956403,0.6995151989018784,-0.004632967193761939
2026,3923,0.6883110890189464,0.6812881356749871,-0.007022953343959304
2026,3924,0.692187088747689,0.6982569965291405,0.006069907781451556
2026,3925,0.6968650565953619,0.697755642773166,0.0008905861778041313
2026,3926,0.6891638213821266,0.6886713405329847,-0.0004924808491418853
2026,3927,0.6794279266535399,0.6783250968189812,-0.0011028298345586718
2026,3928,0.7021357559673402,0.6948471459566452,-0.007288610010695029
2026,3929,0.6912749373021434,0.686413430951029,-0.004861506351114375
2026,3930,0.6885187825966227,0.6859804329559935,-0.002538349640629156
2026,3931,0.6898958048240078,0.6993813402834987,0.009485535459490935
2026,3932,0.6811043424134356,0.6741737807987698,-0.0069305616146658755
2026,3933,0.690880704387167,0.6742572905782791,-0.016623413808887877
2026,3934,0.698123748895549,0.6938743151319742,-0.004249433763574784
2026,3935,0.6935334356696944,0.6937495840541267,0.0002161483844322909
2026,3936,0.6768904736570869,0.6703470279781336,-0.006543445678953264
2026,3937,0.6977208451213981,0.6841926550630485,-0.013528190058349598
2026,3938,0.6854326172066044,0.6831505483662562,-0.002282068840348206
2026,3939,0.6911603644997879,0.6923587735959943,0.0011984090962063876
2026,3940,0.6874776837590486,0.6855229784190855,-0.0019547053399631142
2026,3941,0.6912564897679857,0.6813072169652927,-0.009949272802692977
2026,3942,0.6885838430645184,0.6828267730762665,-0.005757069988251873
2026,3943,0.6874930321810379,0.6820367020660816,-0.005456330114956276
2026,3944,0.6944393779052316,0.6858590392407974,-0.008580338664434195
2026,3945,0.6961662453944086,0.6942737764000968,-0.0018924689943118356
2026,3946,0.6925667565120667,0.679951423328587,-0.012615333183479627
2026,3947,0.6951495631836488,0.6902007250068284,-0.004948838176820458
2026,3948,0.6870625077568147,0.6844436435564345,-0.0026188642003801554
2026,3949,0.6837131517582469,0.6891024732845739,0.0053893215263269845
2026,3950,0.690363296134312,0.6888012685038689,-0.001562027630443108
2026,3951,0.6950026020788606,0.6870739727420202,-0.007928629336840354
2026,3952,0.6788305402328826,0.6862396776065819,0.007409137373699304
2026,3953,0.6961492636765898,0.6794894848794906,-0.016659778797099234
2026,3954,0.6801039290918005,0.6801088037739939,4.874682193345414e-06
2026,3955,0.6990341012530911,0.6843685327101994,-0.014665568542891694
2026,3956,0.7061081584620417,0.6917775904266872,-0.014330568035354485
2026,3957,0.7040664451799392,0.6954429322608064,-0.00862351291913277
2026,3958,0.6864700482498081,0.6801443965590301,-0.0063256516907779226
2026,3959,0.6901342366201229,0.6862152863211448,-0.003918950298978041
2026,3960,0.695645900947494,0.6827324467069779,-0.012913454240516153
2026,3961,0.7086928875485776,0.6961034154676484,-0.012589472080929198
2026,3962,0.692246470944865,0.6934587907092544,0.0012123197643894024
2026,3963,0.6831800577550686,0.6896296748318589,0.006449617076790259
2026,3964,0.6861211368174609,0.6902426706382719,0.004121533820811041
2026,3965,0.6892882024738214,0.6867631052960941,-0.002525097177727309
2026,3966,0.682449055473674,0.6844215474821171,0.001972492008443183
2026,3967,0.6829148851435367,0.6774723678610498,-0.005442517282486903
2026,3968,0.697761538349907,0.6882790590823578,-0.009482479267549193
2026,3969,0.6961869640078462,0.6909417463193172,-0.005245217688529036
2026,3970,0.6977218804808369,0.6874004783704973,-0.010321402110339606
2026,3971,0.6881186335290617,0.6766837299957992,-0.011434903533262486
2026,3972,0.7033716151930152,0.7036269938676618,0.00025537867464664465
2026,3973,0.6778686760023667,0.6795556137715439,0.0016869377691772769
2026,3974,0.6899470379176524,0.6828213560869709,-0.007125681830681518
2026,3975,0.6969528006326755,0.7008177815180149,0.0038649808853393752
2026,3976,0.688046626945805,0.6930007178214407,0.004954090875635697
2026,3977,0.6884157252443672,0.6861109696287767,-0.0023047556155905147
2026,3978,0.6828357111985183,0.6742478448140977,-0.00858786638442055
2026,3979,0.6935550869324865,0.6863451067434867,-0.007209980188999765
2026,3980,0.6998693644844224,0.6862931541703673,-0.013576210314055093
2026,3981,0.6954063728904123,0.6838547477282224,-0.011551625162189882
2026,3982,0.7033390632773096,0.7021681189135767,-0.0011709443637328842
2026,3983,0.6955736100721759,0.6873006344341365,-0.008272975638039415
2026,3984,0.6912444601435805,0.6875250660808481,-0.003719394062732473
2026,3985,0.6995590894782022,0.6970750355542413,-0.002484053923960894
2026,3986,0.6915491542746837,0.6851947565546248,-0.0063543977200588575
2026,3987,0.6856117022856383,0.6814714286845168,-0.004140273601121458
2026,3988,0.6940777761229517,0.6929111820733825,-0.0011665940495692029
2026,3989,0.6866171810640023,0.6825813948946267,-0.00403578616937561
2026,3990,0.697507403642796,0.6922091350603083,-0.005298268582487609
2026,3991,0.6957033668101158,0.6995011966235869,0.0037978298134710986
2026,3992,0.7031219199008184,0.7025921819373162,-0.000529737963502197
2026,3993,0.6939285275010296,0.6833303916139073,-0.010598135887122329
2026,3994,0.684768653394014,0.6819977871403502,-0.0027708662536638506
2026,3995,0.680682251588328,0.6775115459758896,-0.0031707056124383737
2026,3996,0.7019873912170167,0.6899038615260189,-0.012083529690997796
2026,3997,0.7031584940970799,0.699207507911388,-0.003950986185691896
2026,3998,0.6812734432711376,0.6688938431991753,-0.01237960007196226
2026,3999,0.6977674657211274,0.6950719593431453,-0.0026955063779821042
