cohort_order,row,SampleID,true_category,input_target_logit,baseline_target_logit,logit_difference,convergence_delta,absolute_delta,relative_delta
0,53,Merged40:232897,Benign,4.792623519897461,-3.1102781295776367,7.902901649475098,-0.046471595764160156,0.046471595764160156,0.005880320649978827
1,175,Merged55:56060,Benign,4.486959457397461,-3.0920403003692627,7.578999757766724,-0.08246660232543945,0.08246660232543945,0.010880934814772918
2,342,Merged60:57983,Benign,4.065164089202881,-3.1050515174865723,7.170215606689453,0.0812835693359375,0.0812835693359375,0.011336279659443433
3,394,Merged31:617727,Benign,5.250359535217285,-3.111534595489502,8.361894130706787,0.07590961456298828,0.07590961456298828,0.009078040618121536
4,460,Merged61:676602,Benign,5.079899311065674,-3.1295266151428223,8.209425926208496,-0.12113571166992188,0.12113571166992188,0.014755686056341349
5,590,Merged13:593168,Benign,2.118791341781616,-3.1050515174865723,5.2238428592681885,0.17339611053466797,0.17339611053466797,0.033193209521421005
6,624,Merged12:186681,Benign,3.6700196266174316,-3.1011242866516113,6.771143913269043,0.13687849044799805,0.13687849044799805,0.02021497286149312
7,649,Merged46:647972,Benign,5.047028541564941,-3.108447790145874,8.155476331710815,-0.2716207504272461,0.2716207504272461,0.03330532017745024
8,848,Merged59:313077,Benign,3.982861042022705,-3.092195987701416,7.075057029724121,-1.1857318878173828,1.1857318878173828,0.16759326219362194
9,946,Merged57:69584,Benign,4.885221481323242,-3.0872323513031006,7.972453832626343,-0.041411399841308594,0.041411399841308594,0.005194310398115728
10,1020,Merged16:714104,Benign,2.938049077987671,-3.1274092197418213,6.065458297729492,-0.0008401870727539062,0.0008401870727539062,0.00013851996527095353
11,1165,Merged37:439972,Benign,4.587779998779297,-3.111534595489502,7.699314594268799,-0.020742416381835938,0.020742416381835938,0.00269406011767283
12,1202,Merged43:565569,Benign,4.729748249053955,-3.102964401245117,7.832712650299072,0.018217086791992188,0.018217086791992188,0.0023257698329194566
13,1225,Merged27:265742,Benign,5.150995254516602,-3.059474468231201,8.210469722747803,0.3783273696899414,0.3783273696899414,0.04607865109614293
14,1278,Merged17:189088,Benign,5.242323398590088,-3.0498876571655273,8.292211055755615,-0.38690853118896484,0.38690853118896484,0.04665927200688073
15,1345,Merged38:175000,Benign,5.1928205490112305,-3.1283273696899414,8.321147918701172,0.05551433563232422,0.05551433563232422,0.006671475639503993
16,1358,Merged62:440048,Benign,4.9983673095703125,-3.0929670333862305,8.091334342956543,-0.0760354995727539,0.0760354995727539,0.00939715210742
17,1360,Merged47:204860,Benign,3.740849733352661,-3.108447790145874,6.849297523498535,-0.09618663787841797,0.09618663787841797,0.014043285103095805
18,1678,Merged42:290617,Benign,4.748096466064453,-3.102964401245117,7.85106086730957,-0.19718074798583984,0.19718074798583984,0.025115172499409043
19,1706,Merged34:129202,Benign,3.9884986877441406,-3.111534595489502,7.100033283233643,-0.02437734603881836,0.02437734603881836,0.00343341292446955
20,1771,Merged26:420091,Benign,4.376285552978516,-3.062047243118286,7.438332796096802,0.37604188919067383,0.37604188919067383,0.05055459328036498
21,1795,Merged47:584570,Benign,3.65913724899292,-3.0975780487060547,6.756715297698975,0.09007120132446289,0.09007120132446289,0.013330619591909842
22,1858,Merged61:663080,Benign,4.644557952880859,-3.1344399452209473,7.778997898101807,-0.048285484313964844,0.048285484313964844,0.006207159964106332
23,1914,Merged18:124490,Benign,4.916101455688477,-3.0939362049102783,8.010037660598755,0.31603431701660156,0.31603431701660156,0.03945478540895871
24,1986,Merged27:169139,Benign,5.1804914474487305,-3.080413818359375,8.260905265808105,-0.051995277404785156,0.051995277404785156,0.006294137958462453
25,2103,Merged59:459030,Benign,5.096794605255127,-3.1283273696899414,8.225121974945068,0.12238121032714844,0.12238121032714844,0.01487895385623941
26,2277,Merged02:139445,Benign,3.8271517753601074,-3.0939362049102783,6.921087980270386,0.20685625076293945,0.20685625076293945,0.029887822745876758
27,2319,Merged25:327505,Benign,2.4574103355407715,-3.1295266151428223,5.586936950683594,-0.026757240295410156,0.026757240295410156,0.004789250448250764
28,2395,Merged08:236934,Benign,2.975471258163452,-3.1102781295776367,6.085749387741089,-0.03732872009277344,0.03732872009277344,0.006133791865956072
29,2424,Merged24:7609,Benign,4.4151611328125,-3.0920403003692627,7.507201433181763,-0.041271209716796875,0.041271209716796875,0.0054975492644141
30,2434,Merged05:408332,Benign,4.625485897064209,-3.118527889251709,7.744013786315918,0.3050565719604492,0.3050565719604492,0.03939256571308025
31,2597,Merged04:559738,Benign,4.347000598907471,-3.0929670333862305,7.439967632293701,0.03735780715942383,0.03735780715942383,0.005021232484570181
32,2652,Merged04:589186,Benign,5.065335273742676,-3.117213010787964,8.18254828453064,0.07756614685058594,0.07756614685058594,0.009479460939720592
33,2697,Merged27:321910,Benign,4.256458759307861,-3.0920403003692627,7.348499059677124,0.07492780685424805,0.07492780685424805,0.010196341626468168
34,2726,Merged50:114265,Benign,4.751879692077637,-3.0872323513031006,7.839112043380737,0.23488712310791016,0.23488712310791016,0.029963485890758042
35,2778,Merged25:188810,Benign,5.113043308258057,-3.0920403003692627,8.20508360862732,0.2028512954711914,0.2028512954711914,0.02472263600798672
36,2823,Merged16:95022,Benign,3.7899885177612305,-3.1295266151428223,6.919515132904053,0.17547273635864258,0.17547273635864258,0.025359108693067976
37,2851,Merged32:115301,Benign,3.7518317699432373,-3.102964401245117,6.8547961711883545,-0.02969980239868164,0.02969980239868164,0.004332703942899713
38,2885,Merged17:243093,Benign,4.332392692565918,-3.1274092197418213,7.459801912307739,0.34611082077026367,0.34611082077026367,0.04639678437026915
39,2895,Merged29:94303,Benign,5.095053195953369,-3.1295266151428223,8.224579811096191,0.02245044708251953,0.02245044708251953,0.002729677089670953
40,2931,Merged04:36240,Benign,5.1298980712890625,-3.095566749572754,8.225464820861816,0.04913806915283203,0.04913806915283203,0.00597389572783847
41,3214,Merged63:173833,Benign,3.229379415512085,-3.0975780487060547,6.32695746421814,0.025117874145507812,0.025117874145507812,0.003969976768069166
42,3284,Merged26:787306,Benign,5.144627094268799,-3.092195987701416,8.236823081970215,0.0195770263671875,0.0195770263671875,0.0023767690737512785
43,3385,Merged61:504592,Benign,3.2939343452453613,-3.1011242866516113,6.395058631896973,0.009123802185058594,0.009123802185058594,0.0014266956270817162
44,3480,Merged61:21953,Benign,4.888058662414551,-3.108447790145874,7.996506452560425,0.07532882690429688,0.07532882690429688,0.0094202171099577
45,3481,Merged41:5573,Benign,4.124026298522949,-3.111534595489502,7.235560894012451,0.3109455108642578,0.3109455108642578,0.042974624278481366
46,3528,Merged04:305198,Benign,2.58616042137146,-3.1102781295776367,5.696438550949097,0.017835140228271484,0.017835140228271484,0.0031309282227401417
47,3650,Merged27:394150,Benign,2.481812000274658,-3.1283273696899414,5.6101393699646,-0.14860820770263672,0.14860820770263672,0.02648921852071109
48,3686,Merged53:364682,Benign,4.988343238830566,-3.092195987701416,8.080539226531982,0.11944580078125,0.11944580078125,0.014781909651407498
49,3800,Merged07:576402,Benign,4.557574272155762,-3.0939362049102783,7.65151047706604,0.24109363555908203,0.24109363555908203,0.03150928647117648
50,3858,Merged05:388684,Benign,4.8282551765441895,-3.092195987701416,7.9204511642456055,-0.018016815185546875,0.018016815185546875,0.002274720822328675
51,4001,Merged28:542388,Benign,4.711035251617432,-3.086655616760254,7.7976908683776855,0.1451549530029297,0.1451549530029297,0.018615120226371486
52,4135,Merged53:52609,Benign,4.873256683349609,-3.086655616760254,7.959912300109863,0.18956565856933594,0.18956565856933594,0.023815043611312092
53,4206,Merged11:862886,Benign,2.702221393585205,-3.117213010787964,5.819434404373169,-0.05487966537475586,0.05487966537475586,0.009430412229325082
54,4221,Merged46:81325,Benign,3.154691696166992,-3.1102781295776367,6.264969825744629,0.0009875297546386719,0.0009875297546386719,0.000157627216428181
55,4228,Merged14:473927,Benign,5.077019691467285,-3.1102781295776367,8.187297821044922,0.10692310333251953,0.10692310333251953,0.013059632820206024
56,4321,Merged26:475416,Benign,3.7557156085968018,-3.0929670333862305,6.848682641983032,-0.10136556625366211,0.10136556625366211,0.014800739288499397
57,4366,Merged55:361396,Benign,3.3835082054138184,-3.1102781295776367,6.493786334991455,-0.05397367477416992,0.05397367477416992,0.00831158772245637
58,4497,Merged03:78841,Benign,4.032107353210449,-3.0929670333862305,7.12507438659668,0.022991180419921875,0.022991180419921875,0.0032267986511371294
59,4511,Merged04:497656,Benign,2.803583860397339,-3.1087281703948975,5.912312030792236,0.14427566528320312,0.14427566528320312,0.02440257965611306
60,4645,Merged24:741808,Benign,5.395838737487793,-3.062047243118286,8.457885980606079,-0.18375682830810547,0.18375682830810547,0.021726094289927722
61,4963,Merged30:177652,Benign,4.477863311767578,-3.0725107192993164,7.5503740310668945,0.025095462799072266,0.025095462799072266,0.0033237376977370997
62,5011,Merged56:311308,Benign,5.079514980316162,-3.108447790145874,8.187962770462036,0.14421844482421875,0.14421844482421875,0.017613471002150233
63,5076,Merged62:553102,Benign,4.173778533935547,-3.0920403003692627,7.26581883430481,0.0665287971496582,0.0665287971496582,0.009156407373598333
64,5095,Merged56:72036,Benign,4.632467269897461,-3.0872323513031006,7.7196996212005615,-0.11651325225830078,0.11651325225830078,0.015092977444138006
65,5097,Merged44:138292,Benign,2.7887158393859863,-3.102964401245117,5.8916802406311035,0.1926579475402832,0.1926579475402832,0.03270000062319168
66,5122,Merged10:696710,Benign,4.663009166717529,-3.0929670333862305,7.75597620010376,0.07790803909301758,0.07790803909301758,0.010044904352849267
67,5447,Merged55:208169,Benign,3.0211894512176514,-3.0929670333862305,6.114156484603882,0.2020726203918457,0.2020726203918457,0.03304995887833208
68,5554,Merged03:209805,Benign,3.922389030456543,-3.114764451980591,7.037153482437134,-0.07092094421386719,0.07092094421386719,0.010078072673967823
69,5574,Merged45:212237,Benign,4.605053901672363,-3.114764451980591,7.719818353652954,-0.06985330581665039,0.06985330581665039,0.0090485685823937
70,5659,Merged43:542566,Benign,4.294978618621826,-3.1283273696899414,7.423305988311768,-0.011517047882080078,0.011517047882080078,0.0015514715276743324
71,5663,Merged38:420173,Benign,4.339045524597168,-3.111534595489502,7.45058012008667,0.3685035705566406,0.3685035705566406,0.04945971516542177
72,5856,Merged33:427541,Benign,2.76098895072937,-3.1011242866516113,5.8621132373809814,0.02789020538330078,0.02789020538330078,0.004757704986906957
73,5886,Merged42:796256,Benign,5.206686019897461,-3.118527889251709,8.32521390914917,-0.09735107421875,0.09735107421875,0.011693522266348493
74,5921,Merged44:360440,Benign,4.74234676361084,-3.092195987701416,7.834542751312256,-0.10724973678588867,0.10724973678588867,0.013689342210548886
75,5936,Merged59:293906,Benign,4.543762683868408,-3.092195987701416,7.635958671569824,0.3729214668273926,0.3729214668273926,0.04883754389816861
76,5940,Merged16:645386,Benign,5.332153797149658,-3.0646066665649414,8.3967604637146,0.34936046600341797,0.34936046600341797,0.04160657762158743
77,6148,Merged07:69775,Benign,4.684939861297607,-3.0975780487060547,7.782517910003662,-0.15655231475830078,0.15655231475830078,0.020115895211377306
78,6162,Merged23:399568,Benign,4.448741436004639,-3.0725107192993164,7.521252155303955,-0.33280277252197266,0.33280277252197266,0.044248320046986
79,6175,Merged54:179804,Benign,4.859271049499512,-3.092195987701416,7.951467037200928,0.17252016067504883,0.17252016067504883,0.021696645394857765
80,6235,Merged28:117902,Benign,3.178617477416992,-3.111534595489502,6.290152072906494,-0.04742431640625,0.04742431640625,0.007539454667641544
81,6333,Merged22:435301,Benign,4.959240913391113,-3.117213010787964,8.076453924179077,-0.16702556610107422,0.16702556610107422,0.020680557045095922
82,6353,Merged49:77003,Benign,4.071374416351318,-3.0920403003692627,7.163414716720581,-0.014435768127441406,0.014435768127441406,0.002015207648629635
83,6387,Merged45:56791,Benign,4.93238639831543,-3.111534595489502,8.043920993804932,0.04581260681152344,0.04581260681152344,0.005695307903546823
84,6485,Merged02:725314,Benign,3.350255012512207,-3.1087281703948975,6.4589831829071045,-0.0600438117980957,0.0600438117980957,0.009296170944831407
85,6618,Merged39:173451,Benign,4.896485805511475,-3.1283273696899414,8.024813175201416,-0.04219627380371094,0.04219627380371094,0.00525822506798133
86,6622,Merged22:577124,Benign,3.9376845359802246,-3.118527889251709,7.056212425231934,-0.35682106018066406,0.35682106018066406,0.05056835575197916
87,6732,Merged50:533496,Benign,4.90399694442749,-3.092195987701416,7.996192932128906,-0.0942840576171875,0.0942840576171875,0.01179111840065186
88,6773,Merged48:538491,Benign,5.275591850280762,-3.0440099239349365,8.319601774215698,-0.3070802688598633,0.3070802688598633,0.0369104528309965
89,6898,Merged23:240726,Benign,3.8712148666381836,-3.1011242866516113,6.972339153289795,-0.06696128845214844,0.06696128845214844,0.009603848433069086
90,6977,Merged61:585862,Benign,4.47589111328125,-3.1274092197418213,7.603300333023071,-0.06791973114013672,0.06791973114013672,0.008932927566354838
91,7077,Merged30:95847,Benign,3.636528730392456,-3.1147255897521973,6.751254320144653,-0.16399002075195312,0.16399002075195312,0.024290304138392976
92,7132,Merged54:127843,Benign,4.122312545776367,-3.1147255897521973,7.2370381355285645,-0.14659595489501953,0.14659595489501953,0.020256346885245857
93,7156,Merged56:71502,Benign,2.5937960147857666,-3.1295266151428223,5.723322629928589,-0.054996490478515625,0.054996490478515625,0.00960918928297457
94,7169,Merged09:43058,Benign,4.723479270935059,-3.1105635166168213,7.83404278755188,0.008257865905761719,0.008257865905761719,0.0010541001791416413
95,7298,Merged16:329224,Benign,3.880736827850342,-3.1105635166168213,6.991300344467163,0.1493701934814453,0.1493701934814453,0.021365151848991185
96,7315,Merged25:549952,Benign,5.002884864807129,-3.093092918395996,8.095977783203125,0.25168418884277344,0.25168418884277344,0.031087559227860936
97,7350,Merged01:150809,Benign,4.602447509765625,-3.0939362049102783,7.696383714675903,0.05941486358642578,0.05941486358642578,0.007719841654091406
98,7371,Merged02:385322,Benign,4.985410690307617,-3.095566749572754,8.080977439880371,0.08230209350585938,0.08230209350585938,0.010184670619137103
99,7390,Merged05:420046,Benign,2.7349939346313477,-3.108447790145874,5.843441724777222,0.09901809692382812,0.09901809692382812,0.016945167178441082
100,7417,Merged33:285509,Benign,5.042507171630859,-3.0844240188598633,8.126931190490723,-0.012614250183105469,0.012614250183105469,0.0015521541757195303
101,7437,Merged45:34014,Benign,3.319114923477173,-3.0929670333862305,6.412081956863403,0.05867910385131836,0.05867910385131836,0.009151334035665135
102,7561,Merged17:256201,Benign,4.374649524688721,-3.114764451980591,7.4894139766693115,0.09347724914550781,0.09347724914550781,0.012481250126739419
103,7602,Merged28:450670,Benign,4.508659362792969,-3.1283273696899414,7.63698673248291,0.04802894592285156,0.04802894592285156,0.00628899166716721
104,7672,Merged27:106540,Benign,5.177031517028809,-3.1147255897521973,8.291757106781006,-0.0038785934448242188,0.0038785934448242188,0.0004677649616210178
105,7746,Merged08:110842,Benign,5.217032432556152,-3.0498876571655273,8.26692008972168,-0.2925586700439453,0.2925586700439453,0.035389076810804734
106,7794,Merged15:163083,Benign,4.820650100708008,-3.1295266151428223,7.95017671585083,-0.07724285125732422,0.07724285125732422,0.009715865950919013
107,7857,Merged62:497553,Benign,3.6035501956939697,-3.1102781295776367,6.7138283252716064,0.05449247360229492,0.05449247360229492,0.008116453230890506
108,7864,Merged06:450546,Benign,4.695478916168213,-3.118527889251709,7.814006805419922,-0.02803945541381836,0.02803945541381836,0.0035883582023974866
109,7875,Merged63:134116,Benign,4.697286605834961,-3.0939362049102783,7.791222810745239,-0.06513452529907227,0.06513452529907227,0.00835998749891252
110,7997,Merged35:861053,Benign,3.432161808013916,-3.146955966949463,6.579117774963379,0.09822320938110352,0.09822320938110352,0.014929541124022552
111,8047,Merged23:303641,Benign,5.296268939971924,-3.1274092197418213,8.423678159713745,-0.0831756591796875,0.0831756591796875,0.009874030987731135
112,8069,Merged18:139274,Benign,4.662880897521973,-3.0939362049102783,7.756817102432251,0.04753589630126953,0.04753589630126953,0.0061282734494750475
113,8107,Merged06:152242,Benign,4.416208744049072,-3.0872323513031006,7.503441095352173,0.06050539016723633,0.06050539016723633,0.008063685634143905
114,8284,Merged05:105775,Benign,4.096369743347168,-3.108447790145874,7.204817533493042,-0.03463411331176758,0.03463411331176758,0.0048070770912329065
115,8285,Merged34:639197,Benign,4.461156368255615,-3.0920403003692627,7.553196668624878,0.023141860961914062,0.023141860961914062,0.0030638499137779275
116,8321,Merged57:745547,Benign,2.807123899459839,-3.1105635166168213,5.91768741607666,-0.14272594451904297,0.14272594451904297,0.024118533894050824
117,8450,Merged28:147838,Benign,4.467745304107666,-3.1283273696899414,7.596072673797607,0.04308938980102539,0.04308938980102539,0.005672587882111866
118,8536,Merged22:612338,Benign,5.3764777183532715,-3.0499825477600098,8.426460266113281,-0.1846179962158203,0.1846179962158203,0.021909317837556917
119,8567,Merged19:587818,Benign,3.114891529083252,-3.086655616760254,6.201547145843506,-0.2416672706604004,0.2416672706604004,0.03896886776429238
120,57,Merged54:711336,BruteForce,2.4165189266204834,-3.1347317695617676,5.551250696182251,-0.024255752563476562,0.024255752563476562,0.004369421215323227
121,158,Merged60:443500,BruteForce,4.768522262573242,-3.1579737663269043,7.9264960289001465,-0.08898162841796875,0.08898162841796875,0.011225846590162935
122,256,Merged50:93500,BruteForce,2.7412211894989014,-3.1664557456970215,5.907676935195923,0.12030744552612305,0.12030744552612305,0.020364594551433975
123,284,Merged25:288843,BruteForce,1.3585362434387207,-3.1359920501708984,4.494528293609619,-0.02880239486694336,0.02880239486694336,0.006408324296877826
124,307,Merged50:148877,BruteForce,2.620854616165161,-3.142606258392334,5.763460874557495,0.021573543548583984,0.021573543548583984,0.0037431578036417833
125,463,Merged21:39886,BruteForce,1.8244621753692627,-3.1664557456970215,4.990917921066284,-0.008131980895996094,0.008131980895996094,0.0016293557667361393
126,488,Merged30:287721,BruteForce,4.645909309387207,-3.1427783966064453,7.788687705993652,0.015424251556396484,0.015424251556396484,0.001980340224005517
127,579,Merged12:64390,BruteForce,4.358068466186523,-3.1458094120025635,7.503877878189087,0.026452064514160156,0.026452064514160156,0.0035251192708034636
128,707,Merged10:51519,BruteForce,2.9106926918029785,-3.159363269805908,6.070055961608887,0.016234397888183594,0.016234397888183594,0.002674505472578974
129,744,Merged49:582037,BruteForce,3.8830199241638184,-3.1347317695617676,7.017751693725586,-0.14558649063110352,0.14558649063110352,0.02074546050999056
130,745,Merged10:896641,BruteForce,3.708606004714966,-3.1465063095092773,6.855112314224243,0.017134666442871094,0.017134666442871094,0.002499545690493932
131,766,Merged31:642201,BruteForce,2.669914722442627,-3.1714870929718018,5.841401815414429,-0.041834354400634766,0.041834354400634766,0.007161697777790476
132,774,Merged28:323813,BruteForce,4.082873344421387,-3.1358847618103027,7.2187581062316895,0.009521484375,0.009521484375,0.0013189920253430366
133,795,Merged42:199306,BruteForce,2.6378285884857178,-3.166985034942627,5.804813623428345,0.09242820739746094,0.09242820739746094,0.015922683034028662
134,844,Merged18:482599,BruteForce,4.699519157409668,-3.166985034942627,7.866504192352295,0.0459132194519043,0.0459132194519043,0.005836546746716347
135,1037,Merged15:345465,BruteForce,4.530775547027588,-3.1432416439056396,7.6740171909332275,0.0015778541564941406,0.0015778541564941406,0.00020560993248208503
136,1071,Merged05:539181,BruteForce,3.0929808616638184,-3.1451942920684814,6.2381751537323,0.03568553924560547,0.03568553924560547,0.00572050934226411
137,1221,Merged03:628252,BruteForce,2.907806873321533,-3.1515607833862305,6.059367656707764,-0.01648712158203125,0.01648712158203125,0.0027209310469517205
138,1250,Merged08:237098,BruteForce,4.653293132781982,-3.1283583641052246,7.781651496887207,-0.013961315155029297,0.013961315155029297,0.0017941326671612138
139,1315,Merged16:239694,BruteForce,4.531284332275391,-3.1454017162323,7.67668604850769,0.030395984649658203,0.030395984649658203,0.003959519049963888
140,1508,Merged14:138262,BruteForce,3.238323450088501,-3.159363269805908,6.397686719894409,0.047408103942871094,0.047408103942871094,0.007410194656054297
141,1539,Merged15:431623,BruteForce,4.392197132110596,-3.142606258392334,7.53480339050293,-0.014463424682617188,0.014463424682617188,0.0019195490489967236
142,1766,Merged60:564604,BruteForce,4.510631561279297,-3.1515607833862305,7.662192344665527,0.11623096466064453,0.11623096466064453,0.015169413587165474
143,1886,Merged22:218344,BruteForce,4.6191020011901855,-3.1458094120025635,7.764911413192749,0.032192230224609375,0.032192230224609375,0.004145859303676548
144,1930,Merged56:40343,BruteForce,2.992640495300293,-3.1714870929718018,6.164127588272095,0.011250019073486328,0.011250019073486328,0.0018250788797575638
145,2029,Merged27:520187,BruteForce,3.9533851146698,-3.1579737663269043,7.111358880996704,-0.04221153259277344,0.04221153259277344,0.005935789952265383
146,2217,Merged19:259663,BruteForce,3.5735018253326416,-3.166985034942627,6.7404868602752686,0.0015244483947753906,0.0015244483947753906,0.0002261629502995775
147,2267,Merged03:422817,BruteForce,3.7838921546936035,-3.1432416439056396,6.927133798599243,0.032338619232177734,0.032338619232177734,0.004668398239791041
148,2466,Merged22:595262,BruteForce,2.2178614139556885,-3.1515607833862305,5.369422197341919,0.06278228759765625,0.06278228759765625,0.011692559327656525
149,2519,Merged51:130336,BruteForce,3.8368513584136963,-3.1274027824401855,6.964254140853882,0.029520511627197266,0.029520511627197266,0.004238861912580602
150,2723,Merged60:7485,BruteForce,3.734776020050049,-3.1432416439056396,6.8780176639556885,0.06929302215576172,0.06929302215576172,0.010074562983298575
151,2798,Merged40:105758,BruteForce,1.542980432510376,-3.1432416439056396,4.686222076416016,0.07220697402954102,0.07220697402954102,0.01540835514239315
152,2949,Merged06:354094,BruteForce,3.464731216430664,-3.1474313735961914,6.6121625900268555,-0.02201557159423828,0.02201557159423828,0.0033295569028269864
153,2987,Merged41:613444,BruteForce,4.163157939910889,-3.1454017162323,7.3085596561431885,0.09846067428588867,0.09846067428588867,0.013471966970007262
154,3270,Merged24:424861,BruteForce,3.1663992404937744,-3.1474313735961914,6.313830614089966,-0.049942970275878906,0.049942970275878906,0.007910090296756775
155,3280,Merged23:88263,BruteForce,4.9353132247924805,-3.1271870136260986,8.062500238418579,-0.010900497436523438,0.010900497436523438,0.0013519996420690362
156,3324,Merged08:668702,BruteForce,2.1387779712677,-3.166985034942627,5.305763006210327,-0.12198257446289062,0.12198257446289062,0.022990581056883164
157,3335,Merged18:512686,BruteForce,3.8477542400360107,-3.159363269805908,7.007117509841919,-0.0440673828125,0.0440673828125,0.006288945882612173
158,3476,Merged02:149929,BruteForce,4.786828994750977,-3.1389529705047607,7.925781965255737,0.033507347106933594,0.033507347106933594,0.004227639273174534
159,3483,Merged04:411662,BruteForce,2.9159553050994873,-3.1432416439056396,6.059196949005127,0.0070953369140625,0.0070953369140625,0.0011710028529816148
160,3514,Merged21:600929,BruteForce,4.662111759185791,-3.1579737663269043,7.820085525512695,-0.04168987274169922,0.04168987274169922,0.005331127467300426
161,3696,Merged17:38594,BruteForce,4.208193778991699,-3.1454017162323,7.353595495223999,-0.016635417938232422,0.016635417938232422,0.0022622155310333247
162,3812,Merged36:306072,BruteForce,4.019313812255859,-3.1454017162323,7.164715528488159,-0.06264781951904297,0.06264781951904297,0.008743936764822595
163,3835,Merged15:405656,BruteForce,3.1871531009674072,-3.1358847618103027,6.32303786277771,0.10716915130615234,0.10716915130615234,0.016948997243403024
164,3921,Merged26:171842,BruteForce,3.656914234161377,-3.1465063095092773,6.803420543670654,0.009637832641601562,0.009637832641601562,0.0014166157419987528
165,4064,Merged35:330538,BruteForce,4.6021904945373535,-3.172358751296997,7.774549245834351,0.005201816558837891,0.005201816558837891,0.0006690827203422828
166,4125,Merged31:150961,BruteForce,4.913058757781982,-3.1292734146118164,8.042332172393799,-0.011522293090820312,0.011522293090820312,0.0014327054446186477
167,4141,Merged16:242327,BruteForce,4.26873779296875,-3.1432416439056396,7.41197943687439,0.020421981811523438,0.020421981811523438,0.002755266927741954
168,4208,Merged09:620578,BruteForce,3.278968334197998,-3.142606258392334,6.421574592590332,-0.010001659393310547,0.010001659393310547,0.0015575088709319316
169,4234,Merged25:16146,BruteForce,4.380077838897705,-3.1714870929718018,7.551564931869507,0.006701469421386719,0.006701469421386719,0.0008874279016134562
170,4281,Merged55:100172,BruteForce,3.6898608207702637,-3.172358751296997,6.862219572067261,0.022893428802490234,0.022893428802490234,0.003336155097059002
171,4282,Merged29:579013,BruteForce,3.340528726577759,-3.159363269805908,6.499891996383667,-0.003734111785888672,0.003734111785888672,0.0005744882819539483
172,4565,Merged62:88340,BruteForce,2.3742117881774902,-3.1454017162323,5.51961350440979,0.030535221099853516,0.030535221099853516,0.00553213029779313
173,4724,Merged57:68338,BruteForce,4.297837257385254,-3.1358940601348877,7.433731317520142,-0.02518749237060547,0.02518749237060547,0.0033882704788162697
174,4884,Merged16:739562,BruteForce,1.7963778972625732,-3.1458094120025635,4.942187309265137,0.03303050994873047,0.03303050994873047,0.006683378812212975
175,4989,Merged46:411225,BruteForce,4.75437593460083,-3.159363269805908,7.913739204406738,0.0469975471496582,0.0469975471496582,0.0059387283224455745
176,5047,Merged34:733771,BruteForce,3.154982328414917,-3.1408591270446777,6.295841455459595,-0.021714210510253906,0.021714210510253906,0.0034489767037293945
177,5092,Merged18:391995,BruteForce,4.481048107147217,-3.172358751296997,7.653406858444214,0.04713916778564453,0.04713916778564453,0.006159239755251558
178,5119,Merged02:136683,BruteForce,4.425292015075684,-3.172358751296997,7.597650766372681,-0.0011391639709472656,0.0011391639709472656,0.00014993634295343278
179,5186,Merged40:288398,BruteForce,4.001123905181885,-3.1292734146118164,7.130397319793701,-0.007962226867675781,0.007962226867675781,0.0011166596348807876
180,5202,Merged11:520091,BruteForce,4.4710540771484375,-3.1664557456970215,7.637509822845459,-0.014210224151611328,0.014210224151611328,0.0018605834206727233
181,5226,Merged10:599,BruteForce,4.022541046142578,-3.1432416439056396,7.165782690048218,-0.09115791320800781,0.09115791320800781,0.012721277933059176
182,5293,Merged12:334929,BruteForce,3.03659987449646,-3.172358751296997,6.208958625793457,0.13991260528564453,0.13991260528564453,0.02253398898559495
183,5300,Merged39:299456,BruteForce,2.9799537658691406,-3.1432416439056396,6.12319540977478,0.0312657356262207,0.0312657356262207,0.00510611429717065
184,5303,Merged45:301537,BruteForce,2.213418960571289,-3.172358751296997,5.385777711868286,-0.06892538070678711,0.06892538070678711,0.012797665331582615
185,5326,Merged55:288840,BruteForce,4.659436225891113,-3.1292734146118164,7.78870964050293,0.0009741783142089844,0.0009741783142089844,0.0001250757004912665
186,5588,Merged27:389404,BruteForce,4.483753681182861,-3.172358751296997,7.656112432479858,-0.0028944015502929688,0.0028944015502929688,0.00037805107694264303
187,5747,Merged40:416575,BruteForce,2.88497257232666,-3.1358847618103027,6.020857334136963,-0.1463618278503418,0.1463618278503418,0.024309134019918025
188,5965,Merged61:445390,BruteForce,3.456890821456909,-3.142606258392334,6.599497079849243,0.02838134765625,0.02838134765625,0.004300531890969233
189,6052,Merged24:252066,BruteForce,4.2517476081848145,-3.1451942920684814,7.396941900253296,-0.0075588226318359375,0.0075588226318359375,0.001021884818586597
190,6171,Merged58:209768,BruteForce,3.650448799133301,-3.1358847618103027,6.7863335609436035,0.012972354888916016,0.012972354888916016,0.0019115410069988187
191,6352,Merged38:136508,BruteForce,4.628175258636475,-3.166985034942627,7.795160293579102,0.03046560287475586,0.03046560287475586,0.003908271507880406
192,6655,Merged25:134201,BruteForce,3.161501169204712,-3.1451942920684814,6.306695461273193,0.037485599517822266,0.037485599517822266,0.005943778282621354
193,6685,Merged04:174907,BruteForce,4.653928279876709,-3.1664557456970215,7.8203840255737305,-0.01528787612915039,0.01528787612915039,0.0019548753717409445
194,6863,Merged47:264495,BruteForce,2.1208441257476807,-3.1515607833862305,5.272404909133911,0.06042909622192383,0.06042909622192383,0.011461391388441449
195,6968,Merged54:670953,BruteForce,4.447144985198975,-3.142606258392334,7.589751243591309,-0.031104087829589844,0.031104087829589844,0.004098169601520702
196,7031,Merged10:827740,BruteForce,3.4566707611083984,-3.1719954013824463,6.628666162490845,0.08566951751708984,0.08566951751708984,0.012924095951891765
197,7099,Merged10:93274,BruteForce,3.2300620079040527,-3.166985034942627,6.39704704284668,0.0343937873840332,0.0343937873840332,0.005376509998076863
198,7113,Merged35:64938,BruteForce,4.540511608123779,-3.166985034942627,7.707496643066406,0.021056652069091797,0.021056652069091797,0.0027319703198358403
199,7129,Merged30:550597,BruteForce,3.367082357406616,-3.1515607833862305,6.518643140792847,0.0383458137512207,0.0383458137512207,0.005882483965299072
200,7152,Merged48:207937,BruteForce,4.394248008728027,-3.172358751296997,7.566606760025024,0.04350137710571289,0.04350137710571289,0.0057491261916152525
201,7378,Merged31:436943,BruteForce,4.649295330047607,-3.1515607833862305,7.800856113433838,-0.005269050598144531,0.005269050598144531,0.000675445171853729
202,7442,Merged59:242249,BruteForce,4.01589298248291,-3.1474313735961914,7.163324356079102,-0.007336616516113281,0.007336616516113281,0.0010241915836028165
203,7552,Merged21:598094,BruteForce,3.4071567058563232,-3.1274027824401855,6.534559488296509,0.003036022186279297,0.003036022186279297,0.0004646100768868746
204,7597,Merged48:111407,BruteForce,4.28150749206543,-3.133427619934082,7.414935111999512,-0.003345966339111328,0.003345966339111328,0.0004512468805959726
205,7797,Merged39:17448,BruteForce,3.3999452590942383,-3.1451942920684814,6.54513955116272,0.05782794952392578,0.05782794952392578,0.008835250810451072
206,7805,Merged14:677786,BruteForce,3.273228406906128,-3.1465063095092773,6.419734716415405,-0.04018211364746094,0.04018211364746094,0.006259154844002256
207,7858,Merged62:484822,BruteForce,4.4289679527282715,-3.1429667472839355,7.571934700012207,0.04491233825683594,0.04491233825683594,0.005931421761569541
208,7933,Merged08:291231,BruteForce,4.01657247543335,-3.172358751296997,7.188931226730347,0.11075496673583984,0.11075496673583984,0.015406318859196149
209,8070,Merged19:5209,BruteForce,4.387659072875977,-3.172358751296997,7.560017824172974,0.10222053527832031,0.10222053527832031,0.013521202946304257
210,8189,Merged32:70449,BruteForce,2.049182415008545,-3.1515607833862305,5.200743198394775,-0.07865667343139648,0.07865667343139648,0.015124121770841156
211,8222,Merged13:20704,BruteForce,4.397976398468018,-3.1515607833862305,7.549537181854248,-0.030207157135009766,0.030207157135009766,0.004001193239714671
212,8400,Merged49:39345,BruteForce,3.503835439682007,-3.1347317695617676,6.638567209243774,0.03757762908935547,0.03757762908935547,0.005660502922532901
213,106,Merged05:543204,DDoS,7.115281105041504,1.4797390699386597,5.635542035102844,-0.5213747024536133,0.5213747024536133,0.09251544912735242
214,183,Merged63:146366,DDoS,7.7376909255981445,1.4654443264007568,6.272246599197388,-0.060089111328125,0.060089111328125,0.009580157664052008
215,475,Merged62:508277,DDoS,8.371726036071777,1.4654443264007568,6.9062817096710205,-0.056982994079589844,0.056982994079589844,0.008250893385914925
216,530,Merged21:545659,DDoS,7.536920070648193,1.5139726400375366,6.022947430610657,-0.018096923828125,0.018096923828125,0.0030046624242725927
217,546,Merged60:689641,DDoS,7.7950639724731445,1.4654443264007568,6.329619646072388,0.07868814468383789,0.07868814468383789,0.012431733513824155
218,662,Merged62:309228,DDoS,4.140413761138916,1.5251579284667969,2.615255832672119,-0.019761323928833008,0.019761323928833008,0.007556172395050933
219,805,Merged12:38483,DDoS,8.144442558288574,1.4745259284973145,6.66991662979126,0.024030685424804688,0.024030685424804688,0.003602846446006739
220,823,Merged32:267821,DDoS,5.538897514343262,1.4701194763183594,4.068778038024902,0.005051612854003906,0.005051612854003906,0.0012415552794460371
221,975,Merged41:169131,DDoS,6.79647970199585,1.4654443264007568,5.331035375595093,-0.009819507598876953,0.009819507598876953,0.0018419513109647714
222,1008,Merged28:367890,DDoS,5.03901481628418,1.4701194763183594,3.5688953399658203,-0.028658151626586914,0.028658151626586914,0.008029978157572247
223,1087,Merged28:547055,DDoS,6.046289920806885,1.4701194763183594,4.576170444488525,-0.0037665367126464844,0.0037665367126464844,0.0008230761415765987
224,1123,Merged18:235011,DDoS,6.866789817810059,1.4745259284973145,5.392263889312744,-0.0023756027221679688,0.0023756027221679688,0.00044055757858518763
225,1151,Merged06:133222,DDoS,5.224114894866943,1.4745259284973145,3.749588966369629,0.030224323272705078,0.030224323272705078,0.008060703064733098
226,1179,Merged35:530648,DDoS,8.123754501342773,1.4654443264007568,6.658310174942017,-0.02775716781616211,0.02775716781616211,0.004168800654650162
227,1187,Merged61:678207,DDoS,7.801633358001709,1.4937071800231934,6.307926177978516,0.0678868293762207,0.0678868293762207,0.010762147092529262
228,1260,Merged12:178515,DDoS,6.608737945556641,1.4654443264007568,5.143293619155884,0.016823768615722656,0.016823768615722656,0.0032710107299850732
229,1646,Merged04:384024,DDoS,8.075424194335938,1.4745259284973145,6.600898265838623,0.013592720031738281,0.013592720031738281,0.0020592227730707752
230,1681,Merged34:162927,DDoS,4.73500394821167,1.4701194763183594,3.2648844718933105,-0.0287017822265625,0.0287017822265625,0.008791056000189281
231,1693,Merged17:416517,DDoS,4.461395740509033,1.4701194763183594,2.991276264190674,0.022790193557739258,0.022790193557739258,0.007618886236141556
232,1727,Merged63:52071,DDoS,8.29041576385498,1.4745259284973145,6.815889835357666,-0.019504547119140625,0.019504547119140625,0.0028616288687590146
233,1738,Merged01:427102,DDoS,7.751766204833984,1.4745259284973145,6.27724027633667,0.02633810043334961,0.02633810043334961,0.004195808870442067
234,1788,Merged11:358314,DDoS,7.934932231903076,1.4654443264007568,6.469487905502319,0.17747926712036133,0.17747926712036133,0.02743327906516599
235,1809,Merged24:227143,DDoS,7.556969165802002,1.5036189556121826,6.053350210189819,0.03468465805053711,0.03468465805053711,0.005729828416692494
236,1844,Merged34:48762,DDoS,7.994528293609619,1.4745259284973145,6.520002365112305,0.01848316192626953,0.01848316192626953,0.0028348397579072296
237,1880,Merged04:184575,DDoS,5.6760454177856445,1.4745259284973145,4.20151948928833,0.04404306411743164,0.04404306411743164,0.01048265139069766
238,1932,Merged60:480546,DDoS,7.919318675994873,1.4745259284973145,6.444792747497559,0.505155086517334,0.505155086517334,0.07838189780633056
239,2020,Merged15:9590,DDoS,7.636404037475586,1.4745259284973145,6.1618781089782715,0.1674485206604004,0.1674485206604004,0.027174916104948037
240,2106,Merged15:389900,DDoS,7.912969589233398,1.4745259284973145,6.438443660736084,0.012423038482666016,0.012423038482666016,0.0019295095425663374
241,2192,Merged02:584634,DDoS,7.917632579803467,1.4745259284973145,6.443106651306152,0.1213531494140625,0.1213531494140625,0.01883457095801164
242,2285,Merged11:308083,DDoS,6.776271343231201,1.4745259284973145,5.301745414733887,-0.02147054672241211,0.02147054672241211,0.004049712885636511
243,2331,Merged44:653893,DDoS,7.474201202392578,1.4745259284973145,5.999675273895264,0.028356075286865234,0.028356075286865234,0.00472626833826211
244,2398,Merged10:635237,DDoS,5.390000343322754,1.5167996883392334,3.8732006549835205,0.009799957275390625,0.009799957275390625,0.0025301961215929624
245,2476,Merged21:647070,DDoS,4.465314865112305,1.4654443264007568,2.999870538711548,0.0026292800903320312,0.0026292800903320312,0.0008764645195193369
246,2613,Merged02:45882,DDoS,7.684424877166748,1.4654443264007568,6.218980550765991,0.04876518249511719,0.04876518249511719,0.0078413466800617
247,2653,Merged42:136305,DDoS,8.321468353271484,1.4745259284973145,6.84694242477417,0.057112693786621094,0.057112693786621094,0.008341342783893034
248,3161,Merged11:710066,DDoS,8.113356590270996,1.4654443264007568,6.647912263870239,0.005716800689697266,0.005716800689697266,0.0008599392505172888
249,3184,Merged15:674851,DDoS,4.891951084136963,1.4654443264007568,3.426506757736206,0.010569572448730469,0.010569572448730469,0.0030846495267715392
250,3434,Merged24:588823,DDoS,6.778952598571777,1.4745259284973145,5.304426670074463,0.013129234313964844,0.013129234313964844,0.002475146727550206
251,3482,Merged49:471292,DDoS,5.275393486022949,1.4745259284973145,3.8008675575256348,-0.007644176483154297,0.007644176483154297,0.0020111662317775303
252,3488,Merged26:453977,DDoS,5.2185211181640625,1.4654443264007568,3.7530767917633057,-0.004239320755004883,0.004239320755004883,0.0011295587567802272
253,3490,Merged39:608146,DDoS,8.072964668273926,1.4654443264007568,6.607520341873169,-0.10982608795166016,0.10982608795166016,0.016621377198897204
254,3505,Merged58:686946,DDoS,4.780123710632324,1.4654443264007568,3.3146793842315674,0.00010561943054199219,0.00010561943054199219,3.186414681445205e-05
255,3588,Merged14:468838,DDoS,7.827351093292236,1.4745259284973145,6.352825164794922,0.0028438568115234375,0.0028438568115234375,0.00044765230236195886
256,3592,Merged13:165438,DDoS,7.738964557647705,1.4745259284973145,6.264438629150391,0.14237308502197266,0.14237308502197266,0.022727189689346814
257,3647,Merged49:569444,DDoS,6.065937042236328,1.4654443264007568,4.600492715835571,-0.006335735321044922,0.006335735321044922,0.0013771862520804328
258,3672,Merged12:519366,DDoS,7.871964931488037,1.498447299003601,6.373517632484436,-0.061224937438964844,0.061224937438964844,0.00960614545520587
259,3732,Merged09:510492,DDoS,4.725198268890381,1.4654443264007568,3.259753942489624,-0.0024628639221191406,0.0024628639221191406,0.000755536756936365
260,3819,Merged25:589759,DDoS,4.568264961242676,1.5167068243026733,3.0515581369400024,-0.006101846694946289,0.006101846694946289,0.0019995839571534464
261,3827,Merged05:282865,DDoS,5.292175769805908,1.5139007568359375,3.7782750129699707,0.008421897888183594,0.008421897888183594,0.0022290325239092195
262,3862,Merged29:550841,DDoS,7.972823619842529,1.4745259284973145,6.498297691345215,0.041615962982177734,0.041615962982177734,0.006404133045121052
263,3878,Merged41:297398,DDoS,5.811825275421143,1.4654443264007568,4.346380949020386,-0.02049112319946289,0.02049112319946289,0.004714525357948964
264,3931,Merged15:418955,DDoS,5.050420761108398,1.4701194763183594,3.580301284790039,0.020364046096801758,0.020364046096801758,0.005687802359905578
265,3974,Merged59:166856,DDoS,5.941678524017334,1.4654443264007568,4.476234197616577,0.02103137969970703,0.02103137969970703,0.004698453827752228
266,4021,Merged15:70039,DDoS,8.20620346069336,1.4745259284973145,6.731677532196045,-0.05515336990356445,0.05515336990356445,0.008193109316329954
267,4158,Merged48:7013,DDoS,8.158930778503418,1.4937071800231934,6.665223598480225,0.10593509674072266,0.10593509674072266,0.01589370486608694
268,4166,Merged12:246439,DDoS,8.022839546203613,1.4654443264007568,6.5573952198028564,-0.01941823959350586,0.01941823959350586,0.002961273332262205
269,4183,Merged27:89872,DDoS,4.869515419006348,1.4654443264007568,3.404071092605591,0.0011851787567138672,0.0011851787567138672,0.00034816510127780304
270,4357,Merged01:591549,DDoS,7.596859455108643,1.4654443264007568,6.131415128707886,-0.02902364730834961,0.02902364730834961,0.004733596844953142
271,4402,Merged38:166592,DDoS,7.877602577209473,1.4745259284973145,6.403076648712158,-0.038463592529296875,0.038463592529296875,0.006007048586093844
272,4426,Merged57:465518,DDoS,7.954637050628662,1.4654443264007568,6.489192724227905,-0.013301372528076172,0.013301372528076172,0.0020497730755344133
273,4448,Merged10:427164,DDoS,7.361326217651367,1.49336576461792,5.867960453033447,-0.32805299758911133,0.32805299758911133,0.0559057955851635
274,4467,Merged54:543568,DDoS,4.963554859161377,1.4654443264007568,3.49811053276062,0.0013070106506347656,0.0013070106506347656,0.0003736333195861899
275,4622,Merged14:131219,DDoS,5.00944185256958,1.4745259284973145,3.5349159240722656,-0.0003066062927246094,0.0003066062927246094,8.67365163161774e-05
276,4661,Merged37:361395,DDoS,8.407649993896484,1.4654443264007568,6.9422056674957275,-0.027010440826416016,0.027010440826416016,0.0038907577966009084
277,4926,Merged15:625658,DDoS,8.004974365234375,1.4745259284973145,6.5304484367370605,0.014013290405273438,0.014013290405273438,0.002145838917652519
278,4977,Merged33:455334,DDoS,4.634256362915039,1.4745259284973145,3.1597304344177246,0.017072200775146484,0.017072200775146484,0.005403056092755758
279,5027,Merged49:318659,DDoS,4.806545257568359,1.4745259284973145,3.332019329071045,-0.0008254051208496094,0.0008254051208496094,0.0002477191874753408
280,5063,Merged37:401067,DDoS,8.173316955566406,1.4743913412094116,6.698925614356995,0.021681785583496094,0.021681785583496094,0.003236606409993291
281,5088,Merged12:159435,DDoS,5.105047225952148,1.4654443264007568,3.6396028995513916,-0.017856121063232422,0.017856121063232422,0.00490606298435286
282,5123,Merged07:16490,DDoS,6.983081817626953,1.4937071800231934,5.48937463760376,0.06838512420654297,0.06838512420654297,0.01245772582874662
283,5127,Merged02:62498,DDoS,7.886850357055664,1.4745259284973145,6.41232442855835,0.07813453674316406,0.07813453674316406,0.012185056700372014
284,5187,Merged23:29761,DDoS,7.900167465209961,1.4654443264007568,6.434723138809204,-0.005562782287597656,0.005562782287597656,0.0008644944261933067
285,5254,Merged16:373147,DDoS,7.989715576171875,1.4990837574005127,6.490631818771362,-0.018308639526367188,0.018308639526367188,0.0028207792457765543
286,5328,Merged09:604019,DDoS,5.959427833557129,1.4701194763183594,4.4893083572387695,-0.010786056518554688,0.010786056518554688,0.0024026098588578234
287,5340,Merged41:518084,DDoS,5.143887042999268,1.4745259284973145,3.669361114501953,0.031311750411987305,0.031311750411987305,0.008533297605470834
288,5410,Merged01:328199,DDoS,5.7939372062683105,1.5130492448806763,4.280887961387634,-0.019571781158447266,0.019571781158447266,0.004571897544383092
289,5558,Merged30:72868,DDoS,6.778952598571777,1.4745259284973145,5.304426670074463,0.013129234313964844,0.013129234313964844,0.002475146727550206
290,5582,Merged47:579565,DDoS,5.20631217956543,1.4745259284973145,3.7317862510681152,0.0004417896270751953,0.0004417896270751953,0.00011838556587981047
291,5669,Merged23:405741,DDoS,4.868346214294434,1.4654443264007568,3.4029018878936768,-0.007176399230957031,0.007176399230957031,0.0021089057126472337
292,5737,Merged42:158704,DDoS,7.722840309143066,1.5139007568359375,6.208939552307129,-0.19042491912841797,0.19042491912841797,0.03066947544330006
293,5875,Merged01:30136,DDoS,8.220547676086426,1.4654443264007568,6.755103349685669,0.01931476593017578,0.01931476593017578,0.0028592850368565482
294,5958,Merged62:553600,DDoS,8.368095397949219,1.4745259284973145,6.893569469451904,0.049231529235839844,0.049231529235839844,0.0071416599852955655
295,6041,Merged56:357478,DDoS,7.729680061340332,1.5359306335449219,6.19374942779541,0.015484809875488281,0.015484809875488281,0.002500070442952987
296,6083,Merged46:319996,DDoS,7.697366237640381,1.4688489437103271,6.228517293930054,-0.12194395065307617,0.12194395065307617,0.019578327376872755
297,6101,Merged47:276306,DDoS,7.951833248138428,1.4745259284973145,6.477307319641113,-0.05641937255859375,0.05641937255859375,0.008710312754115204
298,6125,Merged42:707226,DDoS,5.1281561851501465,1.4745259284973145,3.653630256652832,-0.016565799713134766,0.016565799713134766,0.004534065723528096
299,6165,Merged20:695555,DDoS,7.796417713165283,1.4970961809158325,6.299321532249451,-0.03177595138549805,0.03177595138549805,0.005044345049355028
300,6216,Merged02:68082,DDoS,7.938866138458252,1.5073655843734741,6.431500554084778,-0.05116462707519531,0.05116462707519531,0.007955317214844927
301,6234,Merged49:355381,DDoS,7.595912456512451,1.4701194763183594,6.125792980194092,-0.06856250762939453,0.06856250762939453,0.011192429755799906
302,6269,Merged19:63217,DDoS,7.934585094451904,1.4745259284973145,6.46005916595459,-0.06478595733642578,0.06478595733642578,0.010028694114421859
303,6278,Merged18:383542,DDoS,7.634867191314697,1.5167996883392334,6.118067502975464,0.008444786071777344,0.008444786071777344,0.0013803028599586884
304,6510,Merged44:254105,DDoS,7.660332679748535,1.4701194763183594,6.190213203430176,0.013782978057861328,0.013782978057861328,0.002226575661436634
305,6520,Merged37:535432,DDoS,5.014470100402832,1.4654443264007568,3.549025774002075,-0.03739023208618164,0.03739023208618164,0.010535350957459623
306,6742,Merged62:605579,DDoS,4.790555477142334,1.4745259284973145,3.3160295486450195,0.03955435752868652,0.03955435752868652,0.011928228306906687
307,6754,Merged19:394083,DDoS,8.2506742477417,1.4701194763183594,6.78055477142334,0.01417684555053711,0.01417684555053711,0.0020908090898823575
308,6846,Merged41:108457,DDoS,7.856101036071777,1.4654443264007568,6.3906567096710205,0.0457453727722168,0.0457453727722168,0.007158164622266447
309,6891,Merged59:342236,DDoS,6.064652919769287,1.4984939098358154,4.566159009933472,0.005560874938964844,0.005560874938964844,0.0012178452232757143
310,7019,Merged59:406060,DDoS,4.600650310516357,1.4701194763183594,3.130530834197998,0.004042148590087891,0.004042148590087891,0.0012912022925733097
311,7042,Merged21:635789,DDoS,8.397663116455078,1.4701194763183594,6.927543640136719,0.007586956024169922,0.007586956024169922,0.0010951870415095918
312,7079,Merged09:70194,DDoS,8.298454284667969,1.4701194763183594,6.828334808349609,-0.039617061614990234,0.039617061614990234,0.005801862786011452
313,7127,Merged25:449561,DDoS,8.190323829650879,1.4654443264007568,6.724879503250122,-0.003917694091796875,0.003917694091796875,0.0005825671805574301
314,7175,Merged17:123412,DDoS,5.497101306915283,1.467018961906433,4.03008234500885,0.006634712219238281,0.006634712219238281,0.001646296936700362
315,7291,Merged05:486925,DDoS,7.683983325958252,1.4745259284973145,6.2094573974609375,0.33655357360839844,0.33655357360839844,0.054200158253121446
316,7318,Merged24:402861,DDoS,5.1781511306762695,1.4654443264007568,3.7127068042755127,0.011580944061279297,0.011580944061279297,0.0031192724531715803
317,7339,Merged08:448333,DDoS,8.52370548248291,1.4745259284973145,7.049179553985596,0.03136920928955078,0.03136920928955078,0.00445005110868749
318,7576,Merged02:128730,DDoS,7.752284049987793,1.4654443264007568,6.286839723587036,-0.0023865699768066406,0.0023865699768066406,0.0003796136185646153
319,7581,Merged47:232618,DDoS,6.746919631958008,1.4745259284973145,5.272393703460693,-0.019906044006347656,0.019906044006347656,0.003775523059532092
320,7728,Merged15:105075,DDoS,4.918193817138672,1.4654443264007568,3.452749490737915,-0.02382659912109375,0.02382659912109375,0.0069007610268307
321,7781,Merged49:178483,DDoS,7.6781392097473145,1.4953125715255737,6.182826638221741,0.0057582855224609375,0.0057582855224609375,0.0009313354327070528
322,7799,Merged17:208010,DDoS,7.641941070556641,1.4990837574005127,6.142857313156128,0.12019634246826172,0.12019634246826172,0.019566845905868234
323,7820,Merged18:439927,DDoS,4.83945894241333,1.4745259284973145,3.3649330139160156,-0.013670921325683594,0.013670921325683594,0.004062761805107602
324,8031,Merged24:102036,DDoS,7.353737831115723,1.4990837574005127,5.85465407371521,-0.010298728942871094,0.010298728942871094,0.0017590670282481421
325,8073,Merged19:467021,DDoS,4.915063858032227,1.511059045791626,3.4040048122406006,-0.03677678108215332,0.03677678108215332,0.01080397446851608
326,8144,Merged35:622221,DDoS,4.749693393707275,1.4745259284973145,3.275167465209961,-0.013281583786010742,0.013281583786010742,0.004055238068615615
327,8351,Merged57:83744,DDoS,7.473916053771973,1.5139726400375366,5.959943413734436,0.01330709457397461,0.01330709457397461,0.0022327551874584874
328,8432,Merged08:32532,DDoS,8.424105644226074,1.5073655843734741,6.9167400598526,0.018166542053222656,0.018166542053222656,0.002626460138160779
329,8443,Merged21:440270,DDoS,7.572932720184326,1.5167996883392334,6.056133031845093,-0.005381584167480469,0.005381584167480469,0.0008886172313557794
330,8462,Merged04:177450,DDoS,5.1079020500183105,1.4654443264007568,3.6424577236175537,0.02319955825805664,0.02319955825805664,0.00636920453671476
331,8469,Merged33:614352,DDoS,5.131141662597656,1.4654443264007568,3.6656973361968994,0.019107341766357422,0.019107341766357422,0.005212471192774735
332,8566,Merged42:818801,DDoS,4.8059611320495605,1.4701194763183594,3.335841655731201,0.02453327178955078,0.02453327178955078,0.0073544473393696505
333,58,Merged29:535569,DoS,5.585063934326172,0.9681333303451538,4.616930603981018,-0.0016741752624511719,0.0016741752624511719,0.0003626165099834052
334,88,Merged39:642260,DoS,4.933620452880859,0.9680979251861572,3.965522527694702,0.00775146484375,0.00775146484375,0.0019547146156943408
335,136,Merged38:245129,DoS,5.651151657104492,0.9593912363052368,4.691760420799255,-0.00127410888671875,0.00127410888671875,0.00027156307493247955
336,242,Merged10:703964,DoS,6.382467746734619,0.9702745079994202,5.412193238735199,-0.003673076629638672,0.003673076629638672,0.0006786669410379461
337,263,Merged17:1148,DoS,5.20016622543335,0.9694440960884094,4.23072212934494,0.025948524475097656,0.025948524475097656,0.006133355886248046
338,352,Merged59:245164,DoS,5.275709629058838,0.9640564322471619,4.311653196811676,0.014284133911132812,0.014284133911132812,0.003312913460130665
339,365,Merged08:351894,DoS,5.575206756591797,0.9681333303451538,4.607073426246643,-0.013810157775878906,0.013810157775878906,0.0029975988004015738
340,431,Merged10:664268,DoS,5.437922954559326,0.9640564322471619,4.473866522312164,-0.018913745880126953,0.018913745880126953,0.004227606207248229
341,629,Merged12:262582,DoS,5.468062400817871,0.9778147339820862,4.490247666835785,-0.0036530494689941406,0.0036530494689941406,0.0008135518884570556
342,741,Merged24:102443,DoS,5.316028118133545,0.9680979251861572,4.347930192947388,0.005333423614501953,0.005333423614501953,0.001226658059771313
343,760,Merged63:346230,DoS,5.248514652252197,0.9759722352027893,4.272542417049408,0.004609107971191406,0.004609107971191406,0.0010787740696965224
344,859,Merged06:75195,DoS,5.430428504943848,0.9759722352027893,4.454456269741058,-0.023319721221923828,0.023319721221923828,0.005235144271217512
345,873,Merged39:216982,DoS,6.446878910064697,0.9702745079994202,5.476604402065277,-0.0009732246398925781,0.0009732246398925781,0.00017770584991049678
346,874,Merged42:568256,DoS,5.407120704650879,0.9471794962882996,4.459941208362579,-4.38690185546875e-05,4.38690185546875e-05,9.836232475986729e-06
347,958,Merged58:642383,DoS,4.945765018463135,0.9640564322471619,3.981708586215973,-0.0035696029663085938,0.0035696029663085938,0.0008965003060912038
348,1007,Merged40:490820,DoS,6.434264183044434,0.9680995941162109,5.466164588928223,-0.012443065643310547,0.012443065643310547,0.0022763796151535785
349,1027,Merged11:545915,DoS,4.810578346252441,0.9694440960884094,3.841134250164032,0.03953409194946289,0.03953409194946289,0.01029229633090138
350,1059,Merged58:593237,DoS,5.086240768432617,0.9680979251861572,4.11814284324646,-0.009195327758789062,0.009195327758789062,0.002232882177428333
351,1215,Merged59:97491,DoS,5.862819194793701,0.9653469324111938,4.897472262382507,0.016701698303222656,0.016701698303222656,0.00341026909565337
352,1309,Merged54:605504,DoS,5.656420707702637,0.961372971534729,4.695047736167908,-0.002944469451904297,0.002944469451904297,0.0006271436665535523
353,1447,Merged55:265548,DoS,6.785581111907959,0.9625384211540222,5.823042690753937,-0.009633064270019531,0.009633064270019531,0.0016543008151589376
354,1527,Merged21:131796,DoS,6.524684429168701,0.961249828338623,5.563434600830078,-0.0018148422241210938,0.0018148422241210938,0.00032620896160985064
355,1533,Merged26:573497,DoS,5.2942609786987305,0.9811356663703918,4.313125312328339,0.008202075958251953,0.008202075958251953,0.0019016549170986772
356,1557,Merged34:236531,DoS,4.890742778778076,0.9694440960884094,3.9212986826896667,0.01905059814453125,0.01905059814453125,0.004858236948036871
357,1663,Merged24:464126,DoS,5.942715167999268,0.9593912363052368,4.983323931694031,-0.007018089294433594,0.007018089294433594,0.0014083148899469325
358,1829,Merged44:518569,DoS,5.365832328796387,0.9640564322471619,4.401775896549225,0.002368927001953125,0.002368927001953125,0.000538175285981789
359,1846,Merged53:723642,DoS,6.546402931213379,0.961372971534729,5.58502995967865,-0.012241840362548828,0.012241840362548828,0.0021919023623739337
360,2049,Merged34:512223,DoS,5.858433723449707,0.9778147339820862,4.880618989467621,-0.006569862365722656,0.006569862365722656,0.0013461125279191888
361,2189,Merged59:217751,DoS,6.039719581604004,0.9589155316352844,5.0808040499687195,-0.01196908950805664,0.01196908950805664,0.0023557471200115125
362,2194,Merged18:183681,DoS,4.837253570556641,0.9640564322471619,3.8731971383094788,0.010136127471923828,0.010136127471923828,0.002616992399294168
363,2263,Merged30:671783,DoS,5.830766201019287,0.9693569540977478,4.861409246921539,0.008141040802001953,0.008141040802001953,0.0016746256874294676
364,2310,Merged16:473446,DoS,5.160940647125244,0.9640564322471619,4.196884214878082,0.011263847351074219,0.011263847351074219,0.0026838594477168413
365,2380,Merged42:628342,DoS,4.776382923126221,0.9694440960884094,3.8069388270378113,0.031694889068603516,0.031694889068603516,0.008325557753515412
366,2447,Merged24:385409,DoS,6.387556552886963,0.9640564322471619,5.423500120639801,0.007384300231933594,0.007384300231933594,0.0013615377648525766
367,2490,Merged35:276682,DoS,5.692383289337158,0.9811356663703918,4.711247622966766,-0.029872894287109375,0.029872894287109375,0.0063407608085558065
368,2667,Merged53:426708,DoS,5.0169854164123535,0.9680979251861572,4.048887491226196,0.015905380249023438,0.015905380249023438,0.003928333470240866
369,2741,Merged26:574204,DoS,5.201118469238281,0.961372971534729,4.239745497703552,-0.018425464630126953,0.018425464630126953,0.004345889308711351
370,2777,Merged17:395045,DoS,6.432066917419434,0.9651120901107788,5.466954827308655,0.009013175964355469,0.009013175964355469,0.001648664795862708
371,2947,Merged34:91897,DoS,4.770900249481201,0.9680979251861572,3.802802324295044,0.024318695068359375,0.024318695068359375,0.0063949406239167395
372,3096,Merged26:453368,DoS,5.467327117919922,0.961372971534729,4.505954146385193,0.017862319946289062,0.017862319946289062,0.003964159280364345
373,3104,Merged33:546755,DoS,4.925037384033203,0.9694440960884094,3.9555932879447937,0.011017799377441406,0.011017799377441406,0.002785372149108363
374,3130,Merged32:487914,DoS,5.091200351715088,0.9694440960884094,4.1217562556266785,-0.011603832244873047,0.011603832244873047,0.002815264058623666
375,3396,Merged44:112513,DoS,4.986057281494141,0.9640564322471619,4.022000849246979,0.04039335250854492,0.04039335250854492,0.01004309895063985
376,3545,Merged54:549293,DoS,5.151986122131348,0.961372971534729,4.190613150596619,0.017334938049316406,0.017334938049316406,0.004136611380329494
377,3598,Merged60:169617,DoS,6.168827056884766,0.9640564322471619,5.204770624637604,0.021087169647216797,0.021087169647216797,0.004051507966056631
378,3720,Merged44:692992,DoS,4.826347351074219,0.9694440960884094,3.8569032549858093,0.002006053924560547,0.002006053924560547,0.0005201203639130243
379,3804,Merged46:194413,DoS,5.169892311096191,0.9694440960884094,4.200448215007782,0.02985095977783203,0.02985095977783203,0.007106612973153087
380,3837,Merged37:670166,DoS,5.144519329071045,0.9694440960884094,4.1750752329826355,0.01981639862060547,0.01981639862060547,0.004746357254608994
381,3876,Merged25:75875,DoS,4.8254923820495605,0.9694440960884094,3.856048285961151,0.035012006759643555,0.035012006759643555,0.009079763572233517
382,3882,Merged24:536698,DoS,4.967967987060547,0.9694440960884094,3.9985238909721375,-0.006884336471557617,0.006884336471557617,0.001721719479306117
383,3940,Merged42:201374,DoS,5.296017646789551,0.9694440960884094,4.326573550701141,0.00939798355102539,0.00939798355102539,0.00217215388595495
384,4093,Merged06:607212,DoS,5.888294219970703,0.9625384211540222,4.925755798816681,0.0055179595947265625,0.0055179595947265625,0.0011202259754842388
385,4110,Merged56:152273,DoS,5.23745059967041,0.9694440960884094,4.268006503582001,0.028698444366455078,0.028698444366455078,0.006724086372026237
386,4241,Merged25:170330,DoS,5.144878387451172,0.9703261852264404,4.1745522022247314,-0.02790355682373047,0.02790355682373047,0.00668420359167144
387,4286,Merged14:514973,DoS,4.445112705230713,0.9680979251861572,3.4770147800445557,-0.026916980743408203,0.026916980743408203,0.007741405327895466
388,4312,Merged48:505232,DoS,4.764293670654297,0.9694440960884094,3.7948495745658875,-0.00226593017578125,0.00226593017578125,0.0005971067182657593
389,4355,Merged27:480608,DoS,5.245837688446045,0.9811356663703918,4.264702022075653,0.003322601318359375,0.003322601318359375,0.000779093428136451
390,4401,Merged18:280940,DoS,5.122046947479248,0.9580737352371216,4.1639732122421265,0.015047073364257812,0.015047073364257812,0.0036136335651774255
391,4542,Merged06:477428,DoS,5.787027359008789,0.9681333303451538,4.818894028663635,0.0007834434509277344,0.0007834434509277344,0.00016257743919407107
392,4648,Merged19:462992,DoS,5.320621013641357,0.9640564322471619,4.356564581394196,4.38690185546875e-05,4.38690185546875e-05,1.0069635772654713e-05
393,4750,Merged57:175248,DoS,5.667160987854004,0.9593912363052368,4.707769751548767,-0.005939483642578125,0.005939483642578125,0.0012616342676113562
394,4771,Merged54:91099,DoS,6.070887565612793,0.9653469324111938,5.105540633201599,0.0036954879760742188,0.0036954879760742188,0.0007238191293674692
395,4793,Merged59:113252,DoS,4.9915971755981445,0.9680979251861572,4.023499250411987,-0.002529621124267578,0.002529621124267578,0.0006287117175450093
396,4854,Merged56:235438,DoS,6.357729434967041,0.9640564322471619,5.393673002719879,-0.011490821838378906,0.011490821838378906,0.0021304261182656797
397,4932,Merged41:28108,DoS,4.841578006744385,0.9640564322471619,3.877521574497223,0.03283190727233887,0.03283190727233887,0.008467240385785862
398,5000,Merged41:627560,DoS,4.864388465881348,0.9640564322471619,3.900332033634186,0.0302886962890625,0.0302886962890625,0.007765671237184545
399,5059,Merged08:621494,DoS,6.339715957641602,0.9640564322471619,5.37565952539444,-0.011848926544189453,0.011848926544189453,0.0022041809917863124
400,5109,Merged15:169233,DoS,4.7813401222229,0.9694440960884094,3.811896026134491,0.009579658508300781,0.009579658508300781,0.0025130954366599486
401,5231,Merged03:371796,DoS,5.23585844039917,0.9694440960884094,4.2664143443107605,0.016352176666259766,0.016352176666259766,0.0038327680685926115
402,5233,Merged10:130270,DoS,5.727470874786377,0.9693569540977478,4.758113920688629,0.025310516357421875,0.025310516357421875,0.005319443119545728
403,5367,Merged62:479901,DoS,5.940762519836426,0.9681333303451538,4.972629189491272,-0.016435623168945312,0.016435623168945312,0.0033052179325333466
404,5762,Merged25:140124,DoS,5.180858135223389,0.9681333303451538,4.212724804878235,-0.021908283233642578,0.021908283233642578,0.0052005018719175075
405,5859,Merged29:676262,DoS,5.78583288192749,0.9589155316352844,4.826917350292206,0.011467933654785156,0.011467933654785156,0.002375829711294088
406,5939,Merged26:277153,DoS,5.028116703033447,0.9778147339820862,4.050301969051361,-0.022063255310058594,0.022063255310058594,0.005447311207570562
407,6030,Merged01:290745,DoS,6.366157531738281,0.968701958656311,5.39745557308197,0.019370555877685547,0.019370555877685547,0.0035888309992378273
408,6187,Merged20:681308,DoS,6.35205078125,0.9640564322471619,5.387994349002838,-0.01713275909423828,0.01713275909423828,0.0031798027214726124
409,6289,Merged37:513606,DoS,5.037383079528809,0.961249828338623,4.0761332511901855,-0.020174026489257812,0.020174026489257812,0.004949304953013305
410,6324,Merged47:201558,DoS,5.2296366691589355,0.9699224233627319,4.259714245796204,-0.006580352783203125,0.006580352783203125,0.0015447873738706995
411,6343,Merged40:139258,DoS,5.037633419036865,0.9694440960884094,4.068189322948456,0.017457008361816406,0.017457008361816406,0.004291100284675121
412,6452,Merged22:121783,DoS,5.002395153045654,0.9640564322471619,4.038338720798492,0.007975101470947266,0.007975101470947266,0.0019748470899366177
413,6561,Merged45:279322,DoS,6.114129543304443,0.9593912363052368,5.1547383069992065,-0.007784843444824219,0.007784843444824219,0.0015102305842090574
414,6597,Merged07:479495,DoS,4.930043697357178,0.9640564322471619,3.965987265110016,-0.0013952255249023438,0.0013952255249023438,0.00035179778240252124
415,6642,Merged07:459213,DoS,5.671827793121338,0.968701958656311,4.703125834465027,-0.01568746566772461,0.01568746566772461,0.0033355402810541714
416,6686,Merged20:423533,DoS,6.325859546661377,0.9702745079994202,5.355585038661957,0.009885787963867188,0.009885787963867188,0.0018458838562923948
417,6811,Merged43:230911,DoS,6.034053325653076,0.968701958656311,5.065351366996765,0.03009796142578125,0.03009796142578125,0.005941929640238612
418,6813,Merged44:557311,DoS,6.389080047607422,0.9640564322471619,5.42502361536026,-0.005235195159912109,0.005235195159912109,0.0009650087319600461
419,6830,Merged58:541556,DoS,5.046050071716309,0.9640564322471619,4.081993639469147,0.01375722885131836,0.01375722885131836,0.003370223000422767
420,6874,Merged08:583875,DoS,5.978569030761719,0.9759722352027893,5.002596795558929,-0.008903026580810547,0.008903026580810547,0.001779681022606946
421,6956,Merged38:136866,DoS,6.352097988128662,0.9580737352371216,5.3940242528915405,-0.020264625549316406,0.020264625549316406,0.003756865857333377
422,7000,Merged06:480010,DoS,5.140978813171387,0.9694440960884094,4.171534717082977,0.026900768280029297,0.026900768280029297,0.00644865022215137
423,7017,Merged36:172925,DoS,5.191069602966309,0.9694440960884094,4.221625506877899,-0.0037317276000976562,0.0037317276000976562,0.0008839551480864188
424,7046,Merged10:257782,DoS,6.389625549316406,0.9640564322471619,5.425569117069244,-0.02040719985961914,0.02040719985961914,0.0037613012421897954
425,7117,Merged38:223731,DoS,5.5767083168029785,0.9625384211540222,4.614169895648956,0.018195629119873047,0.018195629119873047,0.003943424176259972
426,7181,Merged59:581688,DoS,6.296805381774902,0.968701958656311,5.328103423118591,0.030343055725097656,0.030343055725097656,0.005694907421173436
427,7193,Merged21:487718,DoS,5.078400611877441,0.9747238159179688,4.103676795959473,0.012174129486083984,0.012174129486083984,0.002966639453202253
428,7250,Merged12:546708,DoS,6.159664154052734,0.9640564322471619,5.1956077218055725,0.0008902549743652344,0.0008902549743652344,0.00017134761168147888
429,7257,Merged10:827749,DoS,5.9230804443359375,0.9759803414344788,4.947100102901459,-0.018311023712158203,0.018311023712158203,0.0037013651091108595
430,7356,Merged59:141502,DoS,5.013219356536865,0.9640564322471619,4.049162924289703,0.0033583641052246094,0.0033583641052246094,0.0008293971292384406
431,7369,Merged16:20545,DoS,6.02858829498291,0.9564244151115417,5.072163879871368,0.0007767677307128906,0.0007767677307128906,0.0001531432637252623
432,7389,Merged03:454807,DoS,4.633216857910156,0.9694440960884094,3.663772761821747,0.009058475494384766,0.009058475494384766,0.002472444685647097
433,7430,Merged23:266220,DoS,5.066482067108154,0.9735066294670105,4.092975437641144,4.3392181396484375e-05,4.3392181396484375e-05,1.0601622721071612e-05
434,7734,Merged22:421877,DoS,5.161943435668945,0.9640564322471619,4.1978870034217834,-0.0008478164672851562,0.0008478164672851562,0.0002019626699322978
435,7743,Merged13:469247,DoS,4.68095588684082,0.9680979251861572,3.712857961654663,-0.005266666412353516,0.005266666412353516,0.0014184939113605051
436,7769,Merged59:545565,DoS,5.119681358337402,0.9694440960884094,4.150237262248993,0.009960651397705078,0.009960651397705078,0.0024000197502702415
437,7833,Merged59:411565,DoS,5.08227014541626,0.9694440960884094,4.11282604932785,0.013971328735351562,0.013971328735351562,0.0033970142592427083
438,7852,Merged09:85394,DoS,4.998958110809326,0.947601318359375,4.051356792449951,0.003055095672607422,0.003055095672607422,0.0007540919818024552
439,7975,Merged29:474210,DoS,5.126616477966309,0.9680979251861572,4.158518552780151,-0.0009856224060058594,0.0009856224060058594,0.00023701286732192832
440,7984,Merged48:491783,DoS,4.863261699676514,0.9640564322471619,3.899205267429352,0.011930465698242188,0.011930465698242188,0.0030597172705677136
441,7991,Merged18:327055,DoS,5.147030353546143,0.9694440960884094,4.177586257457733,-0.0019359588623046875,0.0019359588623046875,0.00046341565272258763
442,8063,Merged34:487180,DoS,5.055415630340576,0.9680979251861572,4.087317705154419,0.023732662200927734,0.023732662200927734,0.0058064148453639995
443,8095,Merged44:527478,DoS,4.530613899230957,0.961249828338623,3.569364070892334,-0.03123950958251953,0.03123950958251953,0.008752121936025908
444,8179,Merged29:15413,DoS,5.858275413513184,0.9612985253334045,4.896976888179779,0.02571392059326172,0.02571392059326172,0.005250978548689794
445,8192,Merged30:55723,DoS,4.83162260055542,0.9694440960884094,3.8621785044670105,0.01149606704711914,0.01149606704711914,0.002976575793641528
446,8217,Merged37:179662,DoS,6.289782524108887,0.9803329110145569,5.30944961309433,-0.03810691833496094,0.03810691833496094,0.007177188053726034
447,8228,Merged13:186195,DoS,5.914841175079346,0.9625384211540222,4.9523027539253235,0.0017719268798828125,0.0017719268798828125,0.0003577985773342184
448,8245,Merged01:385528,DoS,4.888661861419678,0.9735312461853027,3.915130615234375,0.0030531883239746094,0.0030531883239746094,0.0007798432859670593
449,8246,Merged04:397915,DoS,5.486443996429443,0.9811356663703918,4.5053083300590515,0.020291805267333984,0.020291805267333984,0.004503977037919626
450,8341,Merged41:219493,DoS,4.50988245010376,0.9680979251861572,3.5417845249176025,0.024204015731811523,0.024204015731811523,0.006833847615948521
451,8465,Merged40:57280,DoS,6.1869964599609375,0.968701958656311,5.2182945013046265,-0.026070117950439453,0.026070117950439453,0.004995907751837628
452,8506,Merged17:164308,DoS,5.715174674987793,0.9735066294670105,4.7416680455207825,0.0027570724487304688,0.0027570724487304688,0.000581456234865479
453,50,Merged23:500465,Mirai,9.055460929870605,0.2763395309448242,8.779121398925781,-0.010666847229003906,0.010666847229003906,0.0012150244590887088
454,66,Merged60:689681,Mirai,9.312381744384766,0.2611096501350403,9.051272094249725,0.012342453002929688,0.012342453002929688,0.0013636152879296214
455,69,Merged37:380205,Mirai,9.278509140014648,0.27102431654930115,9.007484823465347,0.023606300354003906,0.023606300354003906,0.0026207427285924777
456,114,Merged30:531994,Mirai,9.247527122497559,0.2774982154369354,8.970028907060623,-0.0012912750244140625,0.0012912750244140625,0.00014395438830722772
457,141,Merged01:490881,Mirai,9.106948852539062,0.2763395309448242,8.830609321594238,0.0015363693237304688,0.0015363693237304688,0.0001739822551059364
458,187,Merged39:419934,Mirai,9.184922218322754,0.2840173542499542,8.9009048640728,0.029082298278808594,0.029082298278808594,0.0032673417728791864
459,330,Merged61:285421,Mirai,9.111748695373535,0.2819790244102478,8.829769670963287,-0.0019054412841796875,0.0019054412841796875,0.00021579739395079968
460,486,Merged56:39098,Mirai,9.302964210510254,0.2611096501350403,9.041854560375214,0.025876998901367188,0.025876998901367188,0.002861912755682874
461,501,Merged35:23664,Mirai,9.159204483032227,0.28305453062057495,8.876149952411652,0.008882522583007812,0.008882522583007812,0.0010007179498578017
462,558,Merged40:238527,Mirai,9.152012825012207,0.28162887692451477,8.870383948087692,0.034972190856933594,0.034972190856933594,0.003942579155716593
463,559,Merged38:386858,Mirai,9.252209663391113,0.2840173542499542,8.968192309141159,0.011515617370605469,0.011515617370605469,0.0012840511190719843
464,642,Merged12:129919,Mirai,9.173460960388184,0.2763395309448242,8.89712142944336,-0.007006645202636719,0.007006645202636719,0.0007875182167852106
465,835,Merged56:732628,Mirai,9.282674789428711,0.246880441904068,9.035794347524643,0.004988670349121094,0.004988670349121094,0.0005521009174459289
466,837,Merged07:278745,Mirai,9.115184783935547,0.28626424074172974,8.828920543193817,-0.007944107055664062,0.007944107055664062,0.0008997823705399802
467,939,Merged37:499282,Mirai,9.278885841369629,0.246880441904068,9.032005399465561,-0.05800914764404297,0.05800914764404297,0.0064226210103323755
468,1016,Merged26:570079,Mirai,9.33173942565918,0.27102431654930115,9.060715109109879,0.0031299591064453125,0.0031299591064453125,0.00034544283412005417
469,1066,Merged29:526504,Mirai,9.129561424255371,0.30502599477767944,8.824535429477692,-0.0021266937255859375,0.0021266937255859375,0.0002409978114521336
470,1081,Merged11:580754,Mirai,9.31674861907959,0.27116474509239197,9.045583873987198,0.004336357116699219,0.004336357116699219,0.0004793894100268619
471,1163,Merged18:265057,Mirai,9.331866264343262,0.2611096501350403,9.070756614208221,0.02620410919189453,0.02620410919189453,0.0028888559473472177
472,1282,Merged61:187420,Mirai,9.29112434387207,0.25421422719955444,9.036910116672516,0.014862060546875,0.014862060546875,0.0016445953710943143
473,1422,Merged05:742332,Mirai,9.100632667541504,0.2840173542499542,8.81661531329155,-0.009364128112792969,0.009364128112792969,0.0010621001121230743
474,1560,Merged43:320324,Mirai,9.10374641418457,0.2763395309448242,8.827406883239746,-0.037174224853515625,0.037174224853515625,0.004211228206110775
475,1561,Merged16:248284,Mirai,9.181890487670898,0.2763395309448242,8.905550956726074,0.020349502563476562,0.020349502563476562,0.002285035778511518
476,1592,Merged07:66918,Mirai,9.099357604980469,0.27116474509239197,8.828192859888077,0.00838470458984375,0.00838470458984375,0.0009497645467104182
477,1655,Merged05:263841,Mirai,9.23770809173584,0.27824676036834717,8.959461331367493,0.008999824523925781,0.008999824523925781,0.0010045050914408186
478,1735,Merged45:399157,Mirai,9.266290664672852,0.28305453062057495,8.983236134052277,-0.005169868469238281,0.005169868469238281,0.0005755017893430559
479,1778,Merged07:239279,Mirai,9.290990829467773,0.27116474509239197,9.019826084375381,0.006123542785644531,0.006123542785644531,0.0006788980994048272
480,1873,Merged15:392723,Mirai,9.252401351928711,0.27102431654930115,8.98137703537941,0.010374069213867188,0.010374069213867188,0.001155064437558037
481,2079,Merged07:144640,Mirai,9.311624526977539,0.25421422719955444,9.057410299777985,-0.022945404052734375,0.022945404052734375,0.002533329427871542
482,2117,Merged40:81508,Mirai,9.217734336853027,0.2774982154369354,8.940236121416092,0.025506973266601562,0.025506973266601562,0.0028530536464803544
483,2136,Merged01:255593,Mirai,9.218996047973633,0.27272525429725647,8.946270793676376,0.01746368408203125,0.01746368408203125,0.0019520629863311718
484,2144,Merged34:421174,Mirai,8.644933700561523,0.29617398977279663,8.348759710788727,-0.0002956390380859375,0.0002956390380859375,3.541113271039487e-05
485,2401,Merged60:468160,Mirai,9.291433334350586,0.246880441904068,9.044552892446518,0.02807331085205078,0.02807331085205078,0.003103891500871864
486,2431,Merged32:207430,Mirai,9.065971374511719,0.2763395309448242,8.789631843566895,0.01558685302734375,0.01558685302734375,0.0017733226265616256
487,2488,Merged24:324533,Mirai,9.1297025680542,0.2763395309448242,8.853363037109375,-0.02473926544189453,0.02473926544189453,0.0027943353659167134
488,2518,Merged30:181077,Mirai,9.251914978027344,0.2717778980731964,8.980137079954147,-0.025209426879882812,0.025209426879882812,0.0028072429914412322
489,2543,Merged09:471115,Mirai,9.333409309387207,0.26260581612586975,9.070803493261337,-0.008380889892578125,0.008380889892578125,0.0009239412912873985
490,2604,Merged19:177571,Mirai,9.241703033447266,0.27324116230010986,8.968461871147156,-0.020682334899902344,0.020682334899902344,0.0023061183954453126
491,2610,Merged40:140629,Mirai,9.251808166503906,0.26419636607170105,8.987611800432205,0.044597625732421875,0.044597625732421875,0.0049621219432594114
492,2631,Merged48:103406,Mirai,9.256254196166992,0.246880441904068,9.009373754262924,0.009873390197753906,0.009873390197753906,0.0010959019424721013
493,2772,Merged16:400457,Mirai,9.293911933898926,0.246880441904068,9.047031491994858,0.025511741638183594,0.025511741638183594,0.0028199019380840346
494,2781,Merged09:401700,Mirai,8.891328811645508,0.2774982154369354,8.613830596208572,0.013100624084472656,0.013100624084472656,0.0015208824852254435
495,2818,Merged40:421743,Mirai,9.326398849487305,0.246880441904068,9.079518407583237,0.02752971649169922,0.02752971649169922,0.0030320679198916904
496,2839,Merged24:714488,Mirai,8.496416091918945,0.27272525429725647,8.223690837621689,0.02579975128173828,0.02579975128173828,0.003137247227693646
497,2878,Merged39:238652,Mirai,9.12752628326416,0.2729586362838745,8.854567646980286,0.016303062438964844,0.016303062438964844,0.0018412036689927772
498,2912,Merged21:235901,Mirai,9.302960395812988,0.28744399547576904,9.01551640033722,0.0072956085205078125,0.0072956085205078125,0.0008092280238362081
499,2978,Merged46:486373,Mirai,9.238492012023926,0.28162887692451477,8.956863135099411,0.021454811096191406,0.021454811096191406,0.0023953487702760663
500,3024,Merged56:135146,Mirai,9.192769050598145,0.2840173542499542,8.90875169634819,0.02196788787841797,0.02196788787841797,0.0024658772213196696
501,3181,Merged14:877084,Mirai,8.906645774841309,0.27824676036834717,8.628399014472961,-0.007147789001464844,0.007147789001464844,0.0008284026955030015
502,3246,Merged38:128699,Mirai,9.147905349731445,0.25421422719955444,8.89369112253189,0.009893417358398438,0.009893417358398438,0.0011124084727131766
503,3268,Merged50:409443,Mirai,9.316648483276367,0.246880441904068,9.0697680413723,-0.0019636154174804688,0.0019636154174804688,0.00021650117274480643
504,3363,Merged23:27345,Mirai,9.222662925720215,0.2611096501350403,8.961553275585175,0.002628326416015625,0.002628326416015625,0.0002932891581614795
505,3510,Merged51:166798,Mirai,9.38994312286377,0.2717778980731964,9.118165224790573,-0.001537322998046875,0.001537322998046875,0.00016860003741401652
506,3549,Merged14:597967,Mirai,9.234078407287598,0.246880441904068,8.98719796538353,-0.02490234375,0.02490234375,0.00277086850049567
507,3625,Merged20:558123,Mirai,9.314589500427246,0.2729586362838745,9.041630864143372,-0.0038309097290039062,0.0038309097290039062,0.00042369676295857684
508,3630,Merged29:379186,Mirai,9.20993709564209,0.25421422719955444,8.955722868442535,-0.002208709716796875,0.002208709716796875,0.00024662550965927614
509,3781,Merged22:57037,Mirai,9.332097053527832,0.26260581612586975,9.069491237401962,-0.02347087860107422,0.02347087860107422,0.0025878936300508144
510,3808,Merged08:604864,Mirai,9.238607406616211,0.2611096501350403,8.97749775648117,0.008838653564453125,0.008838653564453125,0.0009845341991951144
511,4146,Merged22:642186,Mirai,9.221318244934082,0.30003681778907776,8.921281427145004,-0.00022029876708984375,0.00022029876708984375,2.469362376794159e-05
512,4238,Merged56:665300,Mirai,9.31784725189209,0.246880441904068,9.070966809988022,0.008229255676269531,0.008229255676269531,0.0009072082225246725
513,4318,Merged21:286940,Mirai,9.253917694091797,0.28162887692451477,8.972288817167282,0.01723480224609375,0.01723480224609375,0.001920892494356317
514,4515,Merged49:361781,Mirai,9.155475616455078,0.246880441904068,8.90859517455101,0.009062767028808594,0.009062767028808594,0.0010173059670168876
515,4575,Merged01:170510,Mirai,9.265795707702637,0.27102431654930115,8.994771391153336,0.010766983032226562,0.010766983032226562,0.0011970268686112755
516,4801,Merged41:208158,Mirai,8.98460578918457,0.27324116230010986,8.71136462688446,-0.03201866149902344,0.03201866149902344,0.003675504685019093
517,4802,Merged29:187117,Mirai,9.265854835510254,0.246880441904068,9.018974393606186,0.053544044494628906,0.053544044494628906,0.005936821877727898
518,4875,Merged49:322360,Mirai,9.266807556152344,0.26419636607170105,9.002611190080643,0.021112442016601562,0.021112442016601562,0.00234514648815045
519,4955,Merged53:263272,Mirai,9.209617614746094,0.27324116230010986,8.936376452445984,-0.03877735137939453,0.03877735137939453,0.004339270126515401
520,4982,Merged56:81843,Mirai,9.265660285949707,0.25421422719955444,9.011446058750153,0.012114524841308594,0.012114524841308594,0.0013443485942575596
521,4997,Merged11:34173,Mirai,9.194862365722656,0.2763395309448242,8.918522834777832,0.0030832290649414062,0.0030832290649414062,0.0003457107328265547
522,5153,Merged20:701733,Mirai,8.902168273925781,0.28305453062057495,8.619113743305206,-0.009293556213378906,0.009293556213378906,0.001078249631013115
523,5224,Merged03:289282,Mirai,9.10369873046875,0.2774982154369354,8.826200515031815,-0.01966094970703125,0.01966094970703125,0.0022275666266075513
524,5248,Merged44:235005,Mirai,9.279423713684082,0.246880441904068,9.032543271780014,0.008654594421386719,0.008654594421386719,0.0009581569842489319
525,5262,Merged53:24114,Mirai,9.29940128326416,0.25421422719955444,9.045187056064606,0.019544601440429688,0.019544601440429688,0.0021607736047122923
526,5278,Merged50:234557,Mirai,9.156773567199707,0.2763395309448242,8.880434036254883,-0.014058113098144531,0.014058113098144531,0.0015830434684556494
527,5291,Merged30:677586,Mirai,9.136953353881836,0.25421422719955444,8.882739126682281,0.03278064727783203,0.03278064727783203,0.0036903759989263198
528,5507,Merged39:28422,Mirai,9.265074729919434,0.246880441904068,9.018194288015366,0.01591205596923828,0.01591205596923828,0.0017644392503701589
529,5527,Merged28:490717,Mirai,9.259639739990234,0.25421422719955444,9.00542551279068,-0.01922321319580078,0.01922321319580078,0.00213462575072077
530,5568,Merged53:187968,Mirai,9.152518272399902,0.2763395309448242,8.876178741455078,0.012212753295898438,0.012212753295898438,0.0013759021366773865
531,5600,Merged26:139412,Mirai,9.292381286621094,0.25421422719955444,9.03816705942154,-0.01624298095703125,0.01624298095703125,0.0017971543179321177
532,5757,Merged01:569395,Mirai,9.27664566040039,0.2611096501350403,9.01553601026535,-0.003704071044921875,0.003704071044921875,0.00041085422327683153
533,5790,Merged10:721386,Mirai,9.285640716552734,0.246880441904068,9.038760274648666,0.026717185974121094,0.026717185974121094,0.002955846284479492
534,5804,Merged61:69977,Mirai,9.186105728149414,0.28305453062057495,8.903051197528839,-0.019388198852539062,0.019388198852539062,0.0021777027248726273
535,5819,Merged02:300122,Mirai,9.088162422180176,0.2778901755809784,8.810272246599197,0.013941764831542969,0.013941764831542969,0.0015824442697471182
536,5825,Merged13:408124,Mirai,9.31502628326416,0.25421422719955444,9.060812056064606,0.021913528442382812,0.021913528442382812,0.0024184949766964422
537,5860,Merged10:650780,Mirai,9.27054214477539,0.27102431654930115,8.99951782822609,0.02080821990966797,0.02080821990966797,0.002312148306924296
538,5937,Merged23:560182,Mirai,9.313298225402832,0.25421422719955444,9.059083998203278,0.015478134155273438,0.015478134155273438,0.001708576072188234
539,5974,Merged08:391766,Mirai,9.344970703125,0.2611096501350403,9.08386105298996,-0.0001697540283203125,0.0001697540283203125,1.8687431184830576e-05
540,5985,Merged15:20343,Mirai,9.123031616210938,0.246880441904068,8.87615117430687,0.05951881408691406,0.05951881408691406,0.006705475483472918
541,6000,Merged14:388459,Mirai,9.172313690185547,0.28162887692451477,8.890684813261032,-0.014615058898925781,0.014615058898925781,0.0016438619977986932
542,6132,Merged36:321391,Mirai,9.220151901245117,0.28305453062057495,8.937097370624542,-0.0054874420166015625,0.0054874420166015625,0.0006140071870133478
543,6157,Merged11:163365,Mirai,9.267169952392578,0.27102431654930115,8.996145635843277,0.012173652648925781,0.012173652648925781,0.001353207600421939
544,6258,Merged60:268639,Mirai,9.29193115234375,0.246880441904068,9.045050710439682,0.03794097900390625,0.03794097900390625,0.004194667362131564
545,6301,Merged28:81247,Mirai,9.31212043762207,0.25421422719955444,9.057906210422516,-0.02894878387451172,0.02894878387451172,0.0031959686048859378
546,6334,Merged13:270326,Mirai,9.259106636047363,0.2611096501350403,8.997996985912323,0.005893707275390625,0.005893707275390625,0.0006550021393225718
547,6374,Merged62:454331,Mirai,9.214062690734863,0.28819626569747925,8.925866425037384,-0.0021314620971679688,0.0021314620971679688,0.0002387961006439822
548,6429,Merged39:627561,Mirai,9.019397735595703,0.26689887046813965,8.752498865127563,-0.010979652404785156,0.010979652404785156,0.0012544591634888642
549,6512,Merged26:728804,Mirai,9.219749450683594,0.2763395309448242,8.94340991973877,0.0255584716796875,0.0255584716796875,0.002857799419802737
550,6541,Merged46:270379,Mirai,9.172919273376465,0.30003681778907776,8.872882455587387,0.025493621826171875,0.025493621826171875,0.002873206306268394
551,6712,Merged63:247657,Mirai,9.326493263244629,0.246880441904068,9.079612821340561,0.023406982421875,0.023406982421875,0.002577971427026012
552,6760,Merged08:417011,Mirai,9.370598793029785,0.26391056180000305,9.106688231229782,-0.0005807876586914062,0.0005807876586914062,6.377594619959618e-05
553,6883,Merged50:283966,Mirai,9.274383544921875,0.27324116230010986,9.001142382621765,0.015006065368652344,0.015006065368652344,0.0016671289854967857
554,6909,Merged61:319229,Mirai,9.132887840270996,0.25421422719955444,8.878673613071442,-0.011810302734375,0.011810302734375,0.0013301877340087746
555,6918,Merged60:505826,Mirai,9.17216682434082,0.28305453062057495,8.889112293720245,0.009624481201171875,0.009624481201171875,0.001082726922908954
556,6933,Merged03:43449,Mirai,9.235465049743652,0.27324116230010986,8.962223887443542,0.0014028549194335938,0.0014028549194335938,0.00015652977844026562
557,6948,Merged39:326906,Mirai,8.964996337890625,0.28744399547576904,8.677552342414856,0.001316070556640625,0.001316070556640625,0.00015166379927296166
558,7063,Merged45:526425,Mirai,9.237927436828613,0.25421422719955444,8.983713209629059,0.006014823913574219,0.006014823913574219,0.0006695253703254151
559,7202,Merged02:698731,Mirai,9.284307479858398,0.2611096501350403,9.023197829723358,0.004223823547363281,0.004223823547363281,0.0004681071641197497
560,7619,Merged10:665132,Mirai,9.286331176757812,0.26419636607170105,9.022134810686111,0.010651588439941406,0.010651588439941406,0.0011806062160948112
561,7624,Merged48:297130,Mirai,9.292015075683594,0.246880441904068,9.045134633779526,0.008707046508789062,0.008707046508789062,0.0009626221014192696
562,7650,Merged62:610494,Mirai,9.28160572052002,0.2611096501350403,9.02049607038498,0.0043239593505859375,0.0043239593505859375,0.00047934828825898465
563,7664,Merged26:788929,Mirai,9.242526054382324,0.246880441904068,8.995645612478256,0.010736465454101562,0.010736465454101562,0.0011935180549140952
564,7961,Merged23:576545,Mirai,9.052781105041504,0.28305453062057495,8.769726574420929,-0.03551292419433594,0.03551292419433594,0.004049490470765433
565,7978,Merged20:280969,Mirai,9.202621459960938,0.27824676036834717,8.92437469959259,0.01664447784423828,0.01664447784423828,0.001865058158640305
566,8001,Merged62:401157,Mirai,9.260315895080566,0.27824676036834717,8.98206913471222,-0.02173900604248047,0.02173900604248047,0.0024202670583404473
567,8150,Merged19:635428,Mirai,9.265597343444824,0.28744399547576904,8.978153347969055,-0.01900005340576172,0.01900005340576172,0.0021162540524059677
568,8215,Merged11:648185,Mirai,9.292407035827637,0.26419636607170105,9.028210669755936,0.047308921813964844,0.047308921813964844,0.0052401216081994426
569,8260,Merged06:688090,Mirai,9.266865730285645,0.2611096501350403,9.005756080150604,-0.008425712585449219,0.008425712585449219,0.0009355919159325393
570,8365,Merged25:467326,Mirai,9.256620407104492,0.26419636607170105,8.992424041032791,0.020386695861816406,0.020386695861816406,0.0022670968104696906
571,8379,Merged14:858925,Mirai,9.239828109741211,0.2840173542499542,8.955810755491257,-0.009776115417480469,0.009776115417480469,0.0010915946846561315
572,8512,Merged09:389711,Mirai,9.161482810974121,0.2763395309448242,8.885143280029297,-0.034613609313964844,0.034613609313964844,0.003895672610228376
573,228,Merged14:895328,Recon,5.392013072967529,-2.1749298572540283,7.566942930221558,-0.009973526000976562,0.009973526000976562,0.0013180390142951085
574,348,Merged02:91863,Recon,3.070056676864624,-2.1610586643218994,5.231115341186523,0.03481769561767578,0.03481769561767578,0.006655883754568184
575,376,Merged26:293292,Recon,3.895864963531494,-2.158979654312134,6.054844617843628,0.10704851150512695,0.10704851150512695,0.01767981149997722
576,538,Merged47:137851,Recon,2.791199207305908,-2.1570119857788086,4.948211193084717,-0.022806644439697266,0.022806644439697266,0.004609068519866387
577,610,Merged56:639297,Recon,3.351259469985962,-2.1550018787384033,5.506261348724365,0.020325660705566406,0.020325660705566406,0.003691372315677542
578,612,Merged11:370701,Recon,2.4016129970550537,-2.1743814945220947,4.575994491577148,-0.01767110824584961,0.01767110824584961,0.0038616978841159266
579,632,Merged14:662807,Recon,5.698155879974365,-2.1743814945220947,7.87253737449646,0.016314029693603516,0.016314029693603516,0.002072270847065618
580,653,Merged15:349592,Recon,3.7114837169647217,-2.1550018787384033,5.866485595703125,-0.005486488342285156,0.005486488342285156,0.0009352257416780677
581,658,Merged60:493038,Recon,6.030144214630127,-2.145514726638794,8.175658941268921,-0.0073947906494140625,0.0073947906494140625,0.000904488641531607
582,771,Merged01:165273,Recon,1.9230290651321411,-2.1570119857788086,4.08004105091095,0.07642412185668945,0.07642412185668945,0.01873121395178763
583,921,Merged29:21046,Recon,2.939168691635132,-2.155026435852051,5.094195127487183,0.015598297119140625,0.015598297119140625,0.0030619748024522195
584,928,Merged58:572665,Recon,2.4756574630737305,-2.161921977996826,4.637579441070557,-0.018138885498046875,0.018138885498046875,0.003911282971760722
585,999,Merged39:585920,Recon,5.6020097732543945,-2.176252841949463,7.778262615203857,0.07355403900146484,0.07355403900146484,0.009456358397785608
586,1023,Merged35:565644,Recon,2.5648696422576904,-2.1570119857788086,4.721881628036499,0.0028247833251953125,0.0028247833251953125,0.0005982325580596867
587,1295,Merged44:372681,Recon,3.5837857723236084,-2.157496690750122,5.7412824630737305,0.0033788681030273438,0.0033788681030273438,0.00058852148884143
588,1319,Merged26:696346,Recon,4.06594705581665,-2.166062831878662,6.2320098876953125,0.21139812469482422,0.21139812469482422,0.03392133974501801
589,1500,Merged14:154163,Recon,2.862611770629883,-2.1570119857788086,5.019623756408691,-0.012112140655517578,0.012112140655517578,0.0024129578716041568
590,1586,Merged61:691795,Recon,3.2640366554260254,-2.1570119857788086,5.421048641204834,-0.05413341522216797,0.05413341522216797,0.009985782973926011
591,1603,Merged16:234524,Recon,3.1648473739624023,-2.1749298572540283,5.339777231216431,-0.03919792175292969,0.03919792175292969,0.007340741018890817
592,1625,Merged32:672710,Recon,5.889336585998535,-2.163630723953247,8.052967309951782,-0.008746147155761719,0.008746147155761719,0.0010860775685694528
593,1774,Merged58:692627,Recon,5.706772804260254,-2.176252841949463,7.883025646209717,-0.014396190643310547,0.014396190643310547,0.0018262265390741768
594,1801,Merged28:524346,Recon,1.8157899379730225,-2.1610586643218994,3.976848602294922,0.04802703857421875,0.04802703857421875,0.012076657518846396
595,1819,Merged14:804180,Recon,6.058862686157227,-2.1494569778442383,8.208319664001465,-0.024114608764648438,0.024114608764648438,0.0029378252494729027
596,1919,Merged42:753500,Recon,3.669562339782715,-2.161921977996826,5.831484317779541,0.01879262924194336,0.01879262924194336,0.003222615069828233
597,1944,Merged33:722804,Recon,3.513596296310425,-2.1570119857788086,5.670608282089233,-0.02219390869140625,0.02219390869140625,0.003913849729579506
598,1961,Merged05:236760,Recon,3.9156103134155273,-2.1550018787384033,6.070612192153931,-0.000446319580078125,0.000446319580078125,7.352134610986657e-05
599,1988,Merged10:123983,Recon,5.982998847961426,-2.163597345352173,8.146596193313599,-0.009900093078613281,0.009900093078613281,0.0012152428871752454
600,2033,Merged34:256488,Recon,4.300278663635254,-2.153502941131592,6.453781604766846,-0.037663936614990234,0.037663936614990234,0.005835948428619148
601,2047,Merged02:232576,Recon,6.121882438659668,-2.1248512268066406,8.246733665466309,0.04030799865722656,0.04030799865722656,0.004887753175056292
602,2082,Merged57:83961,Recon,5.647744655609131,-2.157496690750122,7.805241346359253,-0.009320259094238281,0.009320259094238281,0.001194102613955135
603,2214,Merged44:644544,Recon,5.945772647857666,-2.182008743286133,8.127781391143799,-0.0908803939819336,0.0908803939819336,0.011181451568192863
604,2265,Merged26:600445,Recon,4.033400535583496,-2.161921977996826,6.195322513580322,0.010103225708007812,0.010103225708007812,0.001630782850426472
605,2280,Merged31:535194,Recon,2.045360803604126,-2.1610586643218994,4.206419467926025,0.01642608642578125,0.01642608642578125,0.0039050043751057786
606,2325,Merged50:43108,Recon,6.2999796867370605,-2.1242916584014893,8.42427134513855,0.019315719604492188,0.019315719604492188,0.002292865318926228
607,2379,Merged21:394918,Recon,4.376772880554199,-2.177414655685425,6.554187536239624,0.018451213836669922,0.018451213836669922,0.0028151794153964743
608,2455,Merged28:408882,Recon,3.5002448558807373,-2.157496690750122,5.657741546630859,-0.005770206451416016,0.005770206451416016,0.0010198780562629497
609,2486,Merged45:307359,Recon,3.5049386024475098,-2.1626687049865723,5.667607307434082,0.004857540130615234,0.004857540130615234,0.00085707069440815
610,2508,Merged16:544635,Recon,6.035061836242676,-2.129086494445801,8.164148330688477,-0.006834983825683594,0.006834983825683594,0.0008371949588411269
611,2616,Merged05:206584,Recon,2.023132801055908,-2.1550018787384033,4.1781346797943115,-0.015245914459228516,0.015245914459228516,0.003648976308245542
612,2707,Merged30:657491,Recon,5.712152004241943,-2.166062831878662,7.8782148361206055,0.08126258850097656,0.08126258850097656,0.010314847994294088
613,2837,Merged35:587461,Recon,5.762960910797119,-2.163597345352173,7.926558256149292,0.11765766143798828,0.11765766143798828,0.014843474006730655
614,2976,Merged59:588814,Recon,3.016986131668091,-2.158979654312134,5.175965785980225,0.03829479217529297,0.03829479217529297,0.007398579078520841
615,3192,Merged44:235038,Recon,3.7985339164733887,-2.161921977996826,5.960455894470215,0.05871248245239258,0.05871248245239258,0.009850334184481226
616,3271,Merged04:33032,Recon,3.2207248210906982,-2.169776678085327,5.390501499176025,0.030557632446289062,0.030557632446289062,0.005668792124621429
617,3334,Merged61:166932,Recon,2.9575231075286865,-2.167214870452881,5.124737977981567,0.026298046112060547,0.026298046112060547,0.005131588429506071
618,3376,Merged07:166458,Recon,5.020777225494385,-2.1242916584014893,7.145068883895874,0.030739307403564453,0.030739307403564453,0.00430217089618928
619,3444,Merged13:227933,Recon,2.8125369548797607,-2.178011417388916,4.990548372268677,-0.01096487045288086,0.01096487045288086,0.002197127376584527
620,3636,Merged42:340601,Recon,4.34727668762207,-2.1580018997192383,6.505278587341309,-0.051541805267333984,0.051541805267333984,0.007923074250444822
621,3681,Merged42:654507,Recon,6.184544563293457,-2.142143964767456,8.326688528060913,0.06000995635986328,0.06000995635986328,0.007206941409856983
622,3727,Merged40:208759,Recon,4.369971752166748,-2.161921977996826,6.531893730163574,-0.005129337310791016,0.005129337310791016,0.0007852756830847224
623,3730,Merged16:454214,Recon,5.890297889709473,-2.142143964767456,8.032441854476929,-0.021566390991210938,0.021566390991210938,0.0026849109376609784
624,3750,Merged33:646215,Recon,3.546595335006714,-2.164639949798584,5.711235284805298,0.05183219909667969,0.05183219909667969,0.009075479561239386
625,3934,Merged54:495283,Recon,3.2768542766571045,-2.178011417388916,5.4548656940460205,-0.024673938751220703,0.024673938751220703,0.004523289872774004
626,4010,Merged61:426434,Recon,4.478158950805664,-2.158979654312134,6.637138605117798,-0.03234148025512695,0.03234148025512695,0.0048728047098773744
627,4303,Merged19:601996,Recon,1.9591861963272095,-2.177414655685425,4.136600852012634,0.00815439224243164,0.00815439224243164,0.0019712784806066503
628,4344,Merged41:151615,Recon,5.890440940856934,-2.176252841949463,8.066693782806396,0.02306365966796875,0.02306365966796875,0.002859121752845925
629,4444,Merged19:206101,Recon,3.737527370452881,-2.157496690750122,5.895024061203003,0.059316158294677734,0.059316158294677734,0.010062072296711378
630,4452,Merged16:616815,Recon,4.258898735046387,-2.169776678085327,6.428675413131714,-0.030097484588623047,0.030097484588623047,0.004681755206857011
631,4519,Merged36:91607,Recon,3.555884599685669,-2.177414655685425,5.733299255371094,0.02686309814453125,0.02686309814453125,0.004685451944509132
632,4588,Merged39:586247,Recon,6.404816627502441,-2.12904691696167,8.533863544464111,-0.019911766052246094,0.019911766052246094,0.002333265108880583
633,4708,Merged22:132359,Recon,4.910775661468506,-2.1169204711914062,7.027696132659912,-0.025344371795654297,0.025344371795654297,0.003606355670085256
634,4767,Merged48:494010,Recon,4.233886241912842,-2.164639949798584,6.398526191711426,0.037314414978027344,0.037314414978027344,0.005831720283705956
635,4809,Merged11:781342,Recon,5.00506067276001,-2.1743814945220947,7.1794421672821045,0.0005521774291992188,0.0005521774291992188,7.691090983580616e-05
636,4905,Merged27:715861,Recon,3.2997348308563232,-2.1610586643218994,5.460793495178223,0.042928218841552734,0.042928218841552734,0.007861168689029816
637,4916,Merged22:505074,Recon,5.921272277832031,-2.1494569778442383,8.07072925567627,-0.018497467041015625,0.018497467041015625,0.0022919201543040325
638,5117,Merged26:427315,Recon,3.9369075298309326,-2.1688215732574463,6.105729103088379,-0.027101516723632812,0.027101516723632812,0.004438702776696139
639,5188,Merged16:710199,Recon,5.229737281799316,-2.1718270778656006,7.401564359664917,0.06174516677856445,0.06174516677856445,0.008342177920528111
640,5216,Merged30:636547,Recon,5.92808198928833,-2.1494569778442383,8.077538967132568,0.1471405029296875,0.1471405029296875,0.01821600657432924
641,5295,Merged44:340544,Recon,3.4135031700134277,-2.164639949798584,5.578143119812012,-0.08849477767944336,0.08849477767944336,0.015864558470207502
642,5315,Merged35:48572,Recon,2.1115736961364746,-2.169776678085327,4.281350374221802,-0.07098770141601562,0.07098770141601562,0.016580680208617284
643,5416,Merged42:233095,Recon,5.894029140472412,-2.154910087585449,8.048939228057861,0.028036117553710938,0.028036117553710938,0.003483206514465858
644,5453,Merged18:663877,Recon,3.5172431468963623,-2.164639949798584,5.681883096694946,-0.009580135345458984,0.009580135345458984,0.0016860845572538414
645,5500,Merged53:873856,Recon,2.403177499771118,-2.178011417388916,4.581188917160034,-0.00858449935913086,0.00858449935913086,0.0018738584053967706
646,5561,Merged22:685219,Recon,2.36572003364563,-2.164639949798584,4.530359983444214,0.013317108154296875,0.013317108154296875,0.002939525380535549
647,5576,Merged20:138190,Recon,4.440439701080322,-2.164639949798584,6.605079650878906,-0.0455632209777832,0.0455632209777832,0.006898209164172657
648,5621,Merged18:11681,Recon,6.403746604919434,-2.1335315704345703,8.537278175354004,0.02575397491455078,0.02575397491455078,0.003016649379997844
649,5869,Merged57:380383,Recon,6.0279860496521,-2.1494569778442383,8.177443027496338,0.04301929473876953,0.04301929473876953,0.005260726928224239
650,5935,Merged34:102357,Recon,4.032834529876709,-2.164639949798584,6.197474479675293,0.006358623504638672,0.006358623504638672,0.001026002370077016
651,5948,Merged45:40869,Recon,3.3027184009552,-2.161921977996826,5.464640378952026,-0.04538726806640625,0.04538726806640625,0.008305627620295542
652,5989,Merged41:188237,Recon,4.058594226837158,-2.161921977996826,6.220516204833984,-0.06688642501831055,0.06688642501831055,0.010752552170241575
653,5990,Merged11:227525,Recon,6.312436103820801,-2.144890308380127,8.457326412200928,-0.03265094757080078,0.03265094757080078,0.003860670143190527
654,5999,Merged60:447769,Recon,2.788667678833008,-2.1570119857788086,4.945679664611816,-0.00778961181640625,0.00778961181640625,0.0015750336343341906
655,6012,Merged15:396948,Recon,5.654261589050293,-2.1743814945220947,7.828643083572388,-0.049063682556152344,0.049063682556152344,0.006267201356912988
656,6058,Merged45:255053,Recon,6.129230499267578,-2.145514726638794,8.274745225906372,-0.0077953338623046875,0.0077953338623046875,0.0009420633082332547
657,6071,Merged42:194136,Recon,4.555844306945801,-2.157496690750122,6.713340997695923,-0.023395538330078125,0.023395538330078125,0.0034849322175214514
658,6092,Merged01:27472,Recon,3.1250433921813965,-2.1610586643218994,5.286102056503296,-0.0653982162475586,0.0653982162475586,0.012371727891084053
659,6342,Merged35:514151,Recon,3.8124446868896484,-2.1610586643218994,5.973503351211548,0.010993003845214844,0.010993003845214844,0.0018402942459193965
660,6428,Merged02:567038,Recon,4.5904622077941895,-2.1749298572540283,6.765392065048218,-0.006453037261962891,0.006453037261962891,0.0009538304949540126
661,6431,Merged23:45697,Recon,2.7629051208496094,-2.1610586643218994,4.923963785171509,0.06822490692138672,0.06822490692138672,0.013855688201210104
662,6538,Merged07:503252,Recon,4.449113368988037,-2.159851551055908,6.608964920043945,0.07211875915527344,0.07211875915527344,0.010912262362983444
663,6539,Merged17:29386,Recon,3.2973170280456543,-2.161921977996826,5.4592390060424805,0.04598045349121094,0.04598045349121094,0.008422502374473463
664,6606,Merged41:644929,Recon,4.959516525268555,-2.164639949798584,7.124156475067139,0.017519474029541016,0.017519474029541016,0.002459164687195604
665,6635,Merged14:853403,Recon,3.456941843032837,-2.157496690750122,5.614438533782959,0.039513587951660156,0.039513587951660156,0.007037852086882898
666,6661,Merged26:878348,Recon,3.79689621925354,-2.166062831878662,5.962959051132202,-0.06596946716308594,0.06596946716308594,0.011063209825423864
667,6676,Merged13:121063,Recon,5.492916584014893,-2.182008743286133,7.674925327301025,0.0059185028076171875,0.0059185028076171875,0.000771147933721786
668,6693,Merged60:431586,Recon,6.160999774932861,-2.145514726638794,8.306514501571655,-0.11059188842773438,0.11059188842773438,0.013313874117333998
669,6700,Merged37:524189,Recon,2.9549293518066406,-2.1580018997192383,5.112931251525879,0.006866455078125,0.006866455078125,0.0013429586161706765
670,6812,Merged12:714127,Recon,6.014894962310791,-2.145514726638794,8.160409688949585,0.02683544158935547,0.02683544158935547,0.0032884919522722825
671,6840,Merged34:434351,Recon,6.15992546081543,-2.160635471343994,8.320560932159424,-0.02884960174560547,0.02884960174560547,0.003467266447638185
672,7327,Merged28:485605,Recon,5.055151462554932,-2.160635471343994,7.215786933898926,-0.048116207122802734,0.048116207122802734,0.006668185682805905
673,7349,Merged35:150580,Recon,3.6251275539398193,-2.166062831878662,5.7911903858184814,-0.10518074035644531,0.10518074035644531,0.018162196949009456
674,7392,Merged42:841496,Recon,3.944850206375122,-2.1610586643218994,6.1059088706970215,0.0347137451171875,0.0347137451171875,0.005685270752038713
675,7529,Merged60:276386,Recon,6.272752285003662,-2.1458187103271484,8.41857099533081,0.040378570556640625,0.040378570556640625,0.004796368716143842
676,7536,Merged41:492589,Recon,4.922383785247803,-2.160635471343994,7.083019256591797,-0.021874427795410156,0.021874427795410156,0.0030882914478952976
677,7633,Merged21:3294,Recon,4.820643901824951,-2.178011417388916,6.998655319213867,-0.026984214782714844,0.026984214782714844,0.0038556284817503885
678,7674,Merged16:646084,Recon,6.006122589111328,-2.1458187103271484,8.151941299438477,-0.005969047546386719,0.005969047546386719,0.0007322240589242074
679,7713,Merged08:358403,Recon,2.973127603530884,-2.164639949798584,5.137767553329468,0.05975484848022461,0.05975484848022461,0.011630508359900635
680,7747,Merged02:443004,Recon,4.918774604797363,-2.178011417388916,7.096786022186279,-0.025224685668945312,0.025224685668945312,0.0035543816017682946
681,7830,Merged03:307917,Recon,3.6477444171905518,-2.1610586643218994,5.808803081512451,0.00866842269897461,0.00866842269897461,0.0014922906797380352
682,7924,Merged40:482438,Recon,3.4350316524505615,-2.155026435852051,5.590058088302612,-0.055910587310791016,0.055910587310791016,0.010001790040033006
683,8012,Merged55:111878,Recon,3.1780529022216797,-2.182008743286133,5.3600616455078125,0.010619163513183594,0.010619163513183594,0.001981164437182053
684,8013,Merged08:386968,Recon,1.83893883228302,-2.157496690750122,3.996435523033142,-0.05153679847717285,0.05153679847717285,0.012895691217872667
685,8168,Merged03:569307,Recon,2.643216133117676,-2.153502941131592,4.796719074249268,0.029872894287109375,0.029872894287109375,0.006227776491535471
686,8203,Merged12:763545,Recon,4.472960948944092,-2.167214870452881,6.640175819396973,-0.00036716461181640625,0.00036716461181640625,5.529441114252759e-05
687,8389,Merged25:278178,Recon,4.108975410461426,-2.1550018787384033,6.263977289199829,0.04328632354736328,0.04328632354736328,0.006910357676742591
688,8402,Merged62:76459,Recon,4.134110450744629,-2.1570119857788086,6.2911224365234375,0.033895015716552734,0.033895015716552734,0.005387753307704435
689,8474,Merged03:552721,Recon,2.847353935241699,-2.1610586643218994,5.008412599563599,0.057991981506347656,0.057991981506347656,0.011578914546976564
690,8537,Merged22:677944,Recon,3.316187620162964,-2.1683542728424072,5.484541893005371,0.05902814865112305,0.05902814865112305,0.010762639761472825
691,8544,Merged15:394478,Recon,3.3498177528381348,-2.1550018787384033,5.504819631576538,0.003973960876464844,0.003973960876464844,0.0007219057375957534
692,8559,Merged12:305122,Recon,3.0516464710235596,-2.1610586643218994,5.212705135345459,-0.0050983428955078125,0.0050983428955078125,0.0009780608653533465
693,86,Merged31:542494,Spoofing,6.808644771575928,-2.5865275859832764,9.395172357559204,-0.014308929443359375,0.014308929443359375,0.0015230087217981308
694,131,Merged18:538896,Spoofing,2.470411777496338,-2.567293405532837,5.037705183029175,0.08340311050415039,0.08340311050415039,0.01655577440004142
695,138,Merged62:222525,Spoofing,4.746495723724365,-2.5679430961608887,7.314438819885254,-0.06500244140625,0.06500244140625,0.008886866512511173
696,195,Merged30:425153,Spoofing,6.915527820587158,-2.552464723587036,9.467992544174194,-0.030221939086914062,0.030221939086914062,0.00319201128918401
697,253,Merged54:339738,Spoofing,6.834878444671631,-2.567945957183838,9.402824401855469,0.22767353057861328,0.22767353057861328,0.024213313026848215
698,273,Merged56:211322,Spoofing,6.931829452514648,-2.568765878677368,9.500595331192017,-0.0032644271850585938,0.0032644271850585938,0.00034360238187821165
699,337,Merged17:711136,Spoofing,6.623773097991943,-2.5865275859832764,9.21030068397522,0.050319671630859375,0.050319671630859375,0.0054634124723429885
700,354,Merged33:18582,Spoofing,6.699905872344971,-2.5754785537719727,9.275384426116943,0.045970916748046875,0.045970916748046875,0.004956227649023944
701,478,Merged19:492825,Spoofing,6.849959850311279,-2.5679430961608887,9.417902946472168,0.09959220886230469,0.09959220886230469,0.010574775449306443
702,543,Merged01:338332,Spoofing,6.7811384201049805,-2.574721097946167,9.355859518051147,0.08846473693847656,0.08846473693847656,0.009455543530532193
703,560,Merged50:364803,Spoofing,6.87661075592041,-2.5865275859832764,9.463138341903687,0.06399822235107422,0.06399822235107422,0.006762896201959126
704,561,Merged39:531154,Spoofing,3.081080675125122,-2.5622472763061523,5.643327951431274,0.04896354675292969,0.04896354675292969,0.00867636032751055
705,681,Merged24:296983,Spoofing,6.786620616912842,-2.57523775100708,9.361858367919922,-0.0018672943115234375,0.0018672943115234375,0.00019945765446762736
706,700,Merged56:735620,Spoofing,5.1427154541015625,-2.568765878677368,7.711481332778931,0.1172323226928711,0.1172323226928711,0.015202309080948644
707,906,Merged15:581421,Spoofing,6.916635036468506,-2.594322681427002,9.510957717895508,0.06668853759765625,0.06668853759765625,0.007011758392341212
708,963,Merged19:404829,Spoofing,6.232094764709473,-2.566136360168457,8.79823112487793,-0.03486824035644531,0.03486824035644531,0.003963096656764526
709,966,Merged28:125382,Spoofing,6.891876220703125,-2.57523775100708,9.467113971710205,-0.24816131591796875,0.24816131591796875,0.026212984934957866
710,994,Merged46:376602,Spoofing,6.207482814788818,-2.594322681427002,8.80180549621582,-0.04854011535644531,0.04854011535644531,0.005514790729846765
711,1000,Merged32:536241,Spoofing,6.8465471267700195,-2.5754785537719727,9.422025680541992,0.01263427734375,0.01263427734375,0.0013409300475418812
712,1018,Merged40:383113,Spoofing,5.9527716636657715,-2.5726146697998047,8.525386333465576,-0.027503013610839844,0.027503013610839844,0.0032260137587993443
713,1042,Merged21:251498,Spoofing,5.945263862609863,-2.57523775100708,8.520501613616943,0.010931968688964844,0.010931968688964844,0.0012830193789875048
714,1074,Merged03:539237,Spoofing,6.438135147094727,-2.5679430961608887,9.006078243255615,-0.14289474487304688,0.14289474487304688,0.015866478284269462
715,1097,Merged09:532756,Spoofing,6.745217323303223,-2.568654775619507,9.31387209892273,-0.05442237854003906,0.05442237854003906,0.005843152875841372
716,1209,Merged25:557698,Spoofing,6.365114688873291,-2.5622472763061523,8.927361965179443,-0.0027370452880859375,0.0027370452880859375,0.0003065906029980181
717,1235,Merged45:517916,Spoofing,6.011208534240723,-2.5793962478637695,8.590604782104492,-0.07369041442871094,0.07369041442871094,0.00857802405043927
718,1476,Merged35:791146,Spoofing,6.825400352478027,-2.568162679672241,9.393563032150269,-0.039046287536621094,0.039046287536621094,0.004156706821786563
719,1532,Merged41:557464,Spoofing,6.214667320251465,-2.551138401031494,8.765805721282959,0.0950460433959961,0.0950460433959961,0.010842818836975684
720,1571,Merged53:536399,Spoofing,6.868389129638672,-2.5847089290618896,9.453098058700562,0.22060680389404297,0.22060680389404297,0.023336984608024677
721,1576,Merged02:256699,Spoofing,4.041680812835693,-2.5726146697998047,6.614295482635498,0.04967451095581055,0.04967451095581055,0.00751017415025092
722,1717,Merged57:120304,Spoofing,6.771449089050293,-2.5754785537719727,9.346927642822266,-0.003021240234375,0.003021240234375,0.00032323351049957943
723,1760,Merged44:306703,Spoofing,6.605387210845947,-2.5679430961608887,9.173330307006836,0.3877544403076172,0.3877544403076172,0.042269756711086695
724,1897,Merged42:315973,Spoofing,6.516916275024414,-2.568654775619507,9.085571050643921,0.03496265411376953,0.03496265411376953,0.003848151527172486
725,1916,Merged02:485391,Spoofing,6.9154953956604,-2.560471296310425,9.475966691970825,-0.0210113525390625,0.0210113525390625,0.0022173307718426063
726,2013,Merged60:298076,Spoofing,6.331234455108643,-2.5793962478637695,8.910630702972412,-0.017908096313476562,0.017908096313476562,0.002009745091052059
727,2038,Merged34:479689,Spoofing,6.677403450012207,-2.589869499206543,9.26727294921875,0.009394645690917969,0.009394645690917969,0.001013744360654658
728,2168,Merged61:185057,Spoofing,5.718298435211182,-2.557194232940674,8.275492668151855,-0.004626274108886719,0.004626274108886719,0.0005590330744525803
729,2174,Merged15:364863,Spoofing,6.979206562042236,-2.5923635959625244,9.57157015800476,-0.01713848114013672,0.01713848114013672,0.0017905610947022842
730,2337,Merged13:207767,Spoofing,6.700641632080078,-2.568654775619507,9.269296407699585,-0.21271038055419922,0.21271038055419922,0.022947845359385675
731,2341,Merged34:654730,Spoofing,6.398717880249023,-2.594322681427002,8.993040561676025,-0.09567451477050781,0.09567451477050781,0.010638728260409073
732,2527,Merged42:140920,Spoofing,6.524343490600586,-2.5641040802001953,9.088447570800781,-0.008892059326171875,0.008892059326171875,0.0009783914422018718
733,2533,Merged45:125376,Spoofing,6.673698425292969,-2.566136360168457,9.239834785461426,0.03801155090332031,0.03801155090332031,0.004113877767936958
734,2607,Merged35:4621,Spoofing,6.8594865798950195,-2.559067726135254,9.418554306030273,0.03425312042236328,0.03425312042236328,0.0036367704967664263
735,2663,Merged35:447766,Spoofing,6.5670366287231445,-2.5865275859832764,9.153564214706421,-0.017495155334472656,0.017495155334472656,0.001911294324713903
736,2695,Merged58:139083,Spoofing,6.627254962921143,-2.5569255352020264,9.184180498123169,0.004868507385253906,0.004868507385253906,0.0005300970931754672
737,2727,Merged34:458056,Spoofing,6.859439373016357,-2.5754785537719727,9.43491792678833,0.2464618682861328,0.2464618682861328,0.026122311841882555
738,2736,Merged11:452727,Spoofing,6.760490894317627,-2.5641040802001953,9.324594974517822,-0.05157470703125,0.05157470703125,0.0055310399188589895
739,2775,Merged45:415313,Spoofing,5.82774543762207,-2.551138401031494,8.378883838653564,-0.0080108642578125,0.0080108642578125,0.0009560777320789062
740,2785,Merged37:637826,Spoofing,6.503451824188232,-2.5865275859832764,9.089979410171509,0.09052562713623047,0.09052562713623047,0.009958837424310783
741,2889,Merged05:529622,Spoofing,6.709527969360352,-2.574721097946167,9.284249067306519,-0.09669113159179688,0.09669113159179688,0.010414534432546006
742,3098,Merged57:143200,Spoofing,6.684183120727539,-2.5923635959625244,9.276546716690063,-0.049628257751464844,0.049628257751464844,0.005349863399294404
743,3132,Merged42:856655,Spoofing,6.373040199279785,-2.568654775619507,8.941694974899292,-0.03560161590576172,0.03560161590576172,0.003981528782373019
744,3248,Merged03:293719,Spoofing,6.864983081817627,-2.574721097946167,9.439704179763794,0.042275428771972656,0.042275428771972656,0.004478469660373456
745,3566,Merged53:264341,Spoofing,5.088351249694824,-2.557194232940674,7.645545482635498,0.06176567077636719,0.06176567077636719,0.008078648007084502
746,3735,Merged07:83745,Spoofing,6.941107749938965,-2.568765878677368,9.509873628616333,0.06479740142822266,0.06479740142822266,0.006813697422144456
747,3817,Merged06:151010,Spoofing,6.9305291175842285,-2.568162679672241,9.49869179725647,-0.1129617691040039,0.1129617691040039,0.011892350179909084
748,3856,Merged05:725707,Spoofing,6.830082416534424,-2.5923635959625244,9.422446012496948,-0.011511802673339844,0.011511802673339844,0.001221742492137582
749,3902,Merged26:123691,Spoofing,6.141078948974609,-2.566136360168457,8.707215309143066,-0.0037384033203125,0.0037384033203125,0.00042934545518668476
750,4041,Merged37:522748,Spoofing,6.310515403747559,-2.567293405532837,8.877808809280396,0.0736684799194336,0.0736684799194336,0.008298047581563644
751,4051,Merged27:516329,Spoofing,6.28898286819458,-2.568654775619507,8.857637643814087,-0.04075336456298828,0.04075336456298828,0.0046009292998623885
752,4060,Merged15:408577,Spoofing,6.86140775680542,-2.5923635959625244,9.453771352767944,-0.06948471069335938,0.06948471069335938,0.007349946185552196
753,4216,Merged27:507747,Spoofing,6.7476677894592285,-2.5730843544006348,9.320752143859863,-0.09429168701171875,0.09429168701171875,0.010116317391170446
754,4409,Merged35:170525,Spoofing,6.536536693572998,-2.574721097946167,9.111257791519165,0.03807830810546875,0.03807830810546875,0.004179259217197471
755,4455,Merged10:129309,Spoofing,6.876614570617676,-2.568162679672241,9.444777250289917,-0.00044155120849609375,0.00044155120849609375,4.675083348128087e-05
756,4475,Merged40:678036,Spoofing,6.46419095993042,-2.5865275859832764,9.050718545913696,0.02383708953857422,0.02383708953857422,0.0026337234350676405
757,4672,Merged07:558999,Spoofing,6.636207580566406,-2.5679430961608887,9.204150676727295,-0.1726226806640625,0.1726226806640625,0.018754873396470913
758,4707,Merged42:276580,Spoofing,6.766659259796143,-2.5622472763061523,9.328906536102295,0.04692554473876953,0.04692554473876953,0.005030122722011476
759,4775,Merged03:105132,Spoofing,6.6328277587890625,-2.5641040802001953,9.196931838989258,0.03108501434326172,0.03108501434326172,0.0033799331002411733
760,4823,Merged16:678726,Spoofing,6.437637805938721,-2.589869499206543,9.027507305145264,0.08082389831542969,0.08082389831542969,0.008953069278533154
761,4833,Merged34:217058,Spoofing,6.511951923370361,-2.5730843544006348,9.085036277770996,-0.005743980407714844,0.005743980407714844,0.0006322462819184386
762,4871,Merged15:518564,Spoofing,6.502914905548096,-2.5793962478637695,9.082311153411865,0.009817123413085938,0.009817123413085938,0.001080905867158937
763,4895,Merged34:358000,Spoofing,6.863511562347412,-2.5847089290618896,9.448220491409302,-0.03601360321044922,0.03601360321044922,0.0038116810719218738
764,4992,Merged25:393917,Spoofing,6.91196346282959,-2.566136360168457,9.478099822998047,-0.27541542053222656,0.27541542053222656,0.029058083969948006
765,5004,Merged25:63069,Spoofing,4.492826461791992,-2.5923635959625244,7.085190057754517,0.02480792999267578,0.02480792999267578,0.003501378197402663
766,5028,Merged22:304257,Spoofing,4.351843357086182,-2.568654775619507,6.9204981327056885,-0.09876680374145508,0.09876680374145508,0.014271632163975527
767,5086,Merged13:190440,Spoofing,6.881582736968994,-2.594322681427002,9.475905418395996,0.06832122802734375,0.06832122802734375,0.007209994719312913
768,5105,Merged15:709956,Spoofing,6.646178245544434,-2.5865275859832764,9.23270583152771,0.008336067199707031,0.008336067199707031,0.0009028845228926443
769,5175,Merged28:217981,Spoofing,2.821733236312866,-2.551138401031494,5.37287163734436,0.051679134368896484,0.051679134368896484,0.009618531365927037
770,5298,Merged19:345486,Spoofing,5.840860366821289,-2.566136360168457,8.406996726989746,-0.029341697692871094,0.029341697692871094,0.003490152148944316
771,5302,Merged55:685702,Spoofing,6.450302600860596,-2.557584762573242,9.007887363433838,0.0219879150390625,0.0219879150390625,0.0024409624756542947
772,5418,Merged27:25562,Spoofing,2.5883917808532715,-2.5641040802001953,5.152495861053467,0.04327392578125,0.04327392578125,0.008398633778310753
773,5538,Merged03:277010,Spoofing,6.607110500335693,-2.589869499206543,9.196979999542236,0.048427581787109375,0.048427581787109375,0.005265596074963713
774,5565,Merged54:176141,Spoofing,6.660217761993408,-2.5730843544006348,9.233302116394043,-0.016480445861816406,0.016480445861816406,0.0017848918679434103
775,5613,Merged24:18050,Spoofing,6.985484600067139,-2.550069808959961,9.5355544090271,0.07999610900878906,0.07999610900878906,0.008389245719478933
776,5626,Merged42:18140,Spoofing,6.865940570831299,-2.5793962478637695,9.445336818695068,0.022894859313964844,0.022894859313964844,0.0024239325450680868
777,5796,Merged20:626495,Spoofing,6.632197856903076,-2.568162679672241,9.200360536575317,-0.08475017547607422,0.08475017547607422,0.009211614603488254
778,5850,Merged10:781538,Spoofing,6.186622619628906,-2.5847089290618896,8.771331548690796,-0.19591808319091797,0.19591808319091797,0.022336184888617123
779,5968,Merged39:509832,Spoofing,6.671646595001221,-2.5847089290618896,9.25635552406311,0.03525733947753906,0.03525733947753906,0.0038089871749073362
780,5986,Merged16:44669,Spoofing,6.875563621520996,-2.566136360168457,9.441699981689453,0.22881221771240234,0.22881221771240234,0.024234218218768245
781,6005,Merged13:273040,Spoofing,2.821733236312866,-2.551138401031494,5.37287163734436,0.051679134368896484,0.051679134368896484,0.009618531365927037
782,6024,Merged06:83074,Spoofing,5.766322135925293,-2.5641040802001953,8.330426216125488,0.03195476531982422,0.03195476531982422,0.0038359100111790556
783,6096,Merged25:52197,Spoofing,6.299553394317627,-2.558126449584961,8.857679843902588,-0.06956005096435547,0.06956005096435547,0.007853078028355125
784,6219,Merged41:466042,Spoofing,6.782367706298828,-2.567293405532837,9.349661111831665,-0.012853622436523438,0.012853622436523438,0.0013747688052840369
785,6232,Merged63:305902,Spoofing,6.8176188468933105,-2.567945957183838,9.385564804077148,-0.0056438446044921875,0.0056438446044921875,0.0006013324421392803
786,6242,Merged28:166304,Spoofing,6.6396565437316895,-2.568654775619507,9.208311319351196,0.042476654052734375,0.042476654052734375,0.004612860336668897
787,6378,Merged09:406477,Spoofing,2.8207473754882812,-2.551138401031494,5.371885776519775,0.004712581634521484,0.004712581634521484,0.0008772676543347079
788,6390,Merged16:137129,Spoofing,6.901519298553467,-2.568162679672241,9.469681978225708,-0.04254150390625,0.04254150390625,0.004492389924399638
789,6514,Merged10:868195,Spoofing,4.426602840423584,-2.5754785537719727,7.002081394195557,-0.03545427322387695,0.03545427322387695,0.005063390616005566
790,6576,Merged40:49304,Spoofing,6.884304046630859,-2.5754785537719727,9.459782600402832,-0.06490230560302734,0.06490230560302734,0.006860866506621787
791,6582,Merged01:109779,Spoofing,6.733832359313965,-2.5730843544006348,9.3069167137146,-0.015001296997070312,0.015001296997070312,0.0016118439069046915
792,6750,Merged16:382968,Spoofing,6.164933204650879,-2.568162679672241,8.73309588432312,0.06360244750976562,0.06360244750976562,0.007282921011315026
793,6793,Merged03:465386,Spoofing,6.594017028808594,-2.5569255352020264,9.15094256401062,-0.0246734619140625,0.0246734619140625,0.0026962754646827074
794,6921,Merged38:198943,Spoofing,2.5381338596343994,-2.551138401031494,5.0892722606658936,-0.06939125061035156,0.06939125061035156,0.013634808093617737
795,7102,Merged12:516556,Spoofing,6.307262897491455,-2.5847089290618896,8.891971826553345,0.001712799072265625,0.001712799072265625,0.0001926230880703915
796,7219,Merged05:589605,Spoofing,6.7855610847473145,-2.5923635959625244,9.377924680709839,0.008017539978027344,0.008017539978027344,0.0008549375529235405
797,7316,Merged42:191823,Spoofing,6.588613510131836,-2.568654775619507,9.157268285751343,0.027894973754882812,0.027894973754882812,0.0030462112591248675
798,7370,Merged46:79725,Spoofing,6.693028926849365,-2.57523775100708,9.268266677856445,0.0251007080078125,0.0251007080078125,0.002708241883866225
799,7477,Merged35:770527,Spoofing,6.0743727684021,-2.5793962478637695,8.65376901626587,-0.09932994842529297,0.09932994842529297,0.01147822968680925
800,7515,Merged54:376965,Spoofing,6.847827911376953,-2.592900514602661,9.440728425979614,0.056916236877441406,0.056916236877441406,0.006028797176372067
801,7519,Merged15:625973,Spoofing,6.93306827545166,-2.5622472763061523,9.495315551757812,0.11354541778564453,0.11354541778564453,0.01195804575074122
802,7678,Merged01:342994,Spoofing,6.6168293952941895,-2.568654775619507,9.185484170913696,-0.036911964416503906,0.036911964416503906,0.0040185104812860625
803,7880,Merged22:206252,Spoofing,6.942729949951172,-2.544492721557617,9.487222671508789,-0.041375160217285156,0.041375160217285156,0.004361145685084369
804,7958,Merged43:199597,Spoofing,6.58347225189209,-2.5730843544006348,9.156556606292725,0.06484317779541016,0.06484317779541016,0.007081611634536014
805,7993,Merged05:272148,Spoofing,4.40731954574585,-2.558126449584961,6.9654459953308105,-0.010058879852294922,0.010058879852294922,0.0014441113833970935
806,8067,Merged06:113192,Spoofing,4.774101734161377,-2.5923635959625244,7.366465330123901,-0.022344589233398438,0.022344589233398438,0.0030332850603428563
807,8093,Merged58:688582,Spoofing,6.672669410705566,-2.5847089290618896,9.257378339767456,0.11639118194580078,0.11639118194580078,0.012572801680343176
808,8137,Merged17:85323,Spoofing,5.30702543258667,-2.5793962478637695,7.8864216804504395,0.09210634231567383,0.09210634231567383,0.011679104421209835
809,8176,Merged43:450471,Spoofing,5.846334457397461,-2.5847089290618896,8.43104338645935,-0.020235061645507812,0.020235061645507812,0.0024000661268101485
810,8195,Merged06:616726,Spoofing,6.923456192016602,-2.5793962478637695,9.502852439880371,-0.08032417297363281,0.08032417297363281,0.008452638140158682
811,8334,Merged56:91489,Spoofing,3.110610008239746,-2.552464723587036,5.663074731826782,0.1821885108947754,0.1821885108947754,0.03217130614061408
812,8384,Merged20:617489,Spoofing,6.934943675994873,-2.550069808959961,9.485013484954834,-0.06398963928222656,0.06398963928222656,0.006746394128350706
813,16,Merged12:684839,Web,2.9576642513275146,-1.9492942094802856,4.9069584608078,0.012394428253173828,0.012394428253173828,0.002525888154988256
814,67,Merged12:539263,Web,3.9178667068481445,-1.9338464736938477,5.851713180541992,-0.0404047966003418,0.0404047966003418,0.006904780763126784
815,89,Merged38:647309,Web,4.770147800445557,-1.8996495008468628,6.669797301292419,-0.001811981201171875,0.001811981201171875,0.00027166960543475045
816,219,Merged27:38778,Web,4.761783599853516,-1.8996495008468628,6.661433100700378,-0.057941436767578125,0.057941436767578125,0.008698043783024138
817,268,Merged45:94150,Web,1.294211983680725,-1.9235044717788696,3.2177164554595947,-0.09641909599304199,0.09641909599304199,0.029965069118953865
818,757,Merged08:455187,Web,3.3114218711853027,-1.9302146434783936,5.241636514663696,-0.1430654525756836,0.1430654525756836,0.027294043029395882
819,902,Merged57:567519,Web,3.953331708908081,-1.934624195098877,5.887955904006958,-0.010697364807128906,0.010697364807128906,0.0018168214880564882
820,1122,Merged22:572474,Web,3.802889108657837,-1.9338464736938477,5.736735582351685,0.08909368515014648,0.08909368515014648,0.015530380278329637
821,1294,Merged46:57193,Web,2.8296475410461426,-1.9360675811767578,4.7657151222229,0.05718994140625,0.05718994140625,0.012000285358973484
822,1333,Merged09:24783,Web,4.3397955894470215,-1.90887451171875,6.2486701011657715,-0.1052556037902832,0.1052556037902832,0.016844480839314335
823,1432,Merged47:524032,Web,4.2734246253967285,-1.9443706274032593,6.217795252799988,-0.06766366958618164,0.06766366958618164,0.010882260807110276
824,1629,Merged41:22919,Web,3.2747058868408203,-1.9290237426757812,5.203729629516602,0.004290103912353516,0.004290103912353516,0.0008244286728540205
825,1787,Merged57:457285,Web,3.512360095977783,-1.9409713745117188,5.453331470489502,-0.0667867660522461,0.0667867660522461,0.012246966173551005
826,1830,Merged14:724900,Web,3.7875609397888184,-1.9301159381866455,5.717676877975464,0.02811431884765625,0.02811431884765625,0.00491708773469743
827,2104,Merged19:610191,Web,2.759176015853882,-1.9279648065567017,4.6871408224105835,0.027328968048095703,0.027328968048095703,0.0058306266194153925
828,2108,Merged32:24679,Web,2.2989044189453125,-1.9492942094802856,4.248198628425598,-0.044596195220947266,0.044596195220947266,0.010497671865563126
829,2128,Merged08:80973,Web,3.2933642864227295,-1.9302146434783936,5.223578929901123,-0.05239534378051758,0.05239534378051758,0.010030545050366333
830,2326,Merged22:75806,Web,3.3327786922454834,-1.9455486536026,5.2783273458480835,0.039383888244628906,0.039383888244628906,0.007461433454976633
831,2413,Merged06:313280,Web,4.332457542419434,-1.9443706274032593,6.276828169822693,0.010921955108642578,0.010921955108642578,0.001740043667461284
832,2445,Merged26:55330,Web,3.244757890701294,-1.942367434501648,5.187125325202942,-0.07638883590698242,0.07638883590698242,0.014726622380960841
833,2655,Merged32:703224,Web,2.936018466949463,-1.9302146434783936,4.8662331104278564,0.0004010200500488281,0.0004010200500488281,8.240872168443427e-05
834,2776,Merged37:686063,Web,3.4276304244995117,-1.9290237426757812,5.356654167175293,0.0156707763671875,0.0156707763671875,0.002925478456909814
835,2833,Merged41:352674,Web,4.768091201782227,-1.9119396209716797,6.680030822753906,0.00878286361694336,0.00878286361694336,0.0013147938759543838
836,2849,Merged17:78092,Web,4.498185634613037,-1.9240368604660034,6.4222224950790405,0.02645587921142578,0.02645587921142578,0.004119427383853069
837,3018,Merged18:387468,Web,2.8010199069976807,-1.9252519607543945,4.726271867752075,0.018603801727294922,0.018603801727294922,0.003936252980754432
838,3069,Merged24:6689,Web,1.5097506046295166,-1.9360675811767578,3.4458181858062744,0.00758814811706543,0.00758814811706543,0.0022021324712725395
839,3311,Merged36:584425,Web,3.70369029045105,-1.9409713745117188,5.6446616649627686,-0.04628324508666992,0.04628324508666992,0.008199471967284898
840,3319,Merged31:95400,Web,2.0014290809631348,-1.9235044717788696,3.9249335527420044,0.09151554107666016,0.09151554107666016,0.02331645615063377
841,3374,Merged25:398205,Web,2.7168335914611816,-1.9301159381866455,4.646949529647827,0.0498661994934082,0.0498661994934082,0.010730953537424658
842,3387,Merged08:139372,Web,3.7215001583099365,-1.942564845085144,5.664065003395081,0.05669689178466797,0.05669689178466797,0.01000992957366899
843,3540,Merged35:291895,Web,4.1993327140808105,-1.9492942094802856,6.148626923561096,-0.04990100860595703,0.04990100860595703,0.008115797108251919
844,3694,Merged26:764115,Web,4.476895809173584,-1.9375085830688477,6.414404392242432,0.04860877990722656,0.04860877990722656,0.007578066011243994
845,3724,Merged26:102218,Web,2.2237608432769775,-1.9301159381866455,4.153876781463623,0.09209728240966797,0.09209728240966797,0.02217140451075619
846,4028,Merged26:201044,Web,2.0902061462402344,-1.9253339767456055,4.01554012298584,0.01934528350830078,0.01934528350830078,0.004817604336105148
847,4176,Merged46:293867,Web,4.395818710327148,-1.9492942094802856,6.345112919807434,-0.021142005920410156,0.021142005920410156,0.003332014132390222
848,4457,Merged19:164049,Web,4.783483028411865,-1.90887451171875,6.692357540130615,0.008020877838134766,0.008020877838134766,0.0011985130486585182
849,4492,Merged59:178363,Web,2.032318592071533,-1.9414016008377075,3.9737201929092407,-0.03301262855529785,0.03301262855529785,0.008307738580639379
850,4742,Merged50:248753,Web,2.2167794704437256,-1.9414016008377075,4.158181071281433,0.02097320556640625,0.02097320556640625,0.005043841335159295
851,4769,Merged59:121296,Web,4.800913333892822,-1.8996495008468628,6.700562834739685,0.011709213256835938,0.011709213256835938,0.0017474969708706324
852,4925,Merged29:234597,Web,1.8482638597488403,-1.942367434501648,3.7906312942504883,-0.011608362197875977,0.011608362197875977,0.0030623823043626477
853,5003,Merged07:138514,Web,3.979001760482788,-1.9119396209716797,5.890941381454468,-0.020125865936279297,0.020125865936279297,0.0034164091327811242
854,5018,Merged11:679339,Web,3.5025854110717773,-1.9338464736938477,5.436431884765625,0.12226152420043945,0.12226152420043945,0.022489295698351307
855,5045,Merged28:362948,Web,3.129150152206421,-1.942367434501648,5.071517586708069,-0.01925945281982422,0.01925945281982422,0.003797571928036153
856,5118,Merged32:643176,Web,3.316690444946289,-1.9301159381866455,5.246806383132935,-0.034949302673339844,0.034949302673339844,0.006661062010157724
857,5227,Merged53:247060,Web,4.743836402893066,-1.8996495008468628,6.643485903739929,-0.0015535354614257812,0.0015535354614257812,0.00023384341954443274
858,5541,Merged49:130363,Web,3.0902581214904785,-1.9443706274032593,5.034628748893738,0.04007768630981445,0.04007768630981445,0.007960405485433409
859,5563,Merged53:546869,Web,2.570394992828369,-1.942367434501648,4.512762427330017,-0.027216434478759766,0.027216434478759766,0.0060309920845672375
860,5607,Merged06:510708,Web,2.6425232887268066,-1.9302146434783936,4.5727379322052,-0.15476369857788086,0.15476369857788086,0.033844865127279695
861,5924,Merged15:642389,Web,1.11478853225708,-1.9329482316970825,3.0477367639541626,-0.031867027282714844,0.031867027282714844,0.010455964458482386
862,5988,Merged54:426883,Web,2.7945024967193604,-1.9338464736938477,4.728348970413208,-0.0024089813232421875,0.0024089813232421875,0.0005094762121653783
863,6062,Merged48:601941,Web,2.4124596118927,-1.9290237426757812,4.3414833545684814,-0.07816362380981445,0.07816362380981445,0.018003898074966468
864,6227,Merged29:454304,Web,2.152130126953125,-1.9414016008377075,4.0935317277908325,-0.0006279945373535156,0.0006279945373535156,0.00015341142541783282
865,6463,Merged40:482111,Web,2.931112766265869,-1.9267796277999878,4.857892394065857,-0.19905853271484375,0.19905853271484375,0.040976315769777664
866,6598,Merged39:314272,Web,3.0481293201446533,-1.9301159381866455,4.978245258331299,0.035924434661865234,0.035924434661865234,0.007216284613889646
867,6862,Merged39:398772,Web,4.056358814239502,-1.9290237426757812,5.985382556915283,-0.019614219665527344,0.019614219665527344,0.0032770202203476237
868,7082,Merged46:597365,Web,2.946429967880249,-1.9409713745117188,4.887401342391968,-0.20283985137939453,0.20283985137939453,0.04150259763200082
869,7112,Merged62:659413,Web,2.2891621589660645,-1.9302146434783936,4.219376802444458,-0.0674142837524414,0.0674142837524414,0.015977308239782127
870,7615,Merged58:689805,Web,2.9007110595703125,-1.942367434501648,4.8430784940719604,0.08218145370483398,0.08218145370483398,0.01696884611831627
871,7811,Merged23:638225,Web,3.2367351055145264,-1.9375085830688477,5.174243688583374,-0.0952005386352539,0.0952005386352539,0.018398928300440813
872,7849,Merged17:329476,Web,2.851862907409668,-1.9414016008377075,4.7932645082473755,-0.04923582077026367,0.04923582077026367,0.010271876439438643
873,7970,Merged43:677002,Web,2.021749973297119,-1.9290237426757812,3.9507737159729004,0.10710668563842773,0.10710668563842773,0.027110306319341325
874,8009,Merged53:245072,Web,3.652184247970581,-1.9253339767456055,5.5775182247161865,0.025118350982666016,0.025118350982666016,0.004503499580038426
875,8145,Merged37:503050,Web,2.2421960830688477,-1.9409713745117188,4.183167457580566,0.0016102790832519531,0.0016102790832519531,0.0003849425344744138
876,8180,Merged13:664106,Web,2.5647246837615967,-1.9253339767456055,4.490058660507202,-0.018079757690429688,0.018079757690429688,0.004026619484830378
877,8194,Merged46:536225,Web,2.535844087600708,-1.9301159381866455,4.4659600257873535,0.054071903228759766,0.054071903228759766,0.01210756543196484
878,8294,Merged16:242460,Web,2.2486495971679688,-1.9301159381866455,4.178765535354614,0.0014204978942871094,0.0014204978942871094,0.0003399324231687396
879,8448,Merged22:321403,Web,4.327981948852539,-1.934624195098877,6.262606143951416,0.01982879638671875,0.01982879638671875,0.0031662212074233514
